Time (s),PRESSURE_FORCE_X,PRESSURE_FORCE_Y,PRESSURE_FORCE_Z,TOTAL_FORCE_X,TOTAL_FORCE_Y,TOTAL_FORCE_Z,VISCOUS_FORCE_X,VISCOUS_FORCE_Y,VISCOUS_FORCE_Z
"                   1",1.789631769207e-02,4.621361470659e-03,-1.205085649776e-02,1.804666602714e-02,4.641623221728e-03,-1.205076792705e-02,1.503483350719e-04,2.026175106876e-05,8.857071255974e-08
"                   2",1.119613366065e+00,-7.650727150553e-02,-2.394540647571e-01,1.670887847247e+00,-1.213415741728e-01,-2.389534116389e-01,5.512744811812e-01,-4.483430266729e-02,5.006531182630e-04
"                   3",2.388609309611e+00,5.272233858622e-02,7.946650225205e+00,2.921496922711e+00,1.210647552007e-02,7.948121178075e+00,5.328876131003e-01,-4.061586306615e-02,1.470952870092e-03
"                   4",1.665008532501e+00,5.334889956619e-01,3.878444195883e+00,2.248108880248e+00,4.862425629312e-01,3.881840470539e+00,5.831003477476e-01,-4.724643273071e-02,3.396274656208e-03
"                   5",1.091169241330e+00,9.906540622020e-01,-2.532627757056e-01,1.664725338438e+00,9.494096788889e-01,-2.460988683318e-01,5.735560971082e-01,-4.124438331306e-02,7.163907373784e-03
"                   6",1.032356821179e+00,1.110001898771e+00,-2.304671853336e+00,1.554619871621e+00,1.088206243433e+00,-2.298233834326e+00,5.222630504426e-01,-2.179565533818e-02,6.438019010158e-03
"                   7",1.164161820185e+00,9.102823496811e-01,-1.599423043702e+00,1.620445222313e+00,9.054524899297e-01,-1.593971323712e+00,4.562834021271e-01,-4.829859751321e-03,5.451719990526e-03
"                   8",1.203713717672e+00,6.490637187804e-01,4.026407336019e-01,1.601826862695e+00,6.599210813806e-01,4.065821518578e-01,3.981131450227e-01,1.085736260023e-02,3.941418255956e-03
"                   9",1.071110011356e+00,4.903801788308e-01,2.286331648975e+00,1.425636894001e+00,5.117190674721e-01,2.288416758355e+00,3.545268826450e-01,2.133888864125e-02,2.085109379855e-03
"                  10",9.473498706800e-01,5.021768565494e-01,2.994438774116e+00,1.262302614849e+00,5.248115463270e-01,2.995644918988e+00,3.149527441689e-01,2.263468977764e-02,1.206144871566e-03
"                  11",1.021170693408e+00,6.654511936637e-01,2.072068565227e+00,1.295217290297e+00,6.800617011724e-01,2.073540646526e+00,2.740465968895e-01,1.461050750873e-02,1.472081298589e-03
"                  12",1.258789408855e+00,8.989836874481e-01,3.754977344045e-01,1.496009357433e+00,9.040558996845e-01,3.767006163170e-01,2.372199485779e-01,5.072212236366e-03,1.202881912543e-03
"                  13",1.488531910406e+00,1.100577773554e+00,-8.817613219007e-01,1.699603809545e+00,1.100522522060e+00,-8.815768954197e-01,2.110718991395e-01,-5.525149388297e-05,1.844264809438e-04
"                  14",1.565099436799e+00,1.175351432843e+00,-1.277213354531e+00,1.761037652199e+00,1.175119456354e+00,-1.277949198917e+00,1.959382154002e-01,-2.319764881361e-04,-7.358443854479e-04
"                  15",1.452498193574e+00,1.087712365662e+00,-9.031583615923e-01,1.638970533313e+00,1.089233446823e+00,-9.040727933225e-01,1.864723397386e-01,1.521081161288e-03,-9.144317302205e-04
"                  16",1.241721981141e+00,8.933221524847e-01,-1.504773012825e-01,1.419488597148e+00,8.964134472350e-01,-1.512132199859e-01,1.777666160067e-01,3.091294750282e-03,-7.359187034703e-04
"                  17",1.069635432209e+00,7.084910118460e-01,3.402819061597e-01,1.237340674436e+00,7.115785608336e-01,3.398960190314e-01,1.677052422265e-01,3.087548987666e-03,-3.858871282909e-04
"                  18",1.005205313844e+00,6.134464647913e-01,2.583660270392e-01,1.161937046708e+00,6.147114037170e-01,2.581158357987e-01,1.567317328643e-01,1.264938925630e-03,-2.501912405419e-04
"                  19",1.019873404050e+00,6.083097391813e-01,-1.047231932734e-01,1.166939960020e+00,6.072534518884e-01,-1.050694609592e-01,1.470665559694e-01,-1.056287292977e-03,-3.462676858256e-04
"                  20",1.045731371625e+00,6.342100718001e-01,-4.078821646124e-01,1.185604076796e+00,6.314559248685e-01,-4.085972903683e-01,1.398727051710e-01,-2.754146931516e-03,-7.151257558985e-04
"                  21",1.025250839987e+00,6.311630698478e-01,-4.870213002496e-01,1.160664225442e+00,6.278509837572e-01,-4.881136079147e-01,1.354133854547e-01,-3.312086090560e-03,-1.092307665137e-03
"                  22",9.530378276743e-01,5.791493115422e-01,-3.805930546867e-01,1.085585171778e+00,5.758021174782e-01,-3.817958575294e-01,1.325473441036e-01,-3.347194063941e-03,-1.202802842672e-03
"                  23",8.652665668792e-01,4.992787514952e-01,-1.986826589021e-01,9.952145387818e-01,4.958188605153e-01,-1.998077474015e-01,1.299479719026e-01,-3.459890979819e-03,-1.125088499382e-03
"                  24",7.998819319713e-01,4.258634932555e-01,-9.914693039207e-02,9.268111610937e-01,4.219666736242e-01,-1.001365679483e-01,1.269292291224e-01,-3.896819631316e-03,-9.896375562452e-04
"                  25",7.696941672473e-01,3.767906593419e-01,-1.306586945490e-01,8.935787615637e-01,3.721877505625e-01,-1.315682933255e-01,1.238845943164e-01,-4.602908779429e-03,-9.095987764231e-04
"                  26",7.615293090404e-01,3.529799482552e-01,-2.133526197880e-01,8.827645017156e-01,3.476369780687e-01,-2.143099586993e-01,1.212351926752e-01,-5.342970186521e-03,-9.573389113722e-04
"                  27",7.536930747715e-01,3.437587464412e-01,-2.798119122442e-01,8.731012496849e-01,3.379063178850e-01,-2.809759541640e-01,1.194081749134e-01,-5.852428556224e-03,-1.164041919801e-03
"                  28",7.365551053540e-01,3.372919611329e-01,-2.672936321317e-01,8.547372747439e-01,3.311156837532e-01,-2.687841535550e-01,1.181821693899e-01,-6.176277379710e-03,-1.490521423241e-03
"                  29",7.095614705504e-01,3.221798080317e-01,-1.922397063296e-01,8.266763837347e-01,3.157803047727e-01,-1.940153835107e-01,1.171149131843e-01,-6.399503258954e-03,-1.775677181059e-03
"                  30",6.875452803978e-01,3.072711602878e-01,-1.735540179669e-01,8.035122727304e-01,3.006412917654e-01,-1.755157900364e-01,1.159669923326e-01,-6.629868522388e-03,-1.961772069459e-03
"                  31",6.781352885121e-01,2.960081630030e-01,-2.136020675899e-01,7.928439131133e-01,2.891050827058e-01,-2.156617243930e-01,1.147086246012e-01,-6.903080297209e-03,-2.059656803061e-03
"                  32",6.810595533618e-01,2.896555914213e-01,-2.186201023305e-01,7.945713345887e-01,2.825944713754e-01,-2.207588754629e-01,1.135117812269e-01,-7.061120045902e-03,-2.138773132403e-03
"                  33",6.879783886168e-01,2.842445192794e-01,-1.673997202596e-01,8.005805800274e-01,2.771902991399e-01,-1.695809209293e-01,1.126021914107e-01,-7.054220139564e-03,-2.181200669667e-03
"                  34",6.890177215142e-01,2.744443365736e-01,-6.711312577998e-02,8.009423746101e-01,2.675029054643e-01,-6.929100462930e-02,1.119246530959e-01,-6.941431109321e-03,-2.177878849320e-03
"                  35",6.822507968406e-01,2.592094846768e-01,7.156128903203e-02,7.935711378017e-01,2.523661786620e-01,6.944310662105e-02,1.113203409611e-01,-6.843306014801e-03,-2.118182410986e-03
"                  36",6.694874865264e-01,2.477135756995e-01,1.597673368495e-01,7.801660839814e-01,2.408928059575e-01,1.577518881458e-01,1.106785974550e-01,-6.820769741973e-03,-2.015448703696e-03
"                  37",6.546699312825e-01,2.407494640737e-01,1.143942319515e-01,7.646144990521e-01,2.338570661607e-01,1.124882808982e-01,1.099445677696e-01,-6.892397913095e-03,-1.905951053273e-03
"                  38",6.431276098670e-01,2.347321318616e-01,-1.040075271320e-02,7.522312109560e-01,2.276787860942e-01,-1.226286279674e-02,1.091036010890e-01,-7.053345767371e-03,-1.862110083533e-03
"                  39",6.414644637125e-01,2.331909393250e-01,-9.455328841205e-02,7.496991532584e-01,2.259526254414e-01,-9.641020973138e-02,1.082346895458e-01,-7.238313883576e-03,-1.856921319335e-03
"                  40",6.464562261363e-01,2.282787949381e-01,-2.501738829063e-02,7.539199924494e-01,2.209244854314e-01,-2.689048630138e-02,1.074637663131e-01,-7.354309506739e-03,-1.873098010746e-03
"                  41",6.475468381395e-01,2.180593653925e-01,2.953060231665e-02,7.546396164465e-01,2.106044308762e-01,2.767079613241e-02,1.070927783070e-01,-7.454934516255e-03,-1.859806184234e-03
"                  42",6.520206837141e-01,2.107901879285e-01,2.686947478733e-01,7.587806559837e-01,2.032739483650e-01,2.668990895756e-01,1.067599722696e-01,-7.516239563574e-03,-1.795658297685e-03
"                  43",6.490629003027e-01,1.987298658786e-01,4.970011340290e-01,7.556065211709e-01,1.911470631704e-01,4.953392677523e-01,1.065436208682e-01,-7.582802708253e-03,-1.661866276713e-03
"                  44",6.386664955529e-01,1.853843506417e-01,5.879285344727e-01,7.448316854755e-01,1.776106541690e-01,5.864425607361e-01,1.061651899227e-01,-7.773696472767e-03,-1.485973736559e-03
"                  45",6.324215033073e-01,1.775429383104e-01,5.654265490620e-01,7.381170054226e-01,1.694325215146e-01,5.640979185290e-01,1.056955021153e-01,-8.110416795728e-03,-1.328630532979e-03
"                  46",6.317812492182e-01,1.801436462408e-01,3.057819940859e-01,7.371379284312e-01,1.716259680961e-01,3.045309853876e-01,1.053566792130e-01,-8.517678144703e-03,-1.251008698263e-03
"                  47",6.367702629321e-01,1.965478947094e-01,-9.892782480185e-02,7.420407645479e-01,1.877249092588e-01,-1.002177148065e-01,1.052705016159e-01,-8.822985450634e-03,-1.289890004629e-03
"                  48",6.420098316839e-01,2.067023998703e-01,-3.330642168190e-01,7.474851248811e-01,1.977426252876e-01,-3.344814931783e-01,1.054752931972e-01,-8.959774582666e-03,-1.417276359289e-03
"                  49",6.448428602772e-01,2.045777082712e-01,-3.737382423363e-01,7.507273681429e-01,1.955844560521e-01,-3.752914511669e-01,1.058845078657e-01,-8.993252219073e-03,-1.553208830611e-03
"                  50",6.443175904468e-01,2.002571760028e-01,-2.850420103796e-01,7.506975788440e-01,1.912771516140e-01,-2.866851239817e-01,1.063799883973e-01,-8.980024388804e-03,-1.643113602074e-03
"                  51",6.415536612269e-01,1.973062168661e-01,-1.294920509215e-01,7.483774334069e-01,1.883528657488e-01,-1.311574505993e-01,1.068237721800e-01,-8.953351117332e-03,-1.665399677826e-03
"                  52",6.392913476121e-01,1.946974292789e-01,4.966440351880e-02,7.464704696218e-01,1.857581218547e-01,4.803751953265e-02,1.071791220098e-01,-8.939307424175e-03,-1.626883986153e-03
"                  53",6.379529651430e-01,1.936629058257e-01,1.368467951378e-01,7.454246013892e-01,1.846907238037e-01,1.352992662435e-01,1.074716362461e-01,-8.972182021949e-03,-1.547528894358e-03
"                  54",6.393245175196e-01,1.964149233544e-01,1.661353942588e-01,7.470598093108e-01,1.873779106805e-01,1.646773251827e-01,1.077352917912e-01,-9.037012673829e-03,-1.458069076091e-03
"                  55",6.390351721486e-01,2.008498736173e-01,1.328620577346e-01,7.470413905256e-01,1.917608220197e-01,1.314851500185e-01,1.080062183770e-01,-9.089051597601e-03,-1.376907716131e-03
"                  56",6.398435002981e-01,2.050181528576e-01,3.989786056128e-02,7.481150897896e-01,1.959141338071e-01,3.858596394372e-02,1.082715894915e-01,-9.104019050585e-03,-1.311896617562e-03
"                  57",6.421745364594e-01,2.040259186102e-01,2.292592781991e-02,7.507593090467e-01,1.949296399746e-01,2.166277044132e-02,1.085847725873e-01,-9.096278635603e-03,-1.263157378593e-03
"                  58",6.445612908212e-01,2.008024185024e-01,1.625479715490e-02,7.535284098465e-01,1.916887887135e-01,1.504060246464e-02,1.089671190253e-01,-9.113629788867e-03,-1.214194690257e-03
"                  59",6.482418058095e-01,2.011460637637e-01,-1.628950739387e-02,7.576757015524e-01,1.919978973901e-01,-1.745897591396e-02,1.094338957429e-01,-9.148166373631e-03,-1.169468520085e-03
"                  60",6.518852910973e-01,2.058303986462e-01,-3.858563420184e-02,7.618836556159e-01,1.966558949601e-01,-3.972072507417e-02,1.099983645185e-01,-9.174503686129e-03,-1.135090872330e-03
"                  61",6.543061237927e-01,2.101725040618e-01,-3.082069458177e-02,7.649304977433e-01,2.010166187337e-01,-3.193885658080e-02,1.106243739506e-01,-9.155885328107e-03,-1.118161999024e-03
"                  62",6.540147243171e-01,2.096894015252e-01,4.285942254615e-03,7.652455517656e-01,2.005844820654e-01,3.185290028161e-03,1.112308274485e-01,-9.104919459772e-03,-1.100652226453e-03
"                  63",6.520972749231e-01,2.070894623827e-01,8.304226034219e-02,7.638644948894e-01,1.980451374330e-01,8.196144504357e-02,1.117672199664e-01,-9.044324949742e-03,-1.080815298620e-03
"                  64",6.507095783541e-01,2.042935386465e-01,1.673607931190e-01,7.629075238752e-01,1.952877102597e-01,1.663086715062e-01,1.121979455211e-01,-9.005828386765e-03,-1.052121612713e-03
"                  65",6.516918007417e-01,2.039128422415e-01,2.031298559404e-01,7.642808959737e-01,1.949129121262e-01,2.021067489662e-01,1.125890952319e-01,-8.999930115294e-03,-1.023106974184e-03
"                  66",6.545186405400e-01,2.069374325760e-01,1.781445245431e-01,7.674978095350e-01,1.979280635983e-01,1.771473636889e-01,1.129791689950e-01,-9.009368977690e-03,-9.971608541856e-04
"                  67",6.582185917150e-01,2.092472292354e-01,2.407235397457e-01,7.716364776262e-01,2.002350748500e-01,2.397398181858e-01,1.134178859112e-01,-9.012154385387e-03,-9.837215598749e-04
"                  68",6.605363962028e-01,2.105399840167e-01,2.463102315745e-01,7.744330357585e-01,2.015292980472e-01,2.453555631070e-01,1.138966395557e-01,-9.010685969522e-03,-9.546684674673e-04
"                  69",6.623505882317e-01,2.102189612041e-01,3.411503652316e-01,7.767330352147e-01,2.012207742154e-01,3.402299378769e-01,1.143824469830e-01,-8.998186988688e-03,-9.204273546513e-04
"                  70",6.602719625146e-01,2.116305486594e-01,4.665154689507e-01,7.751090242560e-01,2.026592718635e-01,4.656599324525e-01,1.148370617414e-01,-8.971276795950e-03,-8.555364981548e-04
"                  71",6.572994854263e-01,2.129917984872e-01,5.008788156181e-01,7.724682847559e-01,2.040819338450e-01,5.000954502048e-01,1.151687993295e-01,-8.909864642200e-03,-7.833654132948e-04
"                  72",6.543612795015e-01,2.133801799962e-01,3.179159485637e-01,7.697461194522e-01,2.045504817262e-01,3.171870967131e-01,1.153848399507e-01,-8.829698270010e-03,-7.288518506402e-04
"                  73",6.557174374022e-01,2.148037872354e-01,5.042254569003e-02,7.712737814647e-01,2.060528586549e-01,4.966627052660e-02,1.155563440625e-01,-8.750928580503e-03,-7.562751634288e-04
"                  74",6.602076878512e-01,2.160425555709e-01,-1.200153795132e-01,7.760139609871e-01,2.073641951699e-01,-1.208613684861e-01,1.158062731358e-01,-8.678360401042e-03,-8.459889729206e-04
"                  75",6.646040540532e-01,2.156884816110e-01,-1.004517467475e-01,7.807742685237e-01,2.070748245837e-01,-1.014210507739e-01,1.161702144705e-01,-8.613657027237e-03,-9.693040264914e-04
"                  76",6.654701934838e-01,2.140624802260e-01,3.780577114283e-02,7.820667123440e-01,2.054904586609e-01,3.674761827672e-02,1.165965188602e-01,-8.572021565118e-03,-1.058152866112e-03
"                  77",6.600823599939e-01,2.130186612064e-01,7.838782578377e-02,7.770511706180e-01,2.044848340218e-01,7.728897677716e-02,1.169688106241e-01,-8.533827184609e-03,-1.098849006610e-03
"                  78",6.556924370190e-01,2.111178411780e-01,1.402277696051e-01,7.728897900361e-01,2.026172836326e-01,1.391258238005e-01,1.171973530171e-01,-8.500557545329e-03,-1.101945804597e-03
"                  79",6.523953734092e-01,2.097368786304e-01,1.630478110372e-01,7.697209406808e-01,2.012557570898e-01,1.619596460424e-01,1.173255672715e-01,-8.481121540614e-03,-1.088164994819e-03
"                  80",6.518202419207e-01,2.092355619822e-01,2.026574583634e-01,7.692208718533e-01,2.007543167013e-01,2.015974905825e-01,1.174006299326e-01,-8.481245280880e-03,-1.059967780927e-03
"                  81",6.570456575669e-01,2.124721254126e-01,1.841686336736e-01,7.745691177308e-01,2.039905560560e-01,1.831322042529e-01,1.175234601639e-01,-8.481569356571e-03,-1.036429420660e-03
"                  82",6.634612043275e-01,2.131944359343e-01,2.461480353681e-01,7.812468833079e-01,2.047172849946e-01,2.451390458999e-01,1.177856789803e-01,-8.477150939740e-03,-1.008989468157e-03
"                  83",6.686775606266e-01,2.115967743821e-01,3.500248673281e-01,7.868757517622e-01,2.031176857797e-01,3.490520171766e-01,1.181981911356e-01,-8.479088602395e-03,-9.728501514517e-04
"                  84",6.599233193841e-01,2.066407316980e-01,1.641779917795e-01,7.785081763694e-01,1.981430915959e-01,1.632632073040e-01,1.185848569853e-01,-8.497640102161e-03,-9.147844754553e-04
"                  85",6.584111347827e-01,1.988490738522e-01,2.884102323882e-01,7.771954345487e-01,1.903013153631e-01,2.875298868277e-01,1.187842997660e-01,-8.547758489073e-03,-8.803455605058e-04
"                  86",6.589373865668e-01,1.885770555332e-01,4.514994797627e-01,7.778956819015e-01,1.798891677919e-01,4.506728227317e-01,1.189582953347e-01,-8.687887741257e-03,-8.266570310321e-04
"                  87",6.577740038622e-01,1.785940356213e-01,4.279840653898e-01,7.769444519198e-01,1.696542216650e-01,4.272287496596e-01,1.191704480576e-01,-8.939813956350e-03,-7.553157302682e-04
"                  88",6.588091969785e-01,1.756059777701e-01,2.965604074711e-01,7.781954502313e-01,1.663330815399e-01,2.958500637662e-01,1.193862532529e-01,-9.272896230121e-03,-7.103437049268e-04
"                  89",6.630990340051e-01,1.878195277182e-01,1.198721170684e-02,7.827659149486e-01,1.782638991933e-01,1.125451529716e-02,1.196668809435e-01,-9.555628524881e-03,-7.326964096848e-04
"                  90",6.702952860724e-01,2.098224730136e-01,-2.479893971078e-01,7.903470494287e-01,2.001546963488e-01,-2.488204373270e-01,1.200517633562e-01,-9.667776664818e-03,-8.310402191425e-04
"                  91",6.764985100530e-01,2.272866481905e-01,-2.994257632592e-01,7.971075278253e-01,2.177138002799e-01,-3.003845442121e-01,1.206090177723e-01,-9.572847910581e-03,-9.587809529354e-04
"                  92",6.779895136848e-01,2.329909492710e-01,-2.232544002184e-01,7.992448177297e-01,2.236863488145e-01,-2.243069486959e-01,1.212553040449e-01,-9.304600456466e-03,-1.052548477501e-03
"                  93",6.759387018447e-01,2.267052660879e-01,-7.176671782585e-02,7.978343754104e-01,2.177507565688e-01,-7.285348192531e-02,1.218956735657e-01,-8.954509519161e-03,-1.086764099462e-03
"                  94",6.732376796626e-01,2.155737995993e-01,9.567446076813e-02,7.956430781106e-01,2.069044967274e-01,9.461709867457e-02,1.224053984479e-01,-8.669302871874e-03,-1.057362093562e-03
"                  95",6.713881783279e-01,2.110484993124e-01,1.572382208832e-01,7.942153292048e-01,2.025415318124e-01,1.562446682048e-01,1.228271508768e-01,-8.506967499992e-03,-9.935526784443e-04
"                  96",6.702269759575e-01,2.130410735165e-01,1.152832546041e-01,7.933582435528e-01,2.045971574470e-01,1.143475197374e-01,1.231312675953e-01,-8.443916069456e-03,-9.357348666839e-04
"                  97",6.706816974621e-01,2.181680295872e-01,-8.575158263138e-03,7.940750358408e-01,2.097528155643e-01,-9.494916423579e-03,1.233933383787e-01,-8.415214022854e-03,-9.197581604416e-04
"                  98",6.720130690554e-01,2.221735832268e-01,-1.181037567583e-01,7.956287076726e-01,2.137916898687e-01,-1.190495656275e-01,1.236156386173e-01,-8.381893358091e-03,-9.458088691911e-04
"                  99",6.739262188209e-01,2.249872075471e-01,-1.771197917089e-01,7.977989290703e-01,2.166622440703e-01,-1.781184287700e-01,1.238727102494e-01,-8.324963476802e-03,-9.986370610066e-04
"                 100",6.747201835883e-01,2.254687270680e-01,-1.969929546285e-01,7.988347899784e-01,2.172172142820e-01,-1.980439885824e-01,1.241146063902e-01,-8.251512786035e-03,-1.051033953920e-03
"                 101",6.747184555689e-01,2.256854071086e-01,-1.932818312302e-01,7.990907947674e-01,2.175207088420e-01,-1.943751156576e-01,1.243723391985e-01,-8.164698266576e-03,-1.093284427406e-03
"                 102",6.738591736745e-01,2.262436607701e-01,-1.574100393994e-01,7.984366734154e-01,2.181648307140e-01,-1.585286488365e-01,1.245774997409e-01,-8.078830056165e-03,-1.118609437119e-03
"                 103",6.731368809811e-01,2.288019305280e-01,-1.102035144184e-01,7.979053597985e-01,2.208138426377e-01,-1.113360074513e-01,1.247684788174e-01,-7.988087890256e-03,-1.132493032870e-03
"                 104",6.733691694894e-01,2.317757950748e-01,-9.030219155484e-02,7.982849746331e-01,2.238893089515e-01,-9.143921167659e-02,1.249158051437e-01,-7.886486123289e-03,-1.137020121755e-03
"                 105",6.746737062537e-01,2.365346711734e-01,-1.040307070729e-01,7.997597229149e-01,2.287745354253e-01,-1.051757565534e-01,1.250860166612e-01,-7.760135748118e-03,-1.145049480499e-03
"                 106",6.749671394648e-01,2.366973930037e-01,-1.329172567552e-01,8.002282793115e-01,2.290825328944e-01,-1.340723977638e-01,1.252611398466e-01,-7.614860109219e-03,-1.155141008549e-03
"                 107",6.743065338549e-01,2.347730143769e-01,-1.449509309292e-01,7.997276240117e-01,2.272895817142e-01,-1.461281614400e-01,1.254210901569e-01,-7.483432662671e-03,-1.177230510752e-03
"                 108",6.738418959777e-01,2.326956555304e-01,-1.390966507281e-01,7.993827679692e-01,2.253163197848e-01,-1.402911410830e-01,1.255408719916e-01,-7.379335745655e-03,-1.194490354948e-03
"                 109",6.742754157232e-01,2.329335906308e-01,-1.286801447600e-01,7.999238125010e-01,2.256307751673e-01,-1.298901271293e-01,1.256483967778e-01,-7.302815463427e-03,-1.209982369335e-03
"                 110",6.756497254752e-01,2.388241829574e-01,-1.226425339442e-01,8.014131073475e-01,2.315977340043e-01,-1.238531609375e-01,1.257633818723e-01,-7.226448953051e-03,-1.210626993292e-03
"                 111",6.761323892473e-01,2.436544979986e-01,-1.127042343207e-01,8.020340832779e-01,2.365461396199e-01,-1.139138691004e-01,1.259016940305e-01,-7.108358378737e-03,-1.209634779720e-03
"                 112",6.758009922164e-01,2.436098885497e-01,-1.045709579438e-01,8.018387966608e-01,2.366425963558e-01,-1.057680544121e-01,1.260378044444e-01,-6.967292193973e-03,-1.197096468319e-03
"                 113",6.758499374530e-01,2.398165857522e-01,-5.286195520314e-02,8.020203451210e-01,2.329705067638e-01,-5.404960113138e-02,1.261704076680e-01,-6.846078988420e-03,-1.187645928246e-03
"                 114",6.782331582579e-01,2.387936195361e-01,-4.587670665051e-02,8.045586403086e-01,2.320223527673e-01,-4.704065640572e-02,1.263254820507e-01,-6.771266768853e-03,-1.163949755216e-03
"                 115",6.814269107875e-01,2.382799919547e-01,-1.398659563594e-01,8.079742034574e-01,2.315510180867e-01,-1.410214324141e-01,1.265472926699e-01,-6.728973868063e-03,-1.155476054653e-03
"                 116",6.827747252553e-01,2.408022401861e-01,-1.955222714003e-01,8.095957520250e-01,2.340976354222e-01,-1.966857661722e-01,1.268210267698e-01,-6.704604763919e-03,-1.163494771833e-03
"                 117",6.804957928190e-01,2.442447003811e-01,-1.306127166200e-01,8.075637539607e-01,2.375826124807e-01,-1.318027590385e-01,1.270679611417e-01,-6.662087900444e-03,-1.190042418478e-03
"                 118",6.785322186812e-01,2.478155587467e-01,-4.349964040908e-02,8.057645931760e-01,2.412281520466e-01,-4.469237326045e-02,1.272323744948e-01,-6.587406700170e-03,-1.192732851376e-03
"                 119",6.766986938929e-01,2.476398362365e-01,7.713593689132e-02,8.040391522139e-01,2.411633621426e-01,7.595814485128e-02,1.273404583210e-01,-6.476474093939e-03,-1.177792040038e-03
"                 120",6.772430977119e-01,2.459434409827e-01,9.589624139953e-02,8.046494709646e-01,2.395606022514e-01,9.476496634290e-02,1.274063732527e-01,-6.382838731370e-03,-1.131275056630e-03
"                 121",6.787633231365e-01,2.426782857878e-01,9.450578461878e-02,8.062581150955e-01,2.363607862589e-01,9.340337804932e-02,1.274947919590e-01,-6.317499528841e-03,-1.102406569452e-03
"                 122",6.801810121976e-01,2.422450044006e-01,1.026318721687e-02,8.077764169766e-01,2.359388314048e-01,9.179968342284e-03,1.275954047790e-01,-6.306172995817e-03,-1.083218874588e-03
"                 123",6.773769892915e-01,2.407650392616e-01,2.042058023064e-02,8.050716253202e-01,2.344553297279e-01,1.931275976922e-02,1.276946360287e-01,-6.309709533612e-03,-1.107820461424e-03
"                 124",6.756114186629e-01,2.456991284615e-01,-8.363939897403e-02,8.033099147208e-01,2.393714583222e-01,-8.477875355426e-02,1.276984960579e-01,-6.327670139252e-03,-1.139354580231e-03
"                 125",6.797095418694e-01,2.508068236428e-01,-3.097245547093e-01,8.074498517043e-01,2.445282371616e-01,-3.109427835397e-01,1.277403098349e-01,-6.278586481199e-03,-1.218228830408e-03
"                 126",6.739828998727e-01,2.544795235540e-01,-2.887211421427e-01,8.017781146960e-01,2.482860175928e-01,-2.900281900169e-01,1.277952148233e-01,-6.193505961178e-03,-1.307047874164e-03
"                 127",6.743734320275e-01,2.491405630373e-01,-2.395177964347e-01,8.021620056998e-01,2.430865236424e-01,-2.409144361235e-01,1.277885736723e-01,-6.054039394929e-03,-1.396639688772e-03
"                 128",6.790455155532e-01,2.441635539452e-01,-1.839379179675e-01,8.068678410995e-01,2.381727702299e-01,-1.853738782147e-01,1.278223255463e-01,-5.990783715314e-03,-1.435960247155e-03
"                 129",6.799038020999e-01,2.430003299589e-01,-1.137344169783e-01,8.078781732834e-01,2.370496766687e-01,-1.151972103858e-01,1.279743711836e-01,-5.950653290164e-03,-1.462793407499e-03
"                 130",6.816076853510e-01,2.427012208387e-01,-3.298794571546e-02,8.097324533023e-01,2.367377906616e-01,-3.443874740286e-02,1.281247679513e-01,-5.963430177099e-03,-1.450801687406e-03
"                 131",6.821531701659e-01,2.423591521670e-01,-3.126132074102e-02,8.104671973990e-01,2.363974285518e-01,-3.270288829508e-02,1.283140272331e-01,-5.961723615197e-03,-1.441567554064e-03
"                 132",6.841231408410e-01,2.371521134766e-01,-6.991230228182e-02,8.125945851117e-01,2.311324416122e-01,-7.132756991607e-02,1.284714442707e-01,-6.019671864398e-03,-1.415267634256e-03
"                 133",6.830041965231e-01,2.342884525349e-01,-1.111992164986e-02,8.116589834019e-01,2.281969800022e-01,-1.253789374121e-02,1.286547868788e-01,-6.091472532664e-03,-1.417972091353e-03
"                 134",6.830544193744e-01,2.326192881871e-01,4.110812593003e-02,8.117883960212e-01,2.263965944276e-01,3.972033874920e-02,1.287339766468e-01,-6.222693759438e-03,-1.387787180837e-03
"                 135",6.842890427191e-01,2.311380100054e-01,-3.122208257445e-02,8.130984437951e-01,2.247910012926e-01,-3.259032629682e-02,1.288094010759e-01,-6.347008712800e-03,-1.368243722369e-03
"                 136",6.871707774316e-01,2.312910274528e-01,-1.670320682441e-01,8.160495657876e-01,2.247884149553e-01,-1.683881523722e-01,1.288787883561e-01,-6.502612497436e-03,-1.356084128014e-03
"                 137",6.908914979438e-01,2.307379708233e-01,-2.865753462162e-01,8.199223172728e-01,2.241010494619e-01,-2.879668297026e-01,1.290308193290e-01,-6.636921361381e-03,-1.391483486445e-03
"                 138",6.930585211407e-01,2.271844453284e-01,-3.121725394579e-01,8.223036824667e-01,2.204009424701e-01,-3.136143878241e-01,1.292451613260e-01,-6.783502858302e-03,-1.441848366211e-03
"                 139",6.950093846961e-01,2.211465622395e-01,-2.920101141935e-01,8.245079273875e-01,2.142141933149e-01,-2.935132363811e-01,1.294985426913e-01,-6.932368924648e-03,-1.503122187582e-03
"                 140",6.940031240700e-01,2.162442743533e-01,-2.624034699316e-01,8.237478723408e-01,2.091235774353e-01,-2.639404652674e-01,1.297447482708e-01,-7.120696917970e-03,-1.536995335818e-03
"                 141",6.952119891306e-01,2.146413821628e-01,-1.374186340653e-01,8.251829680781e-01,2.073213208009e-01,-1.389740572784e-01,1.299709789475e-01,-7.320061361920e-03,-1.555423213021e-03
"                 142",7.020726105894e-01,2.035532867764e-01,3.689424491113e-01,8.323417659169e-01,1.959670619828e-01,3.674452176178e-01,1.302691553276e-01,-7.586224793605e-03,-1.497231493473e-03
"                 143",6.731269910929e-01,1.767220844023e-01,5.632007912757e-02,8.035228285342e-01,1.687169177286e-01,5.495387991645e-02,1.303958374413e-01,-8.005166673708e-03,-1.366199211119e-03
"                 144",6.847379306143e-01,1.385268984040e-01,9.511700828502e-01,8.149616201655e-01,1.297552980510e-01,9.499444988069e-01,1.302236895511e-01,-8.771600353020e-03,-1.225584043311e-03
"                 145",6.997260991714e-01,1.157660851052e-01,1.300221595467e+00,8.300814622295e-01,1.057826971077e-01,1.299291691807e+00,1.303553630581e-01,-9.983387997583e-03,-9.299036599621e-04
"                 146",7.067018072707e-01,1.095059801344e-01,7.860700975984e-01,8.375031796785e-01,9.810826290520e-02,7.854469743827e-01,1.308013724078e-01,-1.139771722919e-02,-6.231232156806e-04
"                 147",7.183311799116e-01,1.290566626972e-01,-1.892270115504e-01,8.497561267635e-01,1.164483979188e-01,-1.897847703677e-01,1.314249468519e-01,-1.260826477843e-02,-5.577588173080e-04
"                 148",7.264449871644e-01,1.688734320185e-01,-1.177390764539e+00,8.586861145930e-01,1.555530905169e-01,-1.178177927355e+00,1.322411274286e-01,-1.332034150164e-02,-7.871628160760e-04
"                 149",7.266877463135e-01,2.113132503135e-01,-1.698348549501e+00,8.598301234954e-01,1.978813781900e-01,-1.699596047664e+00,1.331423771820e-01,-1.343187212349e-02,-1.247498162662e-03
"                 150",7.269354747132e-01,2.339596741426e-01,-1.632392331073e+00,8.609354829310e-01,2.209372437589e-01,-1.634132508630e+00,1.340000082178e-01,-1.302243038371e-02,-1.740177556748e-03
"                 151",7.329116318166e-01,2.329173007071e-01,-1.141638222196e+00,8.677900704651e-01,2.205975060185e-01,-1.143719409634e+00,1.348784386485e-01,-1.231979468862e-02,-2.081187438136e-03
"                 152",7.403583108142e-01,2.120317618765e-01,-5.454526648927e-01,8.762628719377e-01,2.003153270996e-01,-5.476319481111e-01,1.359045611235e-01,-1.171643477692e-02,-2.179283218419e-03
"                 153",7.534125988178e-01,1.952451118688e-01,-4.102163208627e-01,8.905219961496e-01,1.837975844713e-01,-4.123186759633e-01,1.371093973318e-01,-1.144752739751e-02,-2.102355100623e-03
"                 154",7.656988518538e-01,1.919971847424e-01,-6.280648085522e-01,9.042320257351e-01,1.804894533223e-01,-6.300852550114e-01,1.385331738813e-01,-1.150773142010e-02,-2.020446459152e-03
"                 155",7.746081598382e-01,2.043886439485e-01,-1.008252823851e+00,9.146166315349e-01,1.926646617100e-01,-1.010296396182e+00,1.400084716967e-01,-1.172398223847e-02,-2.043572331108e-03
"                 156",7.789027639953e-01,2.161770367497e-01,-1.250280645669e+00,9.202463145061e-01,2.042604025460e-01,-1.252468070821e+00,1.413435505108e-01,-1.191663420365e-02,-2.187425152365e-03
"                 157",7.816666268325e-01,2.168695631799e-01,-1.232639850473e+00,9.241660336216e-01,2.048370224057e-01,-1.235009464085e+00,1.424994067891e-01,-1.203254077424e-02,-2.369613611887e-03
"                 158",7.848304952771e-01,2.087774537482e-01,-1.031594036900e+00,9.282524978078e-01,1.966435621529e-01,-1.034106038669e+00,1.434220025308e-01,-1.213389159528e-02,-2.512001768677e-03
"                 159",7.916279492293e-01,2.013051068908e-01,-8.215262743899e-01,9.358771272722e-01,1.890040856701e-01,-8.241001055709e-01,1.442491780429e-01,-1.230102122068e-02,-2.573831180965e-03
"                 160",7.995800295926e-01,1.983353104305e-01,-6.241489970416e-01,9.446103195699e-01,1.857631102190e-01,-6.267351527806e-01,1.450302899773e-01,-1.257220021153e-02,-2.586155738940e-03
"                 161",8.052593261013e-01,2.027697969586e-01,-5.116561969685e-01,9.511034930009e-01,1.898593529190e-01,-5.142021158698e-01,1.458441668996e-01,-1.291044403964e-02,-2.545918901245e-03
"                 162",8.063895881286e-01,2.084467230855e-01,-3.748708300012e-01,9.529136440099e-01,1.952231170243e-01,-3.773738563446e-01,1.465240558813e-01,-1.322360606117e-02,-2.503026343412e-03
"                 163",8.029607768329e-01,2.137334880505e-01,-1.211112537347e-01,9.499863075118e-01,2.002836918151e-01,-1.235296182406e-01,1.470255306788e-01,-1.344979623537e-02,-2.418364505923e-03
"                 164",7.961834415087e-01,2.138952967722e-01,7.195021635007e-02,9.433779434956e-01,2.003328268118e-01,6.964484485863e-02,1.471945019869e-01,-1.356246996040e-02,-2.305371491445e-03
"                 165",7.948968893358e-01,2.153263862630e-01,1.136274786262e-01,9.420502753643e-01,2.017345609048e-01,1.114589234888e-01,1.471533860285e-01,-1.359182535816e-02,-2.168555137427e-03
"                 166",7.976217881128e-01,2.141569268820e-01,3.164811071331e-01,9.446837274060e-01,2.005780587124e-01,3.144448338510e-01,1.470619392933e-01,-1.357886816959e-02,-2.036273282098e-03
"                 167",7.947311153241e-01,2.176612108814e-01,5.486432563830e-01,9.417197851761e-01,2.040954452140e-01,5.467721055316e-01,1.469886698520e-01,-1.356576566739e-02,-1.871150851435e-03
"                 168",7.972286448039e-01,2.175411189262e-01,6.041376168024e-01,9.441260132151e-01,2.040086077376e-01,6.024668243600e-01,1.468973684112e-01,-1.353251118858e-02,-1.670792442404e-03
"                 169",7.957544636090e-01,2.193442597884e-01,6.853844668434e-01,9.426202732714e-01,2.058341035552e-01,6.839111223806e-01,1.468658096623e-01,-1.351015623321e-02,-1.473344462770e-03
"                 170",7.986205574037e-01,2.208377441615e-01,7.990417933625e-01,9.454762874719e-01,2.073541090896e-01,7.977682945331e-01,1.468557300682e-01,-1.348363507193e-02,-1.273498829391e-03
"                 171",7.994251638487e-01,2.198409747848e-01,9.958075924710e-01,9.463312551171e-01,2.063744908583e-01,9.947378450845e-01,1.469060912683e-01,-1.346648392650e-02,-1.069747386549e-03
"                 172",7.966396759229e-01,2.197984517621e-01,1.206858493347e+00,9.436056229626e-01,2.063518047423e-01,1.206030506162e+00,1.469659470397e-01,-1.344664701974e-02,-8.279871854453e-04
"                 173",7.905135688562e-01,2.165675614557e-01,1.468484353025e+00,9.374302866397e-01,2.031431104565e-01,1.467929534291e+00,1.469167177836e-01,-1.342445099926e-02,-5.548187339560e-04
"                 174",7.852098894565e-01,2.097476000946e-01,1.625927009904e+00,9.319628458158e-01,1.963159948494e-01,1.625682599136e+00,1.467529563593e-01,-1.343160524523e-02,-2.444107684080e-04
"                 175",7.851569798368e-01,2.169026652023e-01,1.300098466019e+00,9.316885787620e-01,2.034269090833e-01,1.300145323596e+00,1.465315989253e-01,-1.347575611901e-02,4.685757687804e-05
"                 176",7.866623641021e-01,2.314678304013e-01,1.070522288952e+00,9.330204228482e-01,2.180306949704e-01,1.070724992037e+00,1.463580587460e-01,-1.343713543096e-02,2.027030854750e-04
"                 177",7.992514105406e-01,2.590336527682e-01,1.006893404665e+00,9.455321107339e-01,2.457649204668e-01,1.007170648222e+00,1.462807001933e-01,-1.326873230138e-02,2.772435568587e-04
"                 178",8.092296185351e-01,2.687715867948e-01,1.401476055467e+00,9.558176658713e-01,2.558800916040e-01,1.401852158887e+00,1.465880473362e-01,-1.289149519088e-02,3.761034199391e-04
"                 179",8.116291195822e-01,2.560005949033e-01,1.711644945704e+00,9.587439420373e-01,2.435417263950e-01,1.712248762901e+00,1.471148224551e-01,-1.245886850833e-02,6.038171971600e-04
"                 180",8.075211447876e-01,2.448683463193e-01,1.631807751791e+00,9.551350107049e-01,2.327533769475e-01,1.632711560766e+00,1.476138659173e-01,-1.211496937181e-02,9.038089749091e-04
"                 181",8.008909448112e-01,2.382896388352e-01,1.500190706824e+00,9.487464548493e-01,2.263385990953e-01,1.501325377599e+00,1.478555100381e-01,-1.195103973986e-02,1.134670774976e-03
"                 182",7.925111930716e-01,2.338373794673e-01,1.528918825117e+00,9.403816515393e-01,2.219241652336e-01,1.530197764202e+00,1.478704584677e-01,-1.191321423372e-02,1.278939085210e-03
"                 183",7.937780378130e-01,2.404650931149e-01,1.683756780130e+00,9.415358561081e-01,2.285007388198e-01,1.685161074479e+00,1.477578182951e-01,-1.196435429507e-02,1.404294349258e-03
"                 184",8.014106568119e-01,2.468650887933e-01,1.898142528862e+00,9.492308810736e-01,2.348572609016e-01,1.899714177232e+00,1.478202242616e-01,-1.200782789170e-02,1.571648369599e-03
"                 185",8.144497367145e-01,2.526014465320e-01,1.998612727150e+00,9.626392639390e-01,2.405539020226e-01,2.000402269939e+00,1.481895272244e-01,-1.204754450942e-02,1.789542789282e-03
"                 186",8.307774099711e-01,2.559368428986e-01,2.130956786179e+00,9.796939635674e-01,2.438693679682e-01,2.132994718448e+00,1.489165535963e-01,-1.206747493036e-02,2.037932268926e-03
"                 187",8.430165786791e-01,2.524252230816e-01,2.264956110009e+00,9.930991766565e-01,2.403487176239e-01,2.267268365268e+00,1.500825979774e-01,-1.207650545768e-02,2.312255258592e-03
"                 188",8.430400489864e-01,2.400809112940e-01,2.335175634010e+00,9.941780413912e-01,2.279327681370e-01,2.337727807930e+00,1.511379924048e-01,-1.214814315700e-02,2.552173919940e-03
"                 189",8.346048836204e-01,2.274977440375e-01,2.271219866601e+00,9.868104031464e-01,2.152270697252e-01,2.274009515554e+00,1.522055195259e-01,-1.227067431224e-02,2.789648953406e-03
"                 190",8.291918926038e-01,2.155223994899e-01,2.267791625070e+00,9.819559549436e-01,2.030293061152e-01,2.270708298040e+00,1.527640623398e-01,-1.249309337467e-02,2.916672970146e-03
"                 191",8.338270776427e-01,2.068163176708e-01,2.311191364778e+00,9.870442279772e-01,1.939799843857e-01,2.314196123696e+00,1.532171503345e-01,-1.283633328514e-02,3.004758917592e-03
"                 192",8.454242577470e-01,2.115053053398e-01,2.166014100239e+00,9.992184062738e-01,1.982411665110e-01,2.169099694605e+00,1.537941485268e-01,-1.326413882885e-02,3.085594366115e-03
"                 193",8.579427649691e-01,2.270491851884e-01,1.901588583811e+00,1.012615831217e+00,2.134337819811e-01,1.904724282344e+00,1.546730662482e-01,-1.361540320729e-02,3.135698533052e-03
"                 194",8.640693776726e-01,2.388608513859e-01,1.690112074982e+00,1.019688356327e+00,2.250566646343e-01,1.693207729615e+00,1.556189786548e-01,-1.380418675156e-02,3.095654632963e-03
"                 195",8.630271214074e-01,2.441893706098e-01,1.734509162792e+00,1.019806815043e+00,2.303933107171e-01,1.737567408418e+00,1.567796936351e-01,-1.379605989265e-02,3.058245625450e-03
"                 196",8.622302633504e-01,2.437195879387e-01,1.912350737779e+00,1.019921589301e+00,2.300503883412e-01,1.915373823205e+00,1.576913259508e-01,-1.366919959752e-02,3.023085425562e-03
"                 197",8.682440059217e-01,2.441387516624e-01,2.115051647307e+00,1.026827811320e+00,2.306378257982e-01,2.118108428672e+00,1.585838053984e-01,-1.350092586419e-02,3.056781364818e-03
"                 198",8.772902258376e-01,2.506485225548e-01,2.219638594642e+00,1.036791544461e+00,2.372841312249e-01,2.222763541648e+00,1.595013186239e-01,-1.336439132987e-02,3.124947005490e-03
"                 199",8.800135942123e-01,2.587249223980e-01,2.201894278770e+00,1.040566251919e+00,2.455078124701e-01,2.205127886571e+00,1.605526577065e-01,-1.321710992796e-02,3.233607800979e-03
"                 200",8.749457295307e-01,2.671261966205e-01,2.106303323718e+00,1.036189738508e+00,2.540954630269e-01,2.109572697807e+00,1.612440089774e-01,-1.303073359369e-02,3.269374089240e-03
"                 201",8.659826466041e-01,2.729868264249e-01,2.010351143332e+00,1.027862737695e+00,2.602510705629e-01,2.013664811035e+00,1.618800910908e-01,-1.273575586201e-02,3.313667703359e-03
"                 202",8.618007751631e-01,2.751692446133e-01,1.886730567537e+00,1.023841598578e+00,2.627417691928e-01,1.889996268320e+00,1.620408234148e-01,-1.242747542054e-02,3.265700783225e-03
"                 203",8.616367744319e-01,2.802665504822e-01,1.705209452415e+00,1.023680825034e+00,2.681532713685e-01,1.708393335402e+00,1.620440506026e-01,-1.211327911368e-02,3.183882987495e-03
"                 204",8.624540639449e-01,2.840293226022e-01,1.543477903215e+00,1.024382243924e+00,2.722189225584e-01,1.546534848920e+00,1.619281799792e-01,-1.181040004387e-02,3.056945704781e-03
"                 205",8.633920206142e-01,2.880387397932e-01,1.400691253146e+00,1.025268221437e+00,2.765198341737e-01,1.403628648889e+00,1.618762008228e-01,-1.151890561955e-02,2.937395742461e-03
"                 206",8.640657430919e-01,2.993324606562e-01,1.267704606268e+00,1.025773416955e+00,2.881004989675e-01,1.270470144743e+00,1.617076738636e-01,-1.123196168868e-02,2.765538475084e-03
"                 207",8.649285289625e-01,3.108502835721e-01,1.169947222620e+00,1.026559299508e+00,2.999797711704e-01,1.172547283218e+00,1.616307705454e-01,-1.087051240169e-02,2.600060598039e-03
"                 208",8.682789631688e-01,3.187327574867e-01,1.026308491777e+00,1.029748555864e+00,3.082608447492e-01,1.028698520298e+00,1.614695926949e-01,-1.047191273754e-02,2.390028521844e-03
"                 209",8.723228200782e-01,3.228970429602e-01,8.351893485846e-01,1.033837206160e+00,3.128431462369e-01,8.373778178109e-01,1.615143860816e-01,-1.005389672331e-02,2.188469226303e-03
"                 210",8.777724769544e-01,3.221830815388e-01,6.564798430200e-01,1.039341642706e+00,3.124930122059e-01,6.583923847405e-01,1.615691657512e-01,-9.690069332914e-03,1.912541720537e-03
"                 211",8.826995172421e-01,3.219333743450e-01,5.920031880724e-01,1.044537131494e+00,3.125306332579e-01,5.936392841573e-01,1.618376142520e-01,-9.402741087093e-03,1.636096084884e-03
"                 212",8.896142439173e-01,3.232922787767e-01,5.684508873744e-01,1.051748715644e+00,3.140502196120e-01,5.697998578999e-01,1.621344717271e-01,-9.242059164716e-03,1.348970525413e-03
"                 213",8.938772261391e-01,3.238855383418e-01,6.589879002170e-01,1.056507794286e+00,3.147083956617e-01,6.601075806803e-01,1.626305681469e-01,-9.177142680111e-03,1.119680463308e-03
"                 214",8.968358153163e-01,3.267573008468e-01,7.529421655478e-01,1.059915330383e+00,3.175529582879e-01,7.538515424988e-01,1.630795150662e-01,-9.204342558879e-03,9.093769509710e-04
"                 215",9.010748406091e-01,3.310434175929e-01,7.623307599029e-01,1.064758563507e+00,3.217930609662e-01,7.631165675266e-01,1.636837228980e-01,-9.250356626642e-03,7.858076237218e-04
"                 216",9.073116471331e-01,3.372675657102e-01,6.917256628115e-01,1.071569661518e+00,3.279616319241e-01,6.923862990397e-01,1.642580143854e-01,-9.305933786044e-03,6.606362282327e-04
"                 217",9.182260107157e-01,3.506187583451e-01,3.970564366101e-01,1.083244095796e+00,3.413191850177e-01,3.976100836479e-01,1.650180850807e-01,-9.299573327462e-03,5.536470377791e-04
"                 218",9.269609461500e-01,3.634375327305e-01,1.764585648794e-01,1.092799797187e+00,3.542596005808e-01,1.768595299057e-01,1.658388510368e-01,-9.177932149704e-03,4.009650262502e-04
"                 219",9.306720197843e-01,3.666676066594e-01,1.733143827342e-01,1.097442613271e+00,3.577069647757e-01,1.735754299846e-01,1.667705934866e-01,-8.960641883679e-03,2.610472503810e-04
"                 220",9.303858583636e-01,3.544002567346e-01,4.672177483692e-01,1.097903330843e+00,3.456079487920e-01,4.673685800414e-01,1.675174724793e-01,-8.792307942580e-03,1.508316722570e-04
"                 221",9.376019955881e-01,3.407647202430e-01,7.857886589721e-01,1.105805706213e+00,3.319384265791e-01,7.859458946422e-01,1.682037106250e-01,-8.826293663858e-03,1.572356700468e-04
"                 222",9.480840560228e-01,3.405143707384e-01,8.645542307181e-01,1.116933840967e+00,3.314587800051e-01,8.647875573967e-01,1.688497849439e-01,-9.055590733239e-03,2.333266786501e-04
"                 223",9.546464343585e-01,3.456439254886e-01,8.259497781704e-01,1.124207711322e+00,3.362702183127e-01,8.262856999725e-01,1.695612769636e-01,-9.373707175904e-03,3.359218021233e-04
"                 224",9.550141257177e-01,3.471855870427e-01,8.004004539376e-01,1.125165574940e+00,3.374765695010e-01,8.008181945319e-01,1.701514492220e-01,-9.709017541692e-03,4.177405943153e-04
"                 225",9.571032256735e-01,3.461222762273e-01,7.087584099297e-01,1.127689093920e+00,3.360813771516e-01,7.092466917622e-01,1.705858682461e-01,-1.004089907567e-02,4.882818324950e-04
"                 226",9.610524836861e-01,3.425608285292e-01,6.784175240777e-01,1.131991464783e+00,3.321599263417e-01,6.789706644504e-01,1.709389810973e-01,-1.040090218757e-02,5.531403727463e-04
"                 227",9.667235107841e-01,3.356264651049e-01,8.055651086143e-01,1.138028820837e+00,3.248057764087e-01,8.061994245467e-01,1.713053100533e-01,-1.082068869624e-02,6.343159323868e-04
"                 228",9.697401769984e-01,3.293945808819e-01,9.783126639476e-01,1.141457980461e+00,3.180760979864e-01,9.790729634037e-01,1.717178034627e-01,-1.131848289551e-02,7.602994560273e-04
"                 229",9.711629601775e-01,3.230907636696e-01,1.159628159268e+00,1.143275248320e+00,3.112058359144e-01,1.160543269922e+00,1.721122881422e-01,-1.188492775524e-02,9.151106538889e-04
"                 230",9.684020406755e-01,3.119727155389e-01,1.408371957277e+00,1.140806652187e+00,2.994473295207e-01,1.409467993685e+00,1.724046115111e-01,-1.252538601821e-02,1.096036408760e-03
"                 231",9.625371517498e-01,3.043709644726e-01,1.618762889319e+00,1.135045410061e+00,2.911367203298e-01,1.620057926447e+00,1.725082583115e-01,-1.323424414287e-02,1.295037127533e-03
"                 232",9.564191909026e-01,2.964239974483e-01,1.808961533210e+00,1.128803601741e+00,2.824614391203e-01,1.810462502286e+00,1.723844108382e-01,-1.396255832806e-02,1.500969075780e-03
"                 233",9.498242194063e-01,2.897235344007e-01,1.984308192155e+00,1.121891118144e+00,2.750255660388e-01,1.986001869176e+00,1.720668987380e-01,-1.469796836193e-02,1.693677020172e-03
"                 234",9.429031206541e-01,2.859954291185e-01,2.069740496315e+00,1.114490454238e+00,2.705705582704e-01,2.071624444300e+00,1.715873335839e-01,-1.542487084814e-02,1.883947985277e-03
"                 235",9.381972802127e-01,2.835321023776e-01,2.084012252396e+00,1.109193143753e+00,2.674324597954e-01,2.086048221791e+00,1.709958635398e-01,-1.609964258223e-02,2.035969395387e-03
"                 236",9.353370232117e-01,2.828877382267e-01,2.114963802574e+00,1.105705853632e+00,2.661646784602e-01,2.117130564302e+00,1.703688304208e-01,-1.672305976646e-02,2.166761728864e-03
"                 237",9.211095335023e-01,2.787146659685e-01,2.338570933719e+00,1.090772550143e+00,2.614325796701e-01,2.340849623155e+00,1.696630166404e-01,-1.728208629840e-02,2.278689436317e-03
"                 238",9.163517617921e-01,2.777567488155e-01,2.273617488819e+00,1.085138086160e+00,2.599902125935e-01,2.276022821432e+00,1.687863243677e-01,-1.776653622208e-02,2.405332612478e-03
"                 239",9.130849368892e-01,2.759860616768e-01,2.110051512876e+00,1.080983355798e+00,2.578135525921e-01,2.112531816112e+00,1.678984189090e-01,-1.817250908468e-02,2.480303236285e-03
"                 240",9.107719844644e-01,2.749756274125e-01,2.043183991889e+00,1.077862563242e+00,2.564633623644e-01,2.045703065339e+00,1.670905787772e-01,-1.851226504814e-02,2.519073449845e-03
"                 241",9.078797727476e-01,2.745254060114e-01,1.999364441198e+00,1.074249057229e+00,2.557501317444e-01,2.001907556690e+00,1.663692844816e-01,-1.877527426694e-02,2.543115492239e-03
"                 242",9.032523462481e-01,2.803361245749e-01,1.901900008136e+00,1.068957291323e+00,2.613982334156e-01,1.904481187816e+00,1.657049450753e-01,-1.893789115924e-02,2.581179679740e-03
"                 243",8.999770837747e-01,2.827802429222e-01,1.744083854111e+00,1.065019546315e+00,2.638052074753e-01,1.746682171481e+00,1.650424625406e-01,-1.897503544692e-02,2.598317369636e-03
"                 244",8.985680022777e-01,2.858611643007e-01,1.446475351919e+00,1.063012339968e+00,2.669439349896e-01,1.449074954994e+00,1.644443376908e-01,-1.891722931113e-02,2.599603074637e-03
"                 245",9.016875404982e-01,2.894433222643e-01,1.154425679811e+00,1.065635242579e+00,2.706724288173e-01,1.156965923212e+00,1.639477020804e-01,-1.877089344698e-02,2.540243401584e-03
"                 246",9.031942714525e-01,2.948587908411e-01,1.017021291509e+00,1.066804586114e+00,2.763111306850e-01,1.019467507905e+00,1.636103146611e-01,-1.854766015613e-02,2.446216395609e-03
"                 247",9.056545884235e-01,2.988057344336e-01,1.058010620444e+00,1.069058888902e+00,2.805508458600e-01,1.060349768948e+00,1.634043004784e-01,-1.825488857359e-02,2.339148504316e-03
"                 248",9.117758998109e-01,3.029253267575e-01,1.030550872801e+00,1.075156859362e+00,2.849978362388e-01,1.032816887563e+00,1.633809595513e-01,-1.792749051869e-02,2.266014762052e-03
"                 249",9.213951774798e-01,3.047516762055e-01,9.059377671369e-01,1.084994002548e+00,2.871793945416e-01,9.081226838972e-01,1.635988250685e-01,-1.757228166392e-02,2.184916760274e-03
"                 250",9.341608553495e-01,3.082054582973e-01,6.466319361990e-01,1.098312371788e+00,2.909833702173e-01,6.487178826436e-01,1.641515164384e-01,-1.722208807994e-02,2.085946444568e-03
"                 251",9.491734147484e-01,3.162577972715e-01,4.360579945304e-01,1.114253501463e+00,2.993820021696e-01,4.379926264820e-01,1.650800867147e-01,-1.687579510192e-02,1.934631951646e-03
"                 252",9.649377516443e-01,3.272269192544e-01,2.779911191309e-01,1.131316664875e+00,3.107321584290e-01,2.797587081574e-01,1.663789132307e-01,-1.649476082537e-02,1.767589026535e-03
"                 253",9.763823810298e-01,3.367290413412e-01,1.127650995871e-01,1.144328251140e+00,3.207012571343e-01,1.143406792598e-01,1.679458701105e-01,-1.602778420692e-02,1.575579672617e-03
"                 254",9.815802738666e-01,3.456916114969e-01,-1.175089053929e-01,1.151125583684e+00,3.302111250284e-01,-1.161349313492e-01,1.695453098171e-01,-1.548048646854e-02,1.373974043667e-03
"                 255",9.811311108221e-01,3.529144327913e-01,-3.317870016473e-01,1.152113690699e+00,3.380657901319e-01,-3.306617517182e-01,1.709825798768e-01,-1.484864265945e-02,1.125249929101e-03
"                 256",9.796882771988e-01,3.596924500399e-01,-5.428964109630e-01,1.151824521061e+00,3.454927760771e-01,-5.420453000795e-01,1.721362438624e-01,-1.419967396286e-02,8.511108834893e-04
"                 257",9.810839095692e-01,3.649693665574e-01,-6.376281327521e-01,1.154115224660e+00,3.514299715236e-01,-6.370969245542e-01,1.730313150910e-01,-1.353939503376e-02,5.312081979706e-04
"                 258",9.853137107827e-01,3.749546923003e-01,-7.691190948087e-01,1.159125062170e+00,3.620544169263e-01,-7.689195653276e-01,1.738113513873e-01,-1.290027537400e-02,1.995294811296e-04
"                 259",9.910903190871e-01,3.844108046016e-01,-9.436491646557e-01,1.165659533817e+00,3.721664133951e-01,-9.438015207951e-01,1.745692147301e-01,-1.224439120644e-02,-1.523561394037e-04
"                 260",9.918697815024e-01,3.919331468295e-01,-1.071619188989e+00,1.167210963906e+00,3.803403071284e-01,-1.072123998357e+00,1.753411824031e-01,-1.159283970111e-02,-5.048093671939e-04
"                 261",9.895745566419e-01,3.949556933534e-01,-1.184711533434e+00,1.165559720351e+00,3.839867190392e-01,-1.185562920626e+00,1.759851637094e-01,-1.096897431421e-02,-8.513871917642e-04
"                 262",9.864595944184e-01,3.947241435405e-01,-1.174765551327e+00,1.162923048535e+00,3.842915542128e-01,-1.175941306401e+00,1.764634541165e-01,-1.043258932764e-02,-1.175755074788e-03
"                 263",9.808790032360e-01,3.988699565043e-01,-1.121608432655e+00,1.157623389096e+00,3.889053151123e-01,-1.123071691712e+00,1.767443858600e-01,-9.964641392061e-03,-1.463259056530e-03
"                 264",9.759072433111e-01,4.043103279027e-01,-1.157037765024e+00,1.152710202815e+00,3.947751997337e-01,-1.158719327039e+00,1.768029595037e-01,-9.535128169016e-03,-1.681562015695e-03
"                 265",9.715455956889e-01,4.077156175996e-01,-1.308339533102e+00,1.148236532087e+00,3.986079081520e-01,-1.310208792736e+00,1.766909363985e-01,-9.107709447587e-03,-1.869259633482e-03
"                 266",9.656730223565e-01,4.120959068360e-01,-1.352089107722e+00,1.142115932710e+00,4.033879973268e-01,-1.354149578176e+00,1.764429103535e-01,-8.707909509206e-03,-2.060470454184e-03
"                 267",9.575673261493e-01,4.168790538538e-01,-1.236503544417e+00,1.133556080716e+00,4.085747305539e-01,-1.238757877610e+00,1.759887545664e-01,-8.304323299897e-03,-2.254333192937e-03
"                 268",9.517011352065e-01,4.084829962309e-01,-1.001283458983e+00,1.127039877990e+00,4.005338339940e-01,-1.003669559287e+00,1.753387427832e-01,-7.949162236903e-03,-2.386100303697e-03
"                 269",9.497182228852e-01,3.962972860185e-01,-9.258400448102e-01,1.124355202621e+00,3.885569788625e-01,-9.283110234810e-01,1.746369797357e-01,-7.740307156051e-03,-2.470978670878e-03
"                 270",9.397537412534e-01,3.835412106258e-01,-8.337043226520e-01,1.113666742435e+00,3.758471881289e-01,-8.362200585751e-01,1.739130011820e-01,-7.694022496825e-03,-2.515735923150e-03
"                 271",9.294463999308e-01,3.733365094672e-01,-8.673806675644e-01,1.102492897167e+00,3.655559294398e-01,-8.699340576117e-01,1.730464972365e-01,-7.780580027391e-03,-2.553390047339e-03
"                 272",9.233151828770e-01,3.727737934453e-01,-9.940462261433e-01,1.095430038195e+00,3.648575755951e-01,-9.966463349259e-01,1.721148553179e-01,-7.916217850216e-03,-2.600108782658e-03
"                 273",9.191481408764e-01,3.774156137518e-01,-1.032786840972e+00,1.090353038361e+00,3.694277062366e-01,-1.035470352019e+00,1.712048974847e-01,-7.987907515151e-03,-2.683511046560e-03
"                 274",9.178995656568e-01,3.718266659141e-01,-8.736185162304e-01,1.088298109503e+00,3.638904420534e-01,-8.763680901886e-01,1.703985438463e-01,-7.936223860693e-03,-2.749573958154e-03
"                 275",9.253455453146e-01,3.664651801825e-01,-1.019807833303e+00,1.095184457679e+00,3.586682118486e-01,-1.022598642314e+00,1.698389123641e-01,-7.796968333901e-03,-2.790809011725e-03
"                 276",9.271491717819e-01,3.584836610916e-01,-1.004826333800e+00,1.096713532837e+00,3.508770442465e-01,-1.007668372853e+00,1.695643610556e-01,-7.606616845105e-03,-2.842039053647e-03
"                 277",9.213985431857e-01,3.503121377928e-01,-9.202727181664e-01,1.090806625677e+00,3.429181300109e-01,-9.231749449820e-01,1.694080824915e-01,-7.394007781898e-03,-2.902226815544e-03
"                 278",9.156537153363e-01,3.443798415814e-01,-8.939826554661e-01,1.084857712301e+00,3.371955613825e-01,-8.969149168608e-01,1.692039969646e-01,-7.184280198889e-03,-2.932261394656e-03
"                 279",9.145659168385e-01,3.414007062333e-01,-9.658602712503e-01,1.083475354645e+00,3.343993031574e-01,-9.688104319289e-01,1.689094378068e-01,-7.001403075945e-03,-2.950160678554e-03
"                 280",9.157839839040e-01,3.386121350730e-01,-1.047586537916e+00,1.084628247987e+00,3.318342604628e-01,-1.050577509262e+00,1.688442640830e-01,-6.777874610204e-03,-2.990971345685e-03
"                 281",9.181185645890e-01,3.338162988054e-01,-1.055403639365e+00,1.086873065500e+00,3.272310040021e-01,-1.058423059872e+00,1.687545009109e-01,-6.585294803345e-03,-3.019420506772e-03
"                 282",9.195525395964e-01,3.281863152929e-01,-1.002589469697e+00,1.088308203788e+00,3.217624312875e-01,-1.005610739743e+00,1.687556641912e-01,-6.423884005393e-03,-3.021270045842e-03
"                 283",9.187431310829e-01,3.265910139985e-01,-9.659345755457e-01,1.087569629973e+00,3.203187745509e-01,-9.689575051810e-01,1.688264988903e-01,-6.272239447611e-03,-3.022929635375e-03
"                 284",9.182258440183e-01,3.256862191817e-01,-9.081481825222e-01,1.087044684070e+00,3.194807284455e-01,-9.111264355163e-01,1.688188400512e-01,-6.205490736244e-03,-2.978252994081e-03
"                 285",9.219414845408e-01,3.224647890825e-01,-8.635104966718e-01,1.090876293037e+00,3.163560170295e-01,-8.664650023464e-01,1.689348084962e-01,-6.108772053003e-03,-2.954505674620e-03
"                 286",9.237580602946e-01,3.200342646078e-01,-7.617665365385e-01,1.092848821045e+00,3.139441301819e-01,-7.647085640934e-01,1.690907607503e-01,-6.090134425900e-03,-2.942027554875e-03
"                 287",9.254813374756e-01,3.184269994198e-01,-6.548488848550e-01,1.094698423792e+00,3.123001373945e-01,-6.577387821421e-01,1.692170863165e-01,-6.126862025313e-03,-2.889897287167e-03
"                 288",9.239831776938e-01,3.154508347497e-01,-4.884637744151e-01,1.093391964210e+00,3.092830256613e-01,-4.913080040839e-01,1.694087865165e-01,-6.167809088338e-03,-2.844229668831e-03
"                 289",9.198298352470e-01,3.067982504348e-01,-2.940244052618e-01,1.089317055550e+00,3.005015796000e-01,-2.967989983764e-01,1.694872203028e-01,-6.296670834796e-03,-2.774593114580e-03
"                 290",9.130085803966e-01,2.973626722096e-01,-1.445837851559e-01,1.082439099282e+00,2.908353288079e-01,-1.472716615536e-01,1.694305188852e-01,-6.527343401705e-03,-2.687876397783e-03
"                 291",9.070900344308e-01,2.926291049216e-01,7.446132969772e-02,1.076356365618e+00,2.857732536731e-01,7.186532063514e-02,1.692663311869e-01,-6.855851248551e-03,-2.596009062587e-03
"                 292",9.063040007749e-01,2.933490223031e-01,3.082039838124e-01,1.075328610604e+00,2.860919687077e-01,3.057447409483e-01,1.690246098289e-01,-7.257053595407e-03,-2.459242864160e-03
"                 293",9.069117110598e-01,2.969081877645e-01,5.325222155422e-01,1.075703533416e+00,2.892227915050e-01,5.302488001640e-01,1.687918223558e-01,-7.685396259454e-03,-2.273415378245e-03
"                 294",9.095870791086e-01,2.959997203501e-01,6.879131882719e-01,1.078188974640e+00,2.878935267252e-01,6.858811157542e-01,1.686018955313e-01,-8.106193624849e-03,-2.032072517661e-03
"                 295",9.082851262659e-01,2.944908804686e-01,7.890270461836e-01,1.076687263261e+00,2.859449591982e-01,7.872523304634e-01,1.684021369952e-01,-8.545921270381e-03,-1.774715720208e-03
"                 296",9.022213878568e-01,2.941907905454e-01,8.784555332308e-01,1.070326254625e+00,2.852174966684e-01,8.769378654010e-01,1.681048667681e-01,-8.973293876917e-03,-1.517667829773e-03
"                 297",8.946331168636e-01,2.913621336220e-01,1.063014903873e+00,1.062236173859e+00,2.819675737185e-01,1.061737911108e+00,1.676030569959e-01,-9.394559903501e-03,-1.276992765237e-03
"                 298",8.880975323919e-01,2.917867909172e-01,1.162220414132e+00,1.054985195409e+00,2.819583786294e-01,1.161206925271e+00,1.668876630171e-01,-9.828412287866e-03,-1.013488860480e-03
"                 299",8.861852204034e-01,2.933939375107e-01,1.244634777775e+00,1.052209376496e+00,2.831358017203e-01,1.243889123774e+00,1.660241560927e-01,-1.025813579042e-02,-7.456540004655e-04
"                 300",8.897074915851e-01,2.929410546294e-01,1.299538361481e+00,1.054851691061e+00,2.822881968543e-01,1.299078636200e+00,1.651441994762e-01,-1.065285777513e-02,-4.597252807279e-04
"                 301",8.925301007226e-01,2.904004335806e-01,1.389398317991e+00,1.056888320007e+00,2.793915928349e-01,1.389223511831e+00,1.643582192846e-01,-1.100884074569e-02,-1.748061592629e-04
"                 302",8.920518807151e-01,2.886233803605e-01,1.426149242176e+00,1.055714530915e+00,2.772961183837e-01,1.426248910158e+00,1.636626501998e-01,-1.132726197678e-02,9.966798144337e-05
"                 303",8.899133455061e-01,2.889438001404e-01,1.343085665300e+00,1.052923037968e+00,2.773457738009e-01,1.343423470451e+00,1.630096924618e-01,-1.159802633949e-02,3.378051511450e-04
"                 304",8.866760599380e-01,2.907601517024e-01,1.260276946819e+00,1.049072668014e+00,2.789475414904e-01,1.260801827748e+00,1.623966080763e-01,-1.181261021200e-02,5.248809292685e-04
"                 305",8.876555078851e-01,2.915247194400e-01,1.144716703029e+00,1.049543430196e+00,2.795638573627e-01,1.145374531270e+00,1.618879223114e-01,-1.196086207725e-02,6.578282408064e-04
"                 306",8.891770093352e-01,2.921096108729e-01,9.547282546033e-01,1.050740456267e+00,2.800337452174e-01,9.554766551667e-01,1.615634469314e-01,-1.207586565548e-02,7.484005634070e-04
"                 307",8.922754224960e-01,2.927866912165e-01,7.002228033015e-01,1.053712481373e+00,2.806236369737e-01,7.009750640209e-01,1.614370588765e-01,-1.216305424280e-02,7.522607194664e-04
"                 308",8.939512128337e-01,2.963536625869e-01,4.679030211658e-01,1.055454585757e+00,2.841331361124e-01,4.685615792452e-01,1.615033729229e-01,-1.222052647451e-02,6.585580794559e-04
"                 309",8.959787195801e-01,3.020830725432e-01,3.008850254904e-01,1.057708325620e+00,2.898626446499e-01,3.013667196993e-01,1.617296060400e-01,-1.222042789322e-02,4.816942088452e-04
"                 310",8.994431473693e-01,3.150709151928e-01,1.372980431198e-01,1.061547990059e+00,3.029448250404e-01,1.375592569624e-01,1.621048426901e-01,-1.212609015235e-02,2.612138426275e-04
"                 311",9.037671139327e-01,3.224626297746e-01,4.316374909592e-02,1.066411553746e+00,3.105536763880e-01,4.316620534442e-02,1.626444398130e-01,-1.190895338657e-02,2.456248498335e-06
"                 312",9.059176842965e-01,3.249873105940e-01,-4.268629655135e-02,1.069218003673e+00,3.133815078278e-01,-4.293646738618e-02,1.633003193760e-01,-1.160580276624e-02,-2.501708348307e-04
"                 313",9.014201610493e-01,3.250287534504e-01,-1.404415897965e-01,1.065359679341e+00,3.137699270017e-01,-1.409442779152e-01,1.639395182918e-01,-1.125882644869e-02,-5.026881186263e-04
"                 314",8.959803713607e-01,3.254304301385e-01,-2.348800720848e-01,1.060370941346e+00,3.145151243372e-01,-2.356245942413e-01,1.643905699854e-01,-1.091530580130e-02,-7.445221564927e-04
"                 315",8.929543474583e-01,3.288814011661e-01,-4.178183487742e-01,1.057678281772e+00,3.183076293794e-01,-4.187994088206e-01,1.647239343134e-01,-1.057377178671e-02,-9.810600463934e-04
"                 316",8.931234760363e-01,3.361931391431e-01,-5.152483701351e-01,1.058057103055e+00,3.259598117146e-01,-5.164952097526e-01,1.649336270189e-01,-1.023332742858e-02,-1.246839617531e-03
"                 317",8.919473698708e-01,3.335053984633e-01,-2.779589568004e-01,1.057127326378e+00,3.236252911458e-01,-2.794211501626e-01,1.651799565072e-01,-9.880107317466e-03,-1.462193362126e-03
"                 318",8.946991729898e-01,3.300311157536e-01,6.906027050088e-02,1.060049731824e+00,3.204727868549e-01,6.750149416627e-02,1.653505588341e-01,-9.558328898757e-03,-1.558776334614e-03
"                 319",8.971166049056e-01,3.304121784185e-01,1.808069963915e-01,1.062671159747e+00,3.211648455210e-01,1.792705657661e-01,1.655545548414e-01,-9.247332897421e-03,-1.536430625359e-03
"                 320",9.008777419942e-01,3.303463951359e-01,1.789549104067e-01,1.066637112363e+00,3.213931166911e-01,1.774719463645e-01,1.657593703683e-01,-8.953278444724e-03,-1.482964042185e-03
"                 321",9.002566920367e-01,3.284741209320e-01,-4.993504982631e-02,1.066225841387e+00,3.197945518771e-01,-5.140343730551e-02,1.659691493503e-01,-8.679569054893e-03,-1.468387479198e-03
"                 322",8.960084779871e-01,3.256878186957e-01,-9.735669070964e-02,1.062046634315e+00,3.172491685013e-01,-9.888867984694e-02,1.660381563276e-01,-8.438650194419e-03,-1.531989137302e-03
"                 323",8.871766141385e-01,3.200472737432e-01,-1.005199761916e-01,1.053112345479e+00,3.118040780832e-01,-1.021363337868e-01,1.659357313403e-01,-8.243195659909e-03,-1.616357595165e-03
"                 324",8.809500538555e-01,3.136763410365e-01,-5.687139632990e-02,1.046533771660e+00,3.055626258587e-01,-5.857751202297e-02,1.655837178041e-01,-8.113715177830e-03,-1.706115693068e-03
"                 325",8.828787758924e-01,3.111173108888e-01,8.594664996132e-02,1.048090088763e+00,3.030862651699e-01,8.418263538419e-02,1.652113128710e-01,-8.031045718909e-03,-1.764014577139e-03
"                 326",8.893101163225e-01,3.128764214067e-01,1.899959783834e-01,1.054235496017e+00,3.049042662780e-01,1.882186987114e-01,1.649253796946e-01,-7.972155128744e-03,-1.777279672019e-03
"                 327",8.944843116427e-01,3.143503458558e-01,2.211092106638e-01,1.059376293843e+00,3.064388464697e-01,2.193655724198e-01,1.648919822000e-01,-7.911499386157e-03,-1.743638243970e-03
"                 328",8.939293355276e-01,3.138801491271e-01,2.908684800787e-01,1.058879413619e+00,3.060259544363e-01,2.891718049274e-01,1.649500780916e-01,-7.854194690717e-03,-1.696675151297e-03
"                 329",8.896293085042e-01,3.115907001032e-01,2.209707670723e-01,1.054653124640e+00,3.038037112452e-01,2.193123202675e-01,1.650238161356e-01,-7.786988857984e-03,-1.658446804841e-03
"                 330",8.878832425867e-01,3.125838238888e-01,8.904920858675e-02,1.052875287912e+00,3.048593024271e-01,8.738676352660e-02,1.649920453255e-01,-7.724521461711e-03,-1.662445060143e-03
"                 331",8.893981640253e-01,3.186015764589e-01,-5.916301050754e-03,1.054429514079e+00,3.109509296724e-01,-7.634351588028e-03,1.650313500542e-01,-7.650646786507e-03,-1.718050537274e-03
"                 332",8.928330634164e-01,3.184885581291e-01,1.832759172496e-01,1.057954330790e+00,3.109183124201e-01,1.815069900158e-01,1.651212673736e-01,-7.570245709023e-03,-1.768927233809e-03
"                 333",8.944235064415e-01,3.182763603937e-01,3.261581025194e-01,1.059816816150e+00,3.108055675484e-01,3.244065780795e-01,1.653933097087e-01,-7.470792845265e-03,-1.751524439948e-03
"                 334",8.908620734516e-01,3.159741200869e-01,3.568907454531e-01,1.056446679251e+00,3.085750119207e-01,3.552140928534e-01,1.655846057997e-01,-7.399108166154e-03,-1.676652599673e-03
"                 335",8.837782732389e-01,3.168818679886e-01,1.841132246075e-01,1.049480232791e+00,3.095613014718e-01,1.824927290773e-01,1.657019595525e-01,-7.320566516769e-03,-1.620495530173e-03
"                 336",8.769203932459e-01,3.204617263081e-01,2.431643743474e-02,1.042419893247e+00,3.131769363294e-01,2.270553596658e-02,1.654995000014e-01,-7.284789978739e-03,-1.610901468168e-03
"                 337",8.737067434386e-01,3.229441156165e-01,4.325260879433e-03,1.038991927257e+00,3.157280218792e-01,2.659040406726e-03,1.652851838186e-01,-7.216093737279e-03,-1.666220472707e-03
"                 338",8.767851229232e-01,3.264006185645e-01,1.863419318087e-01,1.041726023861e+00,3.191904580258e-01,1.846327281558e-01,1.649409009383e-01,-7.210160538710e-03,-1.709203652836e-03
"                 339",8.844850748521e-01,3.282997139491e-01,3.656865912557e-01,1.049413995318e+00,3.211366146123e-01,3.639865667594e-01,1.649289204660e-01,-7.163099336756e-03,-1.700024496349e-03
"                 340",8.899400039834e-01,3.329615168714e-01,5.112717221045e-01,1.054934760718e+00,3.257981039062e-01,5.096551127827e-01,1.649947567344e-01,-7.163412965218e-03,-1.616609321795e-03
"                 341",8.923477145968e-01,3.320871038716e-01,6.437527880795e-01,1.057683262402e+00,3.249803873950e-01,6.422705653104e-01,1.653355478050e-01,-7.106716476653e-03,-1.482222769126e-03
"                 342",8.921702638361e-01,3.308541952755e-01,6.864098959772e-01,1.057718507489e+00,3.237432112962e-01,6.850982996078e-01,1.655482436533e-01,-7.110983979347e-03,-1.311596369426e-03
"                 343",8.891109590641e-01,3.330249307633e-01,5.979089416983e-01,1.054900405860e+00,3.259369331946e-01,5.967390197813e-01,1.657894467958e-01,-7.087997568706e-03,-1.169921916955e-03
"                 344",8.842546129492e-01,3.347086484753e-01,6.237492377966e-01,1.050012992697e+00,3.275967848595e-01,6.226765933648e-01,1.657583797481e-01,-7.111863615791e-03,-1.072644431727e-03
"                 345",8.812087651179e-01,3.312764559960e-01,7.719378674144e-01,1.046898928878e+00,3.241606671738e-01,7.709404858376e-01,1.656901637597e-01,-7.115788822185e-03,-9.973815768186e-04
"                 346",8.824315231964e-01,3.252670977046e-01,8.754935340308e-01,1.047913699415e+00,3.180563080940e-01,8.745975013613e-01,1.654821762186e-01,-7.210789610523e-03,-8.960326694607e-04
"                 347",8.884123161901e-01,3.236703607236e-01,9.362902861343e-01,1.053836457947e+00,3.163314658378e-01,9.355075201956e-01,1.654241417573e-01,-7.338894885811e-03,-7.827659387232e-04
"                 348",8.952730987033e-01,3.265985727988e-01,8.740628795078e-01,1.060719694670e+00,3.190829157469e-01,8.733973083686e-01,1.654465959663e-01,-7.515657051884e-03,-6.655711392302e-04
"                 349",8.977920821363e-01,3.225848143341e-01,8.125881476489e-01,1.063466236497e+00,3.148963915803e-01,8.120198765666e-01,1.656741543610e-01,-7.688422753747e-03,-5.682710823024e-04
"                 350",8.970114187180e-01,3.175658259598e-01,7.206800332238e-01,1.062806750400e+00,3.096684916890e-01,7.201700236276e-01,1.657953316817e-01,-7.897334270812e-03,-5.100095962124e-04
"                 351",8.912289406925e-01,3.157664323989e-01,6.810973310590e-01,1.057116652320e+00,3.076657528767e-01,6.806289228538e-01,1.658877116275e-01,-8.100679522157e-03,-4.684082052364e-04
"                 352",8.886988502178e-01,3.174630096785e-01,7.198544455034e-01,1.054411249015e+00,3.091849909374e-01,7.193907216806e-01,1.657123987969e-01,-8.278018741050e-03,-4.637238227537e-04
"                 353",8.893880750506e-01,3.268231199309e-01,8.671360851923e-01,1.054996577300e+00,3.184370323441e-01,8.667173292416e-01,1.656085022490e-01,-8.386087586767e-03,-4.187559506875e-04
"                 354",8.936953825821e-01,3.297454990170e-01,9.414788144415e-01,1.059214131097e+00,3.213335251414e-01,9.411249343890e-01,1.655187485145e-01,-8.411973875592e-03,-3.538800525560e-04
"                 355",8.983095543163e-01,3.213601176897e-01,8.744594715202e-01,1.063933498551e+00,3.129430882458e-01,8.742009111998e-01,1.656239442342e-01,-8.417029443915e-03,-2.585603204484e-04
"                 356",8.998701471733e-01,3.162468142676e-01,8.054440412148e-01,1.065608216210e+00,3.077770767945e-01,8.052402244680e-01,1.657380690368e-01,-8.469737473108e-03,-2.038167468181e-04
"                 357",9.003796738941e-01,3.170594385867e-01,7.867599517317e-01,1.066298961551e+00,3.085172168620e-01,7.865905973800e-01,1.659192876568e-01,-8.542221724700e-03,-1.693543516748e-04
"                 358",8.993712433742e-01,3.194498087697e-01,8.861152821271e-01,1.065376863127e+00,3.108465219695e-01,8.859455910554e-01,1.660056197533e-01,-8.603286800188e-03,-1.696910716809e-04
"                 359",8.982426338500e-01,3.143108916168e-01,8.988861011469e-01,1.064364097978e+00,3.056625847100e-01,8.987438350668e-01,1.661214641282e-01,-8.648306906794e-03,-1.422660801206e-04
"                 360",8.986191222957e-01,3.089590193097e-01,9.404832322607e-01,1.064712835570e+00,3.002262368655e-01,9.403485687764e-01,1.660937132739e-01,-8.732782444205e-03,-1.346634843862e-04
"                 361",9.003546456576e-01,3.052474767276e-01,9.912957610959e-01,1.066517803152e+00,2.963949199961e-01,9.912010991477e-01,1.661631574944e-01,-8.852556731534e-03,-9.466194812815e-05
"                 362",9.027313432174e-01,3.027167494720e-01,1.018961917552e+00,1.068913778176e+00,2.937047257330e-01,1.018896756377e+00,1.661824349586e-01,-9.012023738927e-03,-6.516117506104e-05
"                 363",9.056861172645e-01,3.018902767533e-01,1.004058981446e+00,1.072025927562e+00,2.926969186239e-01,1.004044380480e+00,1.663398102976e-01,-9.193358129361e-03,-1.460096631657e-05
"                 364",9.071143598724e-01,3.059731353552e-01,1.016563286682e+00,1.073570630373e+00,2.966027074259e-01,1.016573185061e+00,1.664562705006e-01,-9.370427929350e-03,9.898378646123e-06
"                 365",9.089840351266e-01,3.103132959924e-01,1.062829406681e+00,1.075655807464e+00,3.008174634260e-01,1.062877811205e+00,1.666717723373e-01,-9.495832566432e-03,4.840452400754e-05
"                 366",9.100093690984e-01,3.110588897605e-01,1.145168851618e+00,1.076829971788e+00,3.014770624527e-01,1.145250609621e+00,1.668206026897e-01,-9.581827307841e-03,8.175800372147e-05
"                 367",9.104778160803e-01,3.099849098078e-01,1.118823753677e+00,1.077512847549e+00,3.003432264444e-01,1.118963152675e+00,1.670350314687e-01,-9.641683363397e-03,1.393989979505e-04
"                 368",9.129024323288e-01,3.117863354674e-01,1.007399551792e+00,1.080041084228e+00,3.020813337526e-01,1.007555405691e+00,1.671386518992e-01,-9.705001714779e-03,1.558538992491e-04
"                 369",9.184739140607e-01,3.092231597997e-01,9.238637460884e-01,1.085853839741e+00,2.994555309994e-01,9.240174747716e-01,1.673799256798e-01,-9.767628800376e-03,1.537286832127e-04
"                 370",9.249162914793e-01,3.033757000965e-01,9.225704271129e-01,1.092553055837e+00,2.934811472181e-01,9.226899358116e-01,1.676367643574e-01,-9.894552878375e-03,1.195086987220e-04
"                 371",9.277518212223e-01,3.049170797283e-01,9.079286139060e-01,1.095831890492e+00,2.948607052787e-01,9.080398783110e-01,1.680800692701e-01,-1.005637444958e-02,1.112644050488e-04
"                 372",9.272219831753e-01,3.121394780399e-01,9.567856533003e-01,1.095627352887e+00,3.019470921489e-01,9.568758002714e-01,1.684053697116e-01,-1.019238589099e-02,9.014697114812e-05
"                 373",9.230964664421e-01,3.197345891107e-01,8.662254414973e-01,1.091805745748e+00,3.095007158714e-01,8.663235855685e-01,1.687092793060e-01,-1.023387323930e-02,9.814407121023e-05
"                 374",9.197602818625e-01,3.254290586524e-01,7.068493130112e-01,1.088497260686e+00,3.152280534042e-01,7.069144788210e-01,1.687369788234e-01,-1.020100524816e-02,6.516580981698e-05
"                 375",9.202036840565e-01,3.295503781241e-01,5.862491944207e-01,1.088963608856e+00,3.194336976087e-01,5.862674153266e-01,1.687599247993e-01,-1.011668051534e-02,1.822090595183e-05
"                 376",9.243085041000e-01,3.290484599831e-01,5.260993488618e-01,1.093033947364e+00,3.190055225623e-01,5.260366953574e-01,1.687254432645e-01,-1.004293742077e-02,-6.265350441221e-05
"                 377",9.304217367951e-01,3.310557432689e-01,5.450831329578e-01,1.099342395111e+00,3.210552249573e-01,5.449701755981e-01,1.689206583159e-01,-1.000051831155e-02,-1.129573596198e-04
"                 378",9.378436127438e-01,3.336472510581e-01,6.060193740849e-01,1.107037602436e+00,3.236587888994e-01,6.058627971296e-01,1.691939896922e-01,-9.988462158696e-03,-1.565769553780e-04
"                 379",9.444223973976e-01,3.348330856467e-01,7.008727238606e-01,1.114181869236e+00,3.248368478278e-01,7.007308564996e-01,1.697594718384e-01,-9.996237818919e-03,-1.418673609729e-04
"                 380",9.483239015708e-01,3.324397656162e-01,7.872685492397e-01,1.118620126536e+00,3.223921788145e-01,7.871668721978e-01,1.702962249656e-01,-1.004758680179e-02,-1.016770418576e-04
"                 381",9.485151232907e-01,3.296383531522e-01,8.347363807127e-01,1.119398016972e+00,3.194810618645e-01,8.347156292498e-01,1.708828936808e-01,-1.015729128775e-02,-2.075146289655e-05
"                 382",9.460474021078e-01,3.284112527788e-01,9.003953074425e-01,1.117322160640e+00,3.180863684850e-01,9.004536270274e-01,1.712747585323e-01,-1.032488429386e-02,5.831958491591e-05
"                 383",9.446276159724e-01,3.280267514487e-01,9.677728726797e-01,1.116172086740e+00,3.174792214660e-01,9.679208072879e-01,1.715444707677e-01,-1.054752998276e-02,1.479346081331e-04
"                 384",9.445273956706e-01,3.254713867242e-01,1.024526320099e+00,1.116198693335e+00,3.146760924932e-01,1.024760526782e+00,1.716712976646e-01,-1.079529423100e-02,2.342066828090e-04
"                 385",9.463188297422e-01,3.227594002898e-01,1.134196613999e+00,1.118124997488e+00,3.116593015127e-01,1.134531454704e+00,1.718061677462e-01,-1.110009877717e-02,3.348407046573e-04
"                 386",9.476063404456e-01,3.219449756918e-01,1.190155075370e+00,1.119548671347e+00,3.105082671803e-01,1.190603924186e+00,1.719423309013e-01,-1.143670851149e-02,4.488488158444e-04
"                 387",9.469358184175e-01,3.207169009504e-01,1.279419209207e+00,1.119012552086e+00,3.089335191729e-01,1.279984420035e+00,1.720767336686e-01,-1.178338177750e-02,5.652108276246e-04
"                 388",9.447419915063e-01,3.166239275832e-01,1.413361422165e+00,1.116895846276e+00,3.044866069218e-01,1.414060387591e+00,1.721538547692e-01,-1.213732066140e-02,6.989654259921e-04
"                 389",9.421745738902e-01,3.128771437352e-01,1.525870623139e+00,1.114323517303e+00,3.003728303776e-01,1.526705517158e+00,1.721489434130e-01,-1.250431335763e-02,8.348940187395e-04
"                 390",9.404604515328e-01,3.110542073108e-01,1.574890579002e+00,1.112520468493e+00,2.981759322340e-01,1.575874123573e+00,1.720600169605e-01,-1.287827507682e-02,9.835445701867e-04
"                 391",9.402418616910e-01,3.128201369133e-01,1.508629190859e+00,1.112181290701e+00,2.995763580518e-01,1.509744557220e+00,1.719394290097e-01,-1.324377886145e-02,1.115366361347e-03
"                 392",9.405134200432e-01,3.137972571064e-01,1.398456827954e+00,1.112335397931e+00,3.002236841815e-01,1.399672373104e+00,1.718219778882e-01,-1.357357292493e-02,1.215545149836e-03
"                 393",9.406694162112e-01,3.130356885622e-01,1.338521132508e+00,1.112392781101e+00,2.991765166646e-01,1.339792253691e+00,1.717233648896e-01,-1.385917189762e-02,1.271121183198e-03
"                 394",9.397144321245e-01,3.115771925372e-01,1.360355380756e+00,1.111345016191e+00,2.974734194353e-01,1.361671725976e+00,1.716305840667e-01,-1.410377310187e-02,1.316345219875e-03
"                 395",9.370503709381e-01,3.083811040032e-01,1.398457361465e+00,1.108558588769e+00,2.940868929376e-01,1.399805192783e+00,1.715082178314e-01,-1.429421106561e-02,1.347831317535e-03
"                 396",9.337411484810e-01,3.101235996322e-01,1.352582947302e+00,1.105064267565e+00,2.956754466501e-01,1.353960541960e+00,1.713231190843e-01,-1.444815298203e-02,1.377594657786e-03
"                 397",9.332763675901e-01,3.184126405794e-01,1.309171113963e+00,1.104368402684e+00,3.038971955677e-01,1.310545204143e+00,1.710920350939e-01,-1.451544501175e-02,1.374090180172e-03
"                 398",9.366090430721e-01,3.319616667810e-01,1.257344050441e+00,1.107523861566e+00,3.175107546140e-01,1.258704678832e+00,1.709148184935e-01,-1.445091216696e-02,1.360628390534e-03
"                 399",9.457329840292e-01,3.409608189968e-01,1.404392068253e+00,1.116644579150e+00,3.267350835512e-01,1.405734042203e+00,1.709115951209e-01,-1.422573544559e-02,1.341973950476e-03
"                 400",9.477040407052e-01,3.399995041930e-01,1.484243079196e+00,1.118818664233e+00,3.260825617339e-01,1.485618725104e+00,1.711146235281e-01,-1.391694245903e-02,1.375645907832e-03
"                 401",9.412309235554e-01,3.299699663578e-01,1.491583903681e+00,1.112500719828e+00,3.163321917893e-01,1.492998833497e+00,1.712697962730e-01,-1.363777456855e-02,1.414929815654e-03
"                 402",9.289972794137e-01,3.176871811925e-01,1.397870916959e+00,1.100159271046e+00,3.042098081797e-01,1.399301988234e+00,1.711619916324e-01,-1.347737301283e-02,1.431071274800e-03
"                 403",9.218197419594e-01,3.143454168097e-01,1.337948326499e+00,1.092547573444e+00,3.009183014376e-01,1.339331006288e+00,1.707278314843e-01,-1.342711537210e-02,1.382679788272e-03
"                 404",9.233107552681e-01,3.252706229205e-01,1.174902293372e+00,1.093503211531e+00,3.118592119999e-01,1.176211314597e+00,1.701924562632e-01,-1.341141092058e-02,1.309021224977e-03
"                 405",9.351206980072e-01,3.470551097875e-01,1.092786965656e+00,1.104985150299e+00,3.337663542155e-01,1.093994147483e+00,1.698644522922e-01,-1.328875557207e-02,1.207181826679e-03
"                 406",9.514796151683e-01,3.604198082786e-01,1.146214891755e+00,1.121401695195e+00,3.474686593891e-01,1.147339920527e+00,1.699220800272e-01,-1.295114888945e-02,1.125028771839e-03
"                 407",9.622308414913e-01,3.603394346208e-01,1.308571091244e+00,1.132699755708e+00,3.478401517234e-01,1.309667376659e+00,1.704689142172e-01,-1.249928289742e-02,1.096285415844e-03
"                 408",9.615669410940e-01,3.476366251565e-01,1.330396176582e+00,1.132719615927e+00,3.355718773813e-01,1.331523956698e+00,1.711526748326e-01,-1.206474777518e-02,1.127780116045e-03
"                 409",9.515514526200e-01,3.323451642316e-01,1.243947703913e+00,1.123167563066e+00,3.205562013532e-01,1.245096951828e+00,1.716161104463e-01,-1.178896287840e-02,1.149247915681e-03
"                 410",9.387198998601e-01,3.263555742126e-01,9.575756651702e-01,1.110279872239e+00,3.146738203428e-01,9.586921510018e-01,1.715599723787e-01,-1.168175386983e-02,1.116485831592e-03
"                 411",9.297195136305e-01,3.301168244666e-01,6.445523826178e-01,1.100908054450e+00,3.184381624720e-01,6.455398660026e-01,1.711885408192e-01,-1.167866199462e-02,9.874833847478e-04
"                 412",9.307201767894e-01,3.386763599689e-01,4.626829325735e-01,1.101265472802e+00,3.270159412492e-01,4.634477701072e-01,1.705452960129e-01,-1.166041871963e-02,7.648375337408e-04
"                 413",9.400595982684e-01,3.457066553541e-01,4.629187590543e-01,1.110271409306e+00,3.341278130894e-01,4.634602429392e-01,1.702118110377e-01,-1.157884226479e-02,5.414838848388e-04
"                 414",9.515107048410e-01,3.483405433643e-01,5.632098294679e-01,1.121620446588e+00,3.368891463889e-01,5.635938840595e-01,1.701097417467e-01,-1.145139697535e-02,3.840545915651e-04
"                 415",9.589034331181e-01,3.520639862135e-01,5.652080215214e-01,1.129342144959e+00,3.408054869117e-01,5.655070258254e-01,1.704387118411e-01,-1.125849930183e-02,2.990043039612e-04
"                 416",9.601860473471e-01,3.551979338587e-01,4.766979615220e-01,1.130985990238e+00,3.441684137961e-01,4.769387564063e-01,1.707999428906e-01,-1.102952006265e-02,2.407948843208e-04
"                 417",9.581102014980e-01,3.612005813765e-01,3.448229610491e-01,1.129316414815e+00,3.504393897032e-01,3.449965878648e-01,1.712062133169e-01,-1.076119167337e-02,1.736268156484e-04
"                 418",9.562021748814e-01,3.694690284866e-01,2.136232931600e-01,1.127603030643e+00,3.590068958669e-01,2.136963588750e-01,1.714008557615e-01,-1.046213261961e-02,7.306571499909e-05
"                 419",9.574292966250e-01,3.768357678393e-01,9.019142069038e-02,1.129096777755e+00,3.667269726125e-01,9.014117787590e-02,1.716674811303e-01,-1.010879522679e-02,-5.024281448066e-05
"                 420",9.629308114705e-01,3.813650509287e-01,8.445518819163e-02,1.134828603706e+00,3.716214822664e-01,8.428477378186e-02,1.718977922354e-01,-9.743568662273e-03,-1.704144097674e-04
"                 421",9.697500627727e-01,3.834682081112e-01,1.629073406030e-01,1.142130017775e+00,3.740804946611e-01,1.626555251581e-01,1.723799550022e-01,-9.387713450113e-03,-2.518154448908e-04
"                 422",9.751912018217e-01,3.854155989511e-01,2.498865615383e-01,1.148155011146e+00,3.763377964938e-01,2.496066121497e-01,1.729638093248e-01,-9.077802457282e-03,-2.799493886077e-04
"                 423",9.774809912640e-01,3.887385286134e-01,2.239413519620e-01,1.151141339914e+00,3.799302860109e-01,2.236744623328e-01,1.736603486505e-01,-8.808242602443e-03,-2.668896292860e-04
"                 424",9.782316202363e-01,3.929905950243e-01,9.274616543189e-02,1.152528716223e+00,3.844290947798e-01,9.249606275100e-02,1.742970959865e-01,-8.561500244514e-03,-2.501026808899e-04
"                 425",9.791872129579e-01,3.982724570779e-01,-5.037391422777e-02,1.154092704355e+00,3.899294529326e-01,-5.064341688201e-02,1.749054913967e-01,-8.343004145330e-03,-2.695026542382e-04
"                 426",9.827880325361e-01,4.037503723789e-01,-1.314321155598e-01,1.158251530782e+00,3.956221513952e-01,-1.317410455903e-01,1.754634982459e-01,-8.128220983729e-03,-3.089300304885e-04
"                 427",9.868311211976e-01,4.071102584573e-01,-1.621905924016e-01,1.162937209056e+00,3.991707547479e-01,-1.625500799833e-01,1.761060878583e-01,-7.939503709399e-03,-3.594875816849e-04
"                 428",9.877245803893e-01,4.068334281913e-01,-1.280703673721e-01,1.164454515984e+00,3.990551742143e-01,-1.284686316838e-01,1.767299355942e-01,-7.778253977082e-03,-3.982643116608e-04
"                 429",9.879821798775e-01,4.067454710738e-01,-1.430782497994e-01,1.165278550799e+00,3.990685299399e-01,-1.434965283295e-01,1.772963709211e-01,-7.676941133815e-03,-4.182785301361e-04
"                 430",9.878580701550e-01,4.061143611030e-01,-1.106933085171e-01,1.165593107989e+00,3.984902455727e-01,-1.111123964877e-01,1.777350378339e-01,-7.624115530362e-03,-4.190879706619e-04
"                 431",9.890295698663e-01,4.090469564018e-01,-1.168091246148e-01,1.167140745345e+00,4.014256795653e-01,-1.172221073554e-01,1.781111754787e-01,-7.621276836551e-03,-4.129827406084e-04
"                 432",9.914563933945e-01,4.100182116234e-01,-1.007970619288e-01,1.169919040284e+00,4.023937204774e-01,-1.011977226858e-01,1.784626468890e-01,-7.624491145999e-03,-4.006607569793e-04
"                 433",9.907012705205e-01,4.108717369182e-01,-1.294287338192e-01,1.169505172506e+00,4.032346607688e-01,-1.298284023717e-01,1.788039019859e-01,-7.637076149308e-03,-3.996685524676e-04
"                 434",9.890237094809e-01,4.109499482765e-01,-2.036289189202e-01,1.168079078180e+00,4.033091568697e-01,-2.040347879256e-01,1.790553686995e-01,-7.640791406740e-03,-4.058690054546e-04
"                 435",9.890789456113e-01,4.084786023663e-01,-2.405573038082e-01,1.168315497066e+00,4.008297079447e-01,-2.410020607792e-01,1.792365514548e-01,-7.648894421632e-03,-4.447569709880e-04
"                 436",9.834288723430e-01,4.071777072577e-01,-1.745306841698e-01,1.162749042796e+00,3.995062962165e-01,-1.750124088148e-01,1.793201704531e-01,-7.671411041219e-03,-4.817246449190e-04
"                 437",9.798959780824e-01,4.081667267939e-01,-1.861823021876e-01,1.159131712461e+00,4.004911531982e-01,-1.867165108720e-01,1.792357343786e-01,-7.675573595724e-03,-5.342086843978e-04
"                 438",9.811570889999e-01,4.039933852528e-01,-2.469433642684e-01,1.160268730363e+00,3.963355264361e-01,-2.475363982134e-01,1.791116413635e-01,-7.657858816756e-03,-5.930339449793e-04
"                 439",9.772928750470e-01,3.909857719948e-01,-1.430494983116e-02,1.156291865852e+00,3.833061862697e-01,-1.498237777330e-02,1.789989908045e-01,-7.679585725131e-03,-6.774279421396e-04
"                 440",9.706623124383e-01,3.847489754732e-01,1.223141345611e-01,1.149453308779e+00,3.769852607605e-01,1.215975346505e-01,1.787909963411e-01,-7.763714712732e-03,-7.165999105284e-04
"                 441",9.677837651611e-01,3.854410037450e-01,4.921691024946e-02,1.146219231841e+00,3.776051754941e-01,4.843664667697e-02,1.784354666797e-01,-7.835828250892e-03,-7.802635724948e-04
"                 442",9.620340876604e-01,3.858489550123e-01,1.923892848476e-02,1.140165161953e+00,3.779764592609e-01,1.838912710026e-02,1.781310742927e-01,-7.872495751410e-03,-8.498013845026e-04
"                 443",9.616813225496e-01,3.789914970716e-01,-1.038462247954e-02,1.139396647811e+00,3.711182702199e-01,-1.136452750379e-02,1.777153252617e-01,-7.873226851742e-03,-9.799050242494e-04
"                 444",9.604384795894e-01,3.717404722748e-01,-3.541920482101e-03,1.137910940405e+00,3.638377507576e-01,-4.618885697039e-03,1.774724608155e-01,-7.902721517149e-03,-1.076965214938e-03
"                 445",9.588323661865e-01,3.651963928870e-01,2.987110452426e-02,1.136028707318e+00,3.572531545501e-01,2.865541943038e-02,1.771963411311e-01,-7.943238336850e-03,-1.215685093872e-03
"                 446",9.568447439119e-01,3.614638301685e-01,2.063518095140e-02,1.133939141236e+00,3.534847095023e-01,1.933378971304e-02,1.770943973238e-01,-7.979120666165e-03,-1.301391238361e-03
"                 447",9.565237014928e-01,3.601956124954e-01,-8.182767577199e-02,1.133486718649e+00,3.521809033327e-01,-8.324927435493e-02,1.769630171560e-01,-8.014709162671e-03,-1.421598582936e-03
"                 448",9.566461371788e-01,3.590823811056e-01,-2.180058008639e-01,1.133614108240e+00,3.510660484173e-01,-2.195304323557e-01,1.769679710612e-01,-8.016332688330e-03,-1.524631491787e-03
"                 449",9.556317017154e-01,3.551947577086e-01,-2.613190587995e-01,1.132626578201e+00,3.471933678475e-01,-2.629976394119e-01,1.769948764860e-01,-8.001389861113e-03,-1.678580612404e-03
"                 450",9.526754017716e-01,3.500905341669e-01,-2.127493552656e-01,1.129825142876e+00,3.421170373984e-01,-2.145219561214e-01,1.771497411045e-01,-7.973496768481e-03,-1.772600855818e-03
"                 451",9.490272056727e-01,3.468062262174e-01,-1.990124929010e-01,1.126231907209e+00,3.388579572809e-01,-2.008832766584e-01,1.772047015358e-01,-7.948268936523e-03,-1.870783757486e-03
"                 452",9.441134668507e-01,3.444398376252e-01,-2.130038513119e-01,1.121362381773e+00,3.365232445961e-01,-2.149087398943e-01,1.772489149228e-01,-7.916593029053e-03,-1.904888582359e-03
"                 453",9.378335784453e-01,3.422378450575e-01,-2.348707537793e-01,1.114972484519e+00,3.343459393490e-01,-2.368219586519e-01,1.771389060735e-01,-7.891905708498e-03,-1.951204872620e-03
"                 454",9.298127410323e-01,3.394834560827e-01,-2.177238253024e-01,1.106756050781e+00,3.315979088526e-01,-2.196606962184e-01,1.769433097483e-01,-7.885547230082e-03,-1.936870916019e-03
"                 455",9.213474070070e-01,3.365477054486e-01,-1.495378481196e-01,1.097928102841e+00,3.286502482691e-01,-1.514749563317e-01,1.765806958338e-01,-7.897457179501e-03,-1.937108212124e-03
"                 456",9.132855385167e-01,3.317491755570e-01,-9.036531219619e-02,1.089392573782e+00,3.238269384733e-01,-9.225868979370e-02,1.761070352655e-01,-7.922237083731e-03,-1.893377597511e-03
"                 457",9.082868738761e-01,3.269758713757e-01,-9.551341261443e-02,1.083821098453e+00,3.190083310995e-01,-9.737122590805e-02,1.755342245771e-01,-7.967540276216e-03,-1.857813293624e-03
"                 458",9.054131066298e-01,3.211665938470e-01,-5.333952244721e-02,1.080380313283e+00,3.131449611819e-01,-5.515636306839e-02,1.749672066530e-01,-8.021632665104e-03,-1.816840621188e-03
"                 459",9.067816712149e-01,3.176484607065e-01,-4.275698429275e-02,1.081222574795e+00,3.095494532488e-01,-4.453913324814e-02,1.744409035803e-01,-8.099007457753e-03,-1.782148955392e-03
"                 460",9.098681959793e-01,3.169030367456e-01,-5.073427872842e-02,1.083915295283e+00,3.087295240202e-01,-5.248231385646e-02,1.740470993035e-01,-8.173512725426e-03,-1.748035128033e-03
"                 461",9.108363321856e-01,3.150306292193e-01,-2.787995684591e-02,1.084603820028e+00,3.067989339514e-01,-2.961528372781e-02,1.737674878422e-01,-8.231695267905e-03,-1.735326881901e-03
"                 462",9.085840716222e-01,3.109491295477e-01,7.996205584969e-02,1.082108323426e+00,3.026695733939e-01,7.826110124051e-02,1.735242518040e-01,-8.279556153838e-03,-1.700954609183e-03
"                 463",9.023554110234e-01,3.054147247925e-01,2.304822127395e-01,1.075602062849e+00,2.970862470987e-01,2.288394107867e-01,1.732466518258e-01,-8.328477693755e-03,-1.642801952787e-03
"                 464",8.954432454954e-01,2.983535231818e-01,3.536834884626e-01,1.068318574706e+00,2.899656967547e-01,3.521312690370e-01,1.728753292108e-01,-8.387826427126e-03,-1.552219425612e-03
"                 465",8.924291615526e-01,2.931491276138e-01,4.138039639588e-01,1.064863158271e+00,2.846828820448e-01,4.123458550426e-01,1.724339967184e-01,-8.466245569016e-03,-1.458108916126e-03
"                 466",8.930832691853e-01,2.926438299939e-01,4.254723206799e-01,1.065133585566e+00,2.841195757196e-01,4.240992455051e-01,1.720503163812e-01,-8.524254274323e-03,-1.373075174743e-03
"                 467",8.962854676315e-01,2.933423937710e-01,3.798453631893e-01,1.068073629631e+00,2.848055814649e-01,3.785290730452e-01,1.717881619992e-01,-8.536812306106e-03,-1.316290144148e-03
"                 468",9.013119942600e-01,2.965224395614e-01,2.640353525552e-01,1.073000094085e+00,2.880270277783e-01,2.627592678049e-01,1.716880998254e-01,-8.495411783139e-03,-1.276084750319e-03
"                 469",9.045218722348e-01,2.997832808798e-01,2.878310581445e-01,1.076256905380e+00,2.913795528294e-01,2.865763928665e-01,1.717350331450e-01,-8.403728050432e-03,-1.254665278083e-03
"                 470",9.042412237431e-01,2.995441155163e-01,4.311522898504e-01,1.076122678095e+00,2.912747171012e-01,4.299429211920e-01,1.718814543522e-01,-8.269398415151e-03,-1.209368658388e-03
"                 471",9.033884462755e-01,3.001202799261e-01,5.428521384145e-01,1.075440223770e+00,2.919972985147e-01,5.417136387292e-01,1.720517774947e-01,-8.122981411336e-03,-1.138499685244e-03
"                 472",9.072984292389e-01,3.034647230086e-01,5.531585713466e-01,1.079555462390e+00,2.954808015196e-01,5.521131647949e-01,1.722570331513e-01,-7.983921489021e-03,-1.045406551705e-03
"                 473",9.125284078868e-01,3.072792700638e-01,6.261509321499e-01,1.085083210243e+00,2.994217292448e-01,6.251855068762e-01,1.725548023565e-01,-7.857540819020e-03,-9.654252736820e-04
"                 474",9.185763099895e-01,3.072533893015e-01,7.118980402389e-01,1.091546196827e+00,2.995041742037e-01,7.110192735075e-01,1.729698868375e-01,-7.749215097819e-03,-8.787667313668e-04
"                 475",9.247580365448e-01,3.087855296324e-01,8.328295669769e-01,1.098243331246e+00,3.010993179826e-01,8.320408000983e-01,1.734852947012e-01,-7.686211649780e-03,-7.887668786245e-04
"                 476",9.282471145467e-01,3.133312674049e-01,8.932742250470e-01,1.102300342785e+00,3.056925730125e-01,8.925972670710e-01,1.740532282387e-01,-7.638694392424e-03,-6.769579760672e-04
"                 477",9.281198949920e-01,3.166643620977e-01,9.408393628230e-01,1.102678437295e+00,3.090761099072e-01,9.402628556134e-01,1.745585423033e-01,-7.588252190569e-03,-5.765072096717e-04
"                 478",9.276930197275e-01,3.205377412300e-01,8.789125334358e-01,1.102623370351e+00,3.130140195608e-01,8.784238847536e-01,1.749303506235e-01,-7.523721669202e-03,-4.886486821841e-04
"                 479",9.337320230482e-01,3.279560741962e-01,7.394973285158e-01,1.108943773186e+00,3.205016674488e-01,7.390369658902e-01,1.752117501378e-01,-7.454406747470e-03,-4.603626255600e-04
"                 480",9.421986249450e-01,3.366121601817e-01,6.931351941636e-01,1.117768137568e+00,3.292619758155e-01,6.926498929007e-01,1.755695126234e-01,-7.350184366284e-03,-4.853012628745e-04
"                 481",9.469454276639e-01,3.380975690397e-01,9.004391088206e-01,1.122954752960e+00,3.308627315812e-01,8.999179487986e-01,1.760093252964e-01,-7.234837458514e-03,-5.211600220504e-04
"                 482",9.474504841391e-01,3.351987893061e-01,1.013848859392e+00,1.123843364862e+00,3.280628859946e-01,1.013345965812e+00,1.763928807226e-01,-7.135903311485e-03,-5.028935793855e-04
"                 483",9.447748059114e-01,3.316682284824e-01,9.873051288989e-01,1.121381539041e+00,3.245909019824e-01,9.868383213516e-01,1.766067331293e-01,-7.077326499967e-03,-4.668075472640e-04
"                 484",9.403096745443e-01,3.296767655453e-01,9.165975468240e-01,1.116924497656e+00,3.226256386562e-01,9.161714234431e-01,1.766148231121e-01,-7.051126889115e-03,-4.261233808675e-04
"                 485",9.372994248041e-01,3.317727378010e-01,8.744836120208e-01,1.113701820167e+00,3.247091443502e-01,8.740785680541e-01,1.764023953630e-01,-7.063593450817e-03,-4.050439667031e-04
"                 486",9.361960642488e-01,3.361984956122e-01,8.794218512431e-01,1.112276401671e+00,3.291119952369e-01,8.790547369899e-01,1.760803374219e-01,-7.086500375264e-03,-3.671142532301e-04
"                 487",9.355988859859e-01,3.389183379673e-01,9.063685318964e-01,1.111271120519e+00,3.318157982342e-01,9.060387180452e-01,1.756722345334e-01,-7.102539733084e-03,-3.298138511317e-04
"                 488",9.354315715604e-01,3.404973614542e-01,9.420375048065e-01,1.110721673852e+00,3.334032487907e-01,9.417776284827e-01,1.752901022919e-01,-7.094112663492e-03,-2.598763238101e-04
"                 489",9.346531567516e-01,3.411926644798e-01,1.002228470092e+00,1.109479379567e+00,3.341216558281e-01,1.002018192268e+00,1.748262228151e-01,-7.071008651726e-03,-2.102778240435e-04
"                 490",9.321949635184e-01,3.412434530439e-01,1.062235692600e+00,1.106690164517e+00,3.342151186923e-01,1.062127806095e+00,1.744952009982e-01,-7.028334351541e-03,-1.078865047186e-04
"                 491",9.309370587966e-01,3.420368022057e-01,1.161935714400e+00,1.105014431826e+00,3.350432054479e-01,1.161900491220e+00,1.740773730294e-01,-6.993596757733e-03,-3.522317984385e-05
"                 492",9.320248646915e-01,3.433561078517e-01,1.280134389664e+00,1.105861946042e+00,3.364086303983e-01,1.280229085347e+00,1.738370813502e-01,-6.947477453451e-03,9.469568262188e-05
"                 493",9.355551956126e-01,3.453742851230e-01,1.325306733484e+00,1.109220701009e+00,3.384528865511e-01,1.325517618543e+00,1.736655053961e-01,-6.921398571892e-03,2.108850590850e-04
"                 494",9.404038779110e-01,3.465085902667e-01,1.310014719308e+00,1.114147158249e+00,3.396107936319e-01,1.310387551939e+00,1.737432803375e-01,-6.897796634754e-03,3.728326308321e-04
"                 495",9.429889765605e-01,3.479547278871e-01,1.250840918324e+00,1.116848346286e+00,3.410651296892e-01,1.251332313629e+00,1.738593697254e-01,-6.889598197861e-03,4.913953047122e-04
"                 496",9.436593304342e-01,3.505915526657e-01,1.236199228123e+00,1.117761092280e+00,3.437220515414e-01,1.236835653536e+00,1.741017618460e-01,-6.869501124304e-03,6.364254130649e-04
"                 497",9.409054555609e-01,3.514816191678e-01,1.338117977868e+00,1.115098472257e+00,3.446261596847e-01,1.338863187061e+00,1.741930166958e-01,-6.855459483033e-03,7.452091938196e-04
"                 498",9.375285160510e-01,3.503293130306e-01,1.497126855907e+00,1.111715899086e+00,3.434952826027e-01,1.498035668503e+00,1.741873830345e-01,-6.834030427888e-03,9.088125963499e-04
"                 499",9.343944401379e-01,3.476142640216e-01,1.597357045680e+00,1.108356306768e+00,3.407775740570e-01,1.598422225176e+00,1.739618666303e-01,-6.836689964529e-03,1.065179496557e-03
"                 500",9.340583357059e-01,3.458956892393e-01,1.553353052242e+00,1.107758807163e+00,3.390390765485e-01,1.554617114838e+00,1.737004714571e-01,-6.856612690818e-03,1.264062595863e-03
"                 501",9.356800944358e-01,3.464927818350e-01,1.381717715064e+00,1.109026147974e+00,3.395817070093e-01,1.383095610602e+00,1.733460535382e-01,-6.911074825719e-03,1.377895538123e-03
"                 502",9.373291011103e-01,3.471467710319e-01,1.242957477826e+00,1.110446808575e+00,3.401882753368e-01,1.244403870437e+00,1.731177074648e-01,-6.958495695164e-03,1.446392610789e-03
"                 503",9.370025734921e-01,3.470728629077e-01,1.180638432101e+00,1.109886803030e+00,3.400702329082e-01,1.182066237684e+00,1.728842295380e-01,-7.002629999451e-03,1.427805583857e-03
"                 504",9.366025747866e-01,3.456685986677e-01,1.121459749051e+00,1.109359212959e+00,3.386579169543e-01,1.122892770447e+00,1.727566381722e-01,-7.010681713410e-03,1.433021396583e-03
"                 505",9.365625143260e-01,3.444333559983e-01,1.149934747938e+00,1.109105363065e+00,3.374194393643e-01,1.151335203750e+00,1.725428487391e-01,-7.013916634010e-03,1.400455811345e-03
"                 506",9.375387344942e-01,3.432500550939e-01,1.246096344064e+00,1.109949360363e+00,3.362558491318e-01,1.247509973511e+00,1.724106258687e-01,-6.994205962100e-03,1.413629446414e-03
"                 507",9.378697773705e-01,3.425919946117e-01,1.347789064346e+00,1.110100380775e+00,3.356140783290e-01,1.349207263850e+00,1.722306034043e-01,-6.977916282695e-03,1.418199503728e-03
"                 508",9.369002304151e-01,3.443521653341e-01,1.402795012993e+00,1.109033656728e+00,3.374294013497e-01,1.404269766728e+00,1.721334263132e-01,-6.922763984403e-03,1.474753734707e-03
"                 509",9.354460606752e-01,3.479973047793e-01,1.361944124437e+00,1.107382217525e+00,3.411575917869e-01,1.363431204861e+00,1.719361568500e-01,-6.839712992395e-03,1.487080423824e-03
"                 510",9.356175497887e-01,3.495550055014e-01,1.324286185464e+00,1.107444217253e+00,3.428464306713e-01,1.325792847355e+00,1.718266674643e-01,-6.708574830146e-03,1.506661891030e-03
"                 511",9.379216754998e-01,3.498953295354e-01,1.321048697038e+00,1.109615245316e+00,3.433103152154e-01,1.322543545768e+00,1.716935698167e-01,-6.585014320079e-03,1.494848729920e-03
"                 512",9.408041052404e-01,3.512334942383e-01,1.334999123066e+00,1.112549991316e+00,3.447741313558e-01,1.336534007456e+00,1.717458860756e-01,-6.459362882447e-03,1.534884390739e-03
"                 513",9.424895730156e-01,3.532076183240e-01,1.383446301841e+00,1.114297110341e+00,3.468646234389e-01,1.385011006618e+00,1.718075373251e-01,-6.342994885122e-03,1.564704776482e-03
"                 514",9.429911664619e-01,3.538582639265e-01,1.470121650877e+00,1.115007216689e+00,3.476626417726e-01,1.471786319665e+00,1.720160502273e-01,-6.195622153896e-03,1.664668787203e-03
"                 515",9.442638239881e-01,3.531053058158e-01,1.512836747443e+00,1.116430813135e+00,3.470477364286e-01,1.514581978862e+00,1.721669891465e-01,-6.057569387178e-03,1.745231418761e-03
"                 516",9.459612076725e-01,3.551327478592e-01,1.517332524699e+00,1.118345083989e+00,3.492047527184e-01,1.519193105613e+00,1.723838763163e-01,-5.927995140838e-03,1.860580914482e-03
"                 517",9.470492330210e-01,3.566470797304e-01,1.506322435216e+00,1.119609847189e+00,3.508383026697e-01,1.508264043152e+00,1.725606141679e-01,-5.808777060638e-03,1.941607935950e-03
"                 518",9.469208491463e-01,3.575380899442e-01,1.531074114412e+00,1.119725035306e+00,3.518532607956e-01,1.533135915589e+00,1.728041861598e-01,-5.684829148609e-03,2.061801177107e-03
"                 519",9.468781767201e-01,3.573498906530e-01,1.606268455972e+00,1.119811624575e+00,3.517799218973e-01,1.608429991819e+00,1.729334478553e-01,-5.569968755732e-03,2.161535847475e-03
"                 520",9.473537325235e-01,3.566581186791e-01,1.755359264610e+00,1.120458347028e+00,3.511953139936e-01,1.757674701923e+00,1.731046145048e-01,-5.462804685501e-03,2.315437312968e-03
"                 521",9.482759295567e-01,3.549297115533e-01,1.885566695093e+00,1.121476734549e+00,3.495334568442e-01,1.888039786710e+00,1.732008049925e-01,-5.396254709085e-03,2.473091616805e-03
"                 522",9.491166245805e-01,3.560946712448e-01,1.991631533237e+00,1.122514480164e+00,3.507340082457e-01,1.994327473605e+00,1.733978555834e-01,-5.360662999111e-03,2.695940367968e-03
"                 523",9.504389409596e-01,3.568274617609e-01,2.074740541474e+00,1.123930552139e+00,3.514702523581e-01,2.077641723608e+00,1.734916111795e-01,-5.357209402761e-03,2.901182134788e-03
"                 524",9.514902087828e-01,3.560106445507e-01,2.151713564641e+00,1.125142303543e+00,3.506433097855e-01,2.154860303347e+00,1.736520947601e-01,-5.367334765228e-03,3.146738705653e-03
"                 525",9.521853113896e-01,3.574467967054e-01,2.151680881363e+00,1.125897780630e+00,3.520510300749e-01,2.155007608350e+00,1.737124692404e-01,-5.395766630461e-03,3.326726987245e-03
"                 526",9.522149415433e-01,3.564969674592e-01,2.160489040263e+00,1.126107902326e+00,3.510771177795e-01,2.164010780940e+00,1.738929607825e-01,-5.419849679678e-03,3.521740676782e-03
"                 527",9.506405734971e-01,3.550409158645e-01,2.242645146962e+00,1.124555307260e+00,3.495663011805e-01,2.246295904531e+00,1.739147337627e-01,-5.474614684001e-03,3.650757569405e-03
"                 528",9.496763378580e-01,3.527160349852e-01,2.333029325126e+00,1.123622155722e+00,3.471786057375e-01,2.336875098590e+00,1.739458178639e-01,-5.537429247676e-03,3.845773463584e-03
"                 529",9.496474018589e-01,3.521307366591e-01,2.367574533487e+00,1.123507707112e+00,3.464822732628e-01,2.371596918585e+00,1.738603052536e-01,-5.648463396286e-03,4.022385097191e-03
"                 530",9.504069477963e-01,3.521695664719e-01,2.325581717071e+00,1.124332551926e+00,3.464028361373e-01,2.329832486406e+00,1.739256041296e-01,-5.766730334673e-03,4.250769335536e-03
"                 531",9.513715581034e-01,3.516098778832e-01,2.245209662868e+00,1.125388435363e+00,3.456982200268e-01,2.249614177933e+00,1.740168772597e-01,-5.911657856382e-03,4.404515065535e-03
"                 532",9.517873582775e-01,3.510079164588e-01,2.176848039983e+00,1.126096267381e+00,3.449679608763e-01,2.181423447046e+00,1.743089091032e-01,-6.039955582481e-03,4.575407063407e-03
"                 533",9.513985088898e-01,3.509072683374e-01,2.168128958001e+00,1.125921523307e+00,3.447361457238e-01,2.172791992759e+00,1.745230144167e-01,-6.171122613582e-03,4.663034757587e-03
"                 534",9.500318104729e-01,3.510561757835e-01,2.205483022004e+00,1.124824539307e+00,3.447857491871e-01,2.210245781817e+00,1.747927288337e-01,-6.270426596347e-03,4.762759812880e-03
"                 535",9.477773773842e-01,3.512269738816e-01,2.196998067371e+00,1.122706343009e+00,3.448575916111e-01,2.201788632112e+00,1.749289656246e-01,-6.369382270486e-03,4.790564740799e-03
"                 536",9.463092809968e-01,3.538010342259e-01,2.114697507919e+00,1.121490381692e+00,3.473586263067e-01,2.119535477201e+00,1.751811006956e-01,-6.442407919189e-03,4.837969282488e-03
"                 537",9.459429907680e-01,3.590783384963e-01,2.018961207883e+00,1.121302658036e+00,3.525746075550e-01,2.023755561217e+00,1.753596672679e-01,-6.503730941328e-03,4.794353333753e-03
"                 538",9.467446002069e-01,3.638806851843e-01,1.877285231774e+00,1.122457362022e+00,3.574120674840e-01,1.882038332046e+00,1.757127618146e-01,-6.468617700309e-03,4.753100272300e-03
"                 539",9.472600449541e-01,3.660613913513e-01,1.820106959136e+00,1.123318538339e+00,3.596756428321e-01,1.824754176100e+00,1.760584933846e-01,-6.385748519173e-03,4.647216963640e-03
"                 540",9.509137028031e-01,3.689808580185e-01,1.724099205014e+00,1.127498159613e+00,3.627302426090e-01,1.728679223149e+00,1.765844568095e-01,-6.250615409485e-03,4.580018135140e-03
"                 541",9.526886970833e-01,3.723237567856e-01,1.757497273438e+00,1.129819477443e+00,3.662185039477e-01,1.761960132223e+00,1.771307803592e-01,-6.105252837908e-03,4.462858784970e-03
"                 542",9.527149768134e-01,3.724339332347e-01,1.934464574169e+00,1.130552408630e+00,3.665223625301e-01,1.938899555072e+00,1.778374318169e-01,-5.911570704676e-03,4.434980903277e-03
"                 543",9.530754546932e-01,3.713896920778e-01,2.041814571300e+00,1.131498021282e+00,3.656344709054e-01,2.046234898410e+00,1.784225665893e-01,-5.755221172371e-03,4.420327109690e-03
"                 544",9.567464055597e-01,3.775710326514e-01,1.965807482498e+00,1.135777492792e+00,3.719678074001e-01,1.970262060839e+00,1.790310872319e-01,-5.603225251322e-03,4.454578340543e-03
"                 545",9.606731403297e-01,3.789025187165e-01,1.838170638525e+00,1.140299385233e+00,3.734519512126e-01,1.842606873577e+00,1.796262449029e-01,-5.450567503882e-03,4.436235051625e-03
"                 546",9.621003821547e-01,3.797157697067e-01,1.736334679328e+00,1.142420459671e+00,3.744282497788e-01,1.740772055685e+00,1.803200775163e-01,-5.287519927942e-03,4.437376356946e-03
"                 547",9.648152217257e-01,3.860339357429e-01,1.722885998581e+00,1.145709229011e+00,3.809117149271e-01,1.727276100663e+00,1.808940072855e-01,-5.122220815849e-03,4.390102081477e-03
"                 548",9.714750074312e-01,3.972767166786e-01,1.719122772163e+00,1.153061564652e+00,3.924015296778e-01,1.723518593531e+00,1.815865572209e-01,-4.875187000829e-03,4.395821368037e-03
"                 549",9.803225264205e-01,4.036749952042e-01,1.713449342731e+00,1.162697394995e+00,3.991031245642e-01,1.717837697672e+00,1.823748685744e-01,-4.571870639951e-03,4.388354941088e-03
"                 550",9.857933569949e-01,4.030791567996e-01,1.712090589334e+00,1.169207103158e+00,3.988509718770e-01,1.716550772028e+00,1.834137461631e-01,-4.228184922606e-03,4.460182693491e-03
"                 551",9.885076184076e-01,4.129847374072e-01,1.689372344104e+00,1.172875866697e+00,4.090867621197e-01,1.693874218495e+00,1.843682482894e-01,-3.897975287522e-03,4.501874391368e-03
"                 552",9.943490997747e-01,4.273085947148e-01,1.649104177804e+00,1.179711883735e+00,4.238526869706e-01,1.653687119818e+00,1.853627839604e-01,-3.455907744139e-03,4.582942014357e-03
"                 553",1.000306993127e+00,4.309731817680e-01,1.702200082767e+00,1.186631988387e+00,4.280213573999e-01,1.706828800310e+00,1.863249952606e-01,-2.951824368134e-03,4.628717542884e-03
"                 554",1.003266772299e+00,4.220642017803e-01,1.900454377471e+00,1.190608133212e+00,4.195534001631e-01,1.905215423771e+00,1.873413609132e-01,-2.510801617195e-03,4.761046299743e-03
"                 555",1.009323453575e+00,4.142875571979e-01,2.041488347507e+00,1.197489369042e+00,4.120064804554e-01,2.046408418634e+00,1.881659154670e-01,-2.281076742464e-03,4.920071127704e-03
"                 556",1.014766947527e+00,4.109881367872e-01,2.149010034019e+00,1.203793253116e+00,4.087709622620e-01,2.154184337767e+00,1.890263055893e-01,-2.217174525213e-03,5.174303748543e-03
"                 557",1.019780736621e+00,4.193878985631e-01,2.152208791484e+00,1.209538025783e+00,4.171248424344e-01,2.157615300735e+00,1.897572891612e-01,-2.263056128753e-03,5.406509251527e-03
"                 558",1.023502546029e+00,4.293734534619e-01,2.126076034664e+00,1.214001458728e+00,4.271226472779e-01,2.131739300763e+00,1.904989126994e-01,-2.250806184035e-03,5.663266099042e-03
"                 559",1.027485245673e+00,4.318656303393e-01,2.131741413027e+00,1.218614605495e+00,4.296871961847e-01,2.137595391834e+00,1.911293598220e-01,-2.178434154644e-03,5.853978807036e-03
"                 560",1.033099965704e+00,4.299896838266e-01,2.120896753667e+00,1.224960195803e+00,4.279072926306e-01,2.126971896477e+00,1.918602300985e-01,-2.082391195990e-03,6.075142810005e-03
"                 561",1.037344143761e+00,4.252864093101e-01,2.200135215119e+00,1.229869859469e+00,4.232440634178e-01,2.206379741368e+00,1.925257157081e-01,-2.042345892327e-03,6.244526249640e-03
"                 562",1.040161344016e+00,4.224581059603e-01,2.323153935709e+00,1.233389177795e+00,4.204013274033e-01,2.329600895643e+00,1.932278337789e-01,-2.056778556964e-03,6.446959934422e-03
"                 563",1.042604069154e+00,4.213143748104e-01,2.381704723184e+00,1.236391932275e+00,4.191448030675e-01,2.388324432959e+00,1.937878631205e-01,-2.169571742884e-03,6.619709775126e-03
"                 564",1.047415942631e+00,4.268622352629e-01,2.230639516964e+00,1.241880580799e+00,4.245874769253e-01,2.237479671346e+00,1.944646381680e-01,-2.274758337514e-03,6.840154381696e-03
"                 565",1.049956804247e+00,4.267138812709e-01,2.204261967883e+00,1.245015621662e+00,4.243470896295e-01,2.211216679377e+00,1.950588174147e-01,-2.366791641411e-03,6.954711494038e-03
"                 566",1.052024586771e+00,4.214405461040e-01,2.223744121598e+00,1.247681183066e+00,4.190025308360e-01,2.230810076681e+00,1.956565962948e-01,-2.438015268063e-03,7.065955083110e-03
"                 567",1.053867157350e+00,4.140384098487e-01,2.278757827355e+00,1.249948559379e+00,4.114593067314e-01,2.285870984559e+00,1.960814020290e-01,-2.579103117319e-03,7.113157204226e-03
"                 568",1.055302748474e+00,4.094502219118e-01,2.242502776496e+00,1.251882135537e+00,4.066923552759e-01,2.249716137651e+00,1.965793870631e-01,-2.757866635932e-03,7.213361155451e-03
"                 569",1.054685127939e+00,4.092568673644e-01,2.140525160567e+00,1.251585157052e+00,4.062680016445e-01,2.147759305817e+00,1.969000291135e-01,-2.988865719986e-03,7.234145250222e-03
"                 570",1.054618124307e+00,4.059417542193e-01,2.087543036608e+00,1.251818524868e+00,4.027535054053e-01,2.094794936300e+00,1.972004005606e-01,-3.188248814000e-03,7.251899692478e-03
"                 571",1.054346143402e+00,4.019299348764e-01,2.057628143277e+00,1.251669414932e+00,3.985126111216e-01,2.064818273197e+00,1.973232715292e-01,-3.417323754798e-03,7.190129920700e-03
"                 572",1.054005986415e+00,4.002708526192e-01,2.018806387733e+00,1.251555653657e+00,3.966651939620e-01,2.025982026902e+00,1.975496672423e-01,-3.605658657225e-03,7.175639169739e-03
"                 573",1.054724077910e+00,3.980002351453e-01,1.936845269002e+00,1.252392814512e+00,3.942005460805e-01,1.943947906465e+00,1.976687366027e-01,-3.799689064743e-03,7.102637462564e-03
"                 574",1.055057641562e+00,3.927205544906e-01,1.799441597552e+00,1.252933120683e+00,3.887544025371e-01,1.806488735042e+00,1.978754791206e-01,-3.966151953517e-03,7.047137489268e-03
"                 575",1.056852303723e+00,3.847015699440e-01,1.674248645042e+00,1.254882538972e+00,3.805095403571e-01,1.681173365089e+00,1.980302352495e-01,-4.192029586856e-03,6.924720047311e-03
"                 576",1.059167338115e+00,3.763360071760e-01,1.540064834030e+00,1.257580436082e+00,3.718872219428e-01,1.546913002025e+00,1.984130979670e-01,-4.448785233191e-03,6.848167995830e-03
"                 577",1.059751206062e+00,3.751081849590e-01,1.422418128729e+00,1.258510790558e+00,3.703465570433e-01,1.429122731568e+00,1.987595844958e-01,-4.761627915764e-03,6.704602839202e-03
"                 578",1.061588871854e+00,3.676883517797e-01,1.333796693628e+00,1.260822281238e+00,3.626444665863e-01,1.340381372955e+00,1.992334093839e-01,-5.043885193444e-03,6.584679326516e-03
"                 579",1.063136187180e+00,3.648881964569e-01,1.097411189869e+00,1.262831180336e+00,3.595048024105e-01,1.103805661401e+00,1.996949931565e-01,-5.383394046374e-03,6.394471531792e-03
"                 580",1.061577120856e+00,4.271665822430e-01,-5.567388205772e-01,1.261932839498e+00,4.217743773504e-01,-5.506124100379e-01,2.003557186426e-01,-5.392204892591e-03,6.126410539321e-03
"                 581",1.096209799063e+00,5.992239822902e-01,-4.953245415619e+00,1.297516890498e+00,5.952161834604e-01,-4.948052589364e+00,2.013070914350e-01,-4.007798829766e-03,5.192826254545e-03
"                 582",1.209676836316e+00,7.803112875203e-01,-9.152131488232e+00,1.414087306755e+00,7.804280540309e-01,-9.148934715508e+00,2.044104704385e-01,1.167665106066e-04,3.196772723728e-03
"                 583",1.299225376829e+00,8.532695351678e-01,-8.949088848670e+00,1.510181850476e+00,8.598299387146e-01,-8.948516457376e+00,2.109564736472e-01,6.560403546838e-03,5.723912934898e-04
"                 584",1.328017553825e+00,8.360546469178e-01,-5.033429941256e+00,1.547688324061e+00,8.497152021632e-01,-5.034947421085e+00,2.196707702353e-01,1.366055524545e-02,-1.517479828355e-03
"                 585",1.361186747912e+00,7.738298901878e-01,-2.023273250955e-01,1.590112482542e+00,7.935166830686e-01,-2.047075299240e-01,2.289257346296e-01,1.968679288078e-02,-2.380204828555e-03
"                 586",1.384422700482e+00,6.838761709847e-01,3.306616818708e+00,1.622067889176e+00,7.074256497298e-01,3.304409128357e+00,2.376451886941e-01,2.354947874504e-02,-2.207690350435e-03
"                 587",1.368905234340e+00,6.306294922199e-01,4.499547846349e+00,1.613260080768e+00,6.554579011518e-01,4.498198055635e+00,2.443548464279e-01,2.482840893190e-02,-1.349790714107e-03
"                 588",1.325093872343e+00,6.014801275375e-01,4.094693503006e+00,1.572979322618e+00,6.255678820152e-01,4.094278840385e+00,2.478854502744e-01,2.408775447771e-02,-4.146626209886e-04
"                 589",1.302544013115e+00,5.806199477208e-01,3.139894688774e+00,1.550733638095e+00,6.027353072032e-01,3.140057100235e+00,2.481896249796e-01,2.211535948240e-02,1.624114610493e-04
"                 590",1.309195522932e+00,5.651108271970e-01,2.297045698408e+00,1.556073762551e+00,5.848810748398e-01,2.297536025796e+00,2.468782396192e-01,1.977024764287e-02,4.903273887645e-04
"                 591",1.322315052828e+00,5.399883354104e-01,1.708454044434e+00,1.567652002339e+00,5.572574181721e-01,1.709091583885e+00,2.453369495105e-01,1.726908276166e-02,6.375394509561e-04
"                 592",1.327117927083e+00,5.190355497037e-01,1.217945095196e+00,1.571170255037e+00,5.337161058251e-01,1.218595492990e+00,2.440523279550e-01,1.468055612141e-02,6.503977934277e-04
"                 593",1.325721734127e+00,5.177678794754e-01,9.168955652251e-01,1.568824528607e+00,5.300020759989e-01,9.174615512682e-01,2.431027944797e-01,1.223419652346e-02,5.659860431493e-04
"                 594",1.323074319411e+00,5.449411049008e-01,8.045564318414e-01,1.565559634343e+00,5.553552092757e-01,8.050515425120e-01,2.424853149328e-01,1.041410437491e-02,4.951106705866e-04
"                 595",1.321023684501e+00,5.811634131726e-01,1.041870767055e+00,1.563232686820e+00,5.907818165492e-01,1.042380736530e+00,2.422090023191e-01,9.618403376611e-03,5.099694756384e-04
"                 596",1.312013062885e+00,6.089106060644e-01,1.578388499322e+00,1.554219224498e+00,6.186436984675e-01,1.579057927329e+00,2.422061616127e-01,9.733092403132e-03,6.694280078500e-04
"                 597",1.293682189818e+00,6.233954022132e-01,2.149300258592e+00,1.535920847385e+00,6.338347089321e-01,2.150337089919e+00,2.422386575670e-01,1.043930671890e-02,1.036831326662e-03
"                 598",1.273708760372e+00,6.313139817109e-01,2.779548393285e+00,1.515836356658e+00,6.427812871900e-01,2.781203704430e+00,2.421275962859e-01,1.146730547907e-02,1.655311145663e-03
"                 599",1.256157246024e+00,6.363944108757e-01,3.498369916331e+00,1.498057968463e+00,6.489416295491e-01,3.500889608910e+00,2.419007224386e-01,1.254721867343e-02,2.519692579523e-03
"                 600",1.242597276528e+00,6.381749243864e-01,4.252329982774e+00,1.484171991030e+00,6.517073280192e-01,4.255989098457e+00,2.415747145023e-01,1.353240363275e-02,3.659115682961e-03
"                 601",1.230844306887e+00,6.348326511830e-01,4.878298529128e+00,1.472071124103e+00,6.491539049589e-01,4.883406183923e+00,2.412268172155e-01,1.432125377589e-02,5.107654794329e-03
"                 602",1.218423007238e+00,6.247937783366e-01,5.290613403779e+00,1.459273819821e+00,6.395921980880e-01,5.297416854460e+00,2.408508125839e-01,1.479841975147e-02,6.803450680687e-03
"                 603",1.206538062940e+00,6.069676387711e-01,5.530150238664e+00,1.446999224088e+00,6.218865902467e-01,5.538716546694e+00,2.404611611481e-01,1.491895147563e-02,8.566308029909e-03
"                 604",1.193889796836e+00,5.772818144913e-01,5.627543866132e+00,1.433911430069e+00,5.919276864382e-01,5.637833850890e+00,2.400216332329e-01,1.464587194694e-02,1.028998475890e-02
"                 605",1.179193006800e+00,5.389266082818e-01,5.550284093206e+00,1.418629719705e+00,5.527302326442e-01,5.562135493420e+00,2.394367129051e-01,1.380362436238e-02,1.185140021365e-02
"                 606",1.163552059760e+00,5.017089202200e-01,5.334775342709e+00,1.402141821186e+00,5.140215051526e-01,5.347990513022e+00,2.385897614255e-01,1.231258493268e-02,1.321517031298e-02
"                 607",1.146522579425e+00,4.719744914286e-01,5.035359629357e+00,1.383917165878e+00,4.822667197198e-01,5.049683692112e+00,2.373945864526e-01,1.029222829117e-02,1.432406275533e-02
"                 608",1.128777877183e+00,4.495729728704e-01,4.808111959129e+00,1.364629086579e+00,4.575692937685e-01,4.823247802596e+00,2.358512093966e-01,7.996320898091e-03,1.513584346656e-02
"                 609",1.112344962282e+00,4.357294268110e-01,4.657791645136e+00,1.346283779144e+00,4.414082132639e-01,4.673452206178e+00,2.339388168624e-01,5.678786452935e-03,1.566056104147e-02
"                 610",1.101372939513e+00,4.251730329459e-01,4.480477477130e+00,1.333198285575e+00,4.285726731087e-01,4.496437528963e+00,2.318253460624e-01,3.399640162806e-03,1.596005183286e-02
"                 611",1.096435687482e+00,4.119839398287e-01,4.297507021197e+00,1.326243637950e+00,4.132003850041e-01,4.313604517386e+00,2.298079504681e-01,1.216445175398e-03,1.609749618958e-02
"                 612",1.095020404339e+00,3.925474549251e-01,4.117982855246e+00,1.322963160180e+00,3.915973999634e-01,4.134096187991e+00,2.279427558414e-01,-9.500549617215e-04,1.611333274533e-02
"                 613",1.091436908837e+00,3.718286917342e-01,3.927120701100e+00,1.317799456263e+00,3.686573521970e-01,3.943177806894e+00,2.263625474260e-01,-3.171339537224e-03,1.605710579382e-02
"                 614",1.083566327566e+00,3.549287218194e-01,3.799855419018e+00,1.308436864592e+00,3.494336014890e-01,3.815697509965e+00,2.248705370266e-01,-5.495120330434e-03,1.584209094702e-02
"                 615",1.074487763638e+00,3.408911864671e-01,3.685676017580e+00,1.297692047870e+00,3.331160943755e-01,3.701105911320e+00,2.232042842321e-01,-7.775092091558e-03,1.542989374003e-02
"                 616",1.067154948072e+00,3.320310624201e-01,3.645225424747e+00,1.288545690070e+00,3.221704518249e-01,3.660053338506e+00,2.213907419981e-01,-9.860610595186e-03,1.482791375963e-02
"                 617",1.064412104830e+00,3.280137956965e-01,3.587349384536e+00,1.283831775302e+00,3.163664364777e-01,3.601461325700e+00,2.194196704727e-01,-1.164735921886e-02,1.411194116399e-02
"                 618",1.064833335088e+00,3.269282413595e-01,3.597363266022e+00,1.282313608472e+00,3.139326653367e-01,3.610768865640e+00,2.174802733847e-01,-1.299557602286e-02,1.340559961741e-02
"                 619",1.064933487294e+00,3.229821898859e-01,3.631505774446e+00,1.280563910717e+00,3.090156818154e-01,3.644224271037e+00,2.156304234233e-01,-1.396650807051e-02,1.271849659038e-02
"                 620",1.058665506248e+00,3.186302530018e-01,3.758770868625e+00,1.272492808771e+00,3.039880503096e-01,3.770941704697e+00,2.138273025229e-01,-1.464220269225e-02,1.217083607185e-02
"                 621",1.049519518902e+00,3.115333856871e-01,3.746258498132e+00,1.261461789256e+00,2.964152631446e-01,3.757976561145e+00,2.119422703539e-01,-1.511812254255e-02,1.171806301263e-02
"                 622",1.039019186712e+00,3.073827244115e-01,3.662169449586e+00,1.248948491853e+00,2.919552410482e-01,3.673468191480e+00,2.099293051410e-01,-1.542748336336e-02,1.129874189426e-02
"                 623",1.031418053010e+00,3.070721296058e-01,3.472571170726e+00,1.239223682820e+00,2.914940277684e-01,3.483419750007e+00,2.078056298104e-01,-1.557810183741e-02,1.084857928052e-02
"                 624",1.022827195337e+00,3.138614909270e-01,3.390850352027e+00,1.228469488460e+00,2.983047369573e-01,3.401188009881e+00,2.056422931227e-01,-1.555675396973e-02,1.033765785389e-02
"                 625",1.016213606450e+00,3.209713231058e-01,3.162712730135e+00,1.219695707107e+00,3.056261615023e-01,3.172482851281e+00,2.034821006565e-01,-1.534516160353e-02,9.770121146055e-03
"                 626",1.008317038793e+00,3.243110307898e-01,2.993840393095e+00,1.209700451103e+00,3.093374794304e-01,3.003023071775e+00,2.013834123103e-01,-1.497355135933e-02,9.182678679687e-03
"                 627",9.987843382997e-01,3.241671659497e-01,2.782040888071e+00,1.198112750282e+00,3.096655716237e-01,2.790622696196e+00,1.993284119823e-01,-1.450159432606e-02,8.581808124613e-03
"                 628",9.901670713930e-01,3.277843993693e-01,2.545379191398e+00,1.187490091993e+00,3.138237794939e-01,2.553340302333e+00,1.973230205999e-01,-1.396061987536e-02,7.961110935527e-03
"                 629",9.838572641103e-01,3.322837860685e-01,2.284202973933e+00,1.179275656252e+00,3.188647554525e-01,2.291511653779e+00,1.954183921422e-01,-1.341903061596e-02,7.308679846229e-03
"                 630",9.825045485214e-01,3.417165795425e-01,2.016028417501e+00,1.176236052578e+00,3.288168267091e-01,2.022651404444e+00,1.937315040566e-01,-1.289975283342e-02,6.622986942599e-03
"                 631",9.840875647909e-01,3.498091794954e-01,1.697096215558e+00,1.176458451615e+00,3.374372716181e-01,1.703011320905e+00,1.923708868245e-01,-1.237190787738e-02,5.915105346922e-03
"                 632",9.855022786558e-01,3.606747565913e-01,1.322646127660e+00,1.176877624078e+00,3.488205043682e-01,1.327852252988e+00,1.913753454218e-01,-1.185425222317e-02,5.206125327256e-03
"                 633",9.838842533940e-01,3.662193996726e-01,1.110705004478e+00,1.174525792279e+00,3.548712101673e-01,1.115219853970e+00,1.906415388849e-01,-1.134818950523e-02,4.514849491808e-03
"                 634",9.803450388217e-01,3.719715792964e-01,1.002465124199e+00,1.170449632035e+00,3.611031473651e-01,1.006353954019e+00,1.901045932133e-01,-1.086843193131e-02,3.888829819667e-03
"                 635",9.770829444174e-01,3.757799612707e-01,1.006070240531e+00,1.166666849203e+00,3.653767166437e-01,1.009424400480e+00,1.895839047858e-01,-1.040324462698e-02,3.354159948964e-03
"                 636",9.814007545773e-01,3.829840955649e-01,7.089708448235e-01,1.170551459283e+00,3.730518830089e-01,7.118940548613e-01,1.891507047053e-01,-9.932212556024e-03,2.923210037775e-03
"                 637",9.828642141453e-01,3.930670309347e-01,3.790945160657e-01,1.171624060083e+00,3.836262676387e-01,3.816047529183e-01,1.887598459377e-01,-9.440763295995e-03,2.510236852640e-03
"                 638",9.745415447257e-01,3.982058166450e-01,3.406537425617e-01,1.162918315847e+00,3.893047045639e-01,3.427838396016e-01,1.883767711216e-01,-8.901112081084e-03,2.130097039884e-03
"                 639",9.694445498218e-01,4.002194428465e-01,3.839994278198e-01,1.157205638787e+00,3.918659773288e-01,3.858084709343e-01,1.877610889649e-01,-8.353465517649e-03,1.809043114501e-03
"                 640",9.705363098603e-01,4.059345309830e-01,2.920964539106e-01,1.157785801317e+00,3.981128922607e-01,2.936232635658e-01,1.872494914563e-01,-7.821638722363e-03,1.526809655129e-03
"                 641",9.728271807502e-01,4.101774988187e-01,2.519201531493e-01,1.159702233761e+00,4.028907439448e-01,2.531504061818e-01,1.868750530112e-01,-7.286754873825e-03,1.230253032558e-03
"                 642",9.761186472703e-01,4.189750393630e-01,2.923378611674e-01,1.162891774459e+00,4.122320206536e-01,2.932889867563e-01,1.867731271884e-01,-6.743018709464e-03,9.511255889277e-04
"                 643",9.790683003339e-01,4.249686095420e-01,3.896570545384e-01,1.165789982391e+00,4.188118470746e-01,3.903679550625e-01,1.867216820568e-01,-6.156762467327e-03,7.109005241522e-04
"                 644",9.816674513785e-01,4.190049171353e-01,4.376754155695e-01,1.168447599981e+00,4.134226537156e-01,4.382198021522e-01,1.867801486028e-01,-5.582263419739e-03,5.443865827227e-04
"                 645",9.827224844801e-01,4.101474342504e-01,5.568909312058e-01,1.169434362743e+00,4.050096631538e-01,5.573085857115e-01,1.867118782627e-01,-5.137771096587e-03,4.176545056104e-04
"                 646",9.834455373125e-01,4.011650833720e-01,6.923521076424e-01,1.170105642801e+00,3.963125215422e-01,6.927140489440e-01,1.866601054881e-01,-4.852561829840e-03,3.619413016188e-04
"                 647",9.864027778050e-01,3.960894082192e-01,8.242533256480e-01,1.172891118894e+00,3.913656114037e-01,8.245868072492e-01,1.864883410893e-01,-4.723796815475e-03,3.334816011505e-04
"                 648",9.905569393031e-01,3.967096400628e-01,9.357003341064e-01,1.176930245422e+00,3.920234647414e-01,9.360413626128e-01,1.863733061185e-01,-4.686175321336e-03,3.410285063200e-04
"                 649",9.920462768338e-01,3.941660405868e-01,9.931828330562e-01,1.178283490617e+00,3.894816479511e-01,9.935648889767e-01,1.862372137832e-01,-4.684392635718e-03,3.820559204722e-04
"                 650",9.897083329739e-01,3.899498547224e-01,1.070301142111e+00,1.175775035302e+00,3.852405429937e-01,1.070754329802e+00,1.860667023277e-01,-4.709311728761e-03,4.531876908735e-04
"                 651",9.862885529814e-01,3.875798126344e-01,1.169024781177e+00,1.172072333156e+00,3.828262778849e-01,1.169566438719e+00,1.857837801751e-01,-4.753534749541e-03,5.416575416870e-04
"                 652",9.843745874685e-01,3.833941447395e-01,1.292511410221e+00,1.169846413446e+00,3.785763875090e-01,1.293187370864e+00,1.854718259780e-01,-4.817757230536e-03,6.759606433001e-04
"                 653",9.850461706907e-01,3.786082431253e-01,1.462494471848e+00,1.170220788566e+00,3.736880898718e-01,1.463364729348e+00,1.851746178756e-01,-4.920153253546e-03,8.702574999871e-04
"                 654",9.864821121874e-01,3.769055110484e-01,1.601224944774e+00,1.171457702681e+00,3.718485495943e-01,1.602340517503e+00,1.849755904931e-01,-5.056961454080e-03,1.115572729193e-03
"                 655",9.855950058638e-01,3.755153483955e-01,1.729978089479e+00,1.170447176494e+00,3.703250144397e-01,1.731358375665e+00,1.848521706306e-01,-5.190333955818e-03,1.380286185874e-03
"                 656",9.825273338982e-01,3.734101116349e-01,1.792936578445e+00,1.167284122334e+00,3.681084256807e-01,1.794584959427e+00,1.847567884355e-01,-5.301685954260e-03,1.648380982585e-03
"                 657",9.799871453977e-01,3.719447921734e-01,1.853678692100e+00,1.164632583839e+00,3.665535120694e-01,1.855599074739e+00,1.846454384417e-01,-5.391280104037e-03,1.920382638807e-03
"                 658",9.769793232632e-01,3.683715659745e-01,1.991257712359e+00,1.161536118064e+00,3.628971107873e-01,1.993451758273e+00,1.845567948008e-01,-5.474455187189e-03,2.194045913931e-03
"                 659",9.716459154753e-01,3.651314265736e-01,2.178145671943e+00,1.156096767923e+00,3.595377854439e-01,2.180648965837e+00,1.844508524473e-01,-5.593641129673e-03,2.503293894377e-03
"                 660",9.649020788854e-01,3.621311337882e-01,2.366647361996e+00,1.149198180067e+00,3.563620970463e-01,2.369481042473e+00,1.842961011813e-01,-5.769036741861e-03,2.833680477629e-03
"                 661",9.590176454505e-01,3.605870852769e-01,2.534583142580e+00,1.143079377920e+00,3.545797612096e-01,2.537782347261e+00,1.840617324700e-01,-6.007324067306e-03,3.199204681336e-03
"                 662",9.563592100916e-01,3.597446284412e-01,2.572774853146e+00,1.140161742014e+00,3.534523310751e-01,2.576332862405e+00,1.838025319224e-01,-6.292297366139e-03,3.558009258988e-03
"                 663",9.555200732353e-01,3.589568397471e-01,2.526211042085e+00,1.139078921760e+00,3.523418006392e-01,2.530095835820e+00,1.835588485245e-01,-6.615039107905e-03,3.884793735038e-03
"                 664",9.552741353206e-01,3.569080243374e-01,2.477663102017e+00,1.138639364221e+00,3.499374124599e-01,2.481798603613e+00,1.833652289002e-01,-6.970611877486e-03,4.135501596550e-03
"                 665",9.543508427340e-01,3.537191452413e-01,2.498557088466e+00,1.137507936144e+00,3.463533497387e-01,2.502894018303e+00,1.831570934095e-01,-7.365795502602e-03,4.336929836682e-03
"                 666",9.536888761568e-01,3.503789739141e-01,2.564951770435e+00,1.136613354584e+00,3.426057039648e-01,2.569464744321e+00,1.829244784275e-01,-7.773269949260e-03,4.512973886659e-03
"                 667",9.520998642328e-01,3.465937702457e-01,2.654484502779e+00,1.134724766273e+00,3.384168761540e-01,2.659182320706e+00,1.826249020405e-01,-8.176894091720e-03,4.697817926304e-03
"                 668",9.496451791203e-01,3.414741585614e-01,2.719460017798e+00,1.131901315328e+00,3.329124319629e-01,2.724334460725e+00,1.822561362081e-01,-8.561726598468e-03,4.874442926788e-03
"                 669",9.462986474395e-01,3.362568497104e-01,2.794024387458e+00,1.128083716335e+00,3.273058220176e-01,2.799084374330e+00,1.817850688960e-01,-8.951027692809e-03,5.059986872578e-03
"                 670",9.437719624344e-01,3.321648394545e-01,2.841783277087e+00,1.125028320778e+00,3.228270227719e-01,2.847017058933e+00,1.812563583439e-01,-9.337816682593e-03,5.233781846007e-03
"                 671",9.430146999489e-01,3.301575273165e-01,2.841948923226e+00,1.123671014085e+00,3.204584553776e-01,2.847349655691e+00,1.806563141364e-01,-9.699071938815e-03,5.400732465093e-03
"                 672",9.434141820205e-01,3.302541913731e-01,2.814040289506e+00,1.123521773523e+00,3.202518897990e-01,2.819570221909e+00,1.801075915028e-01,-1.000230157407e-02,5.529932402797e-03
"                 673",9.442969377674e-01,3.309705609184e-01,2.773809462609e+00,1.123880459222e+00,3.207424056705e-01,2.779443208864e+00,1.795835214543e-01,-1.022815524788e-02,5.633746254672e-03
"                 674",9.448230159300e-01,3.321923581403e-01,2.732183746745e+00,1.124008245565e+00,3.218111947187e-01,2.737891732404e+00,1.791852296348e-01,-1.038116342165e-02,5.707985659770e-03
"                 675",9.455829704220e-01,3.329912516854e-01,2.683951622966e+00,1.124413693153e+00,3.225186479778e-01,2.689700204693e+00,1.788307227307e-01,-1.047260370758e-02,5.748581726693e-03
"                 676",9.472708052660e-01,3.341842781180e-01,2.617693223409e+00,1.126008958617e+00,3.236492103359e-01,2.623469037723e+00,1.787381533511e-01,-1.053506778206e-02,5.775814313871e-03
"                 677",9.494035583690e-01,3.355082569862e-01,2.562257101791e+00,1.128107053789e+00,3.249520574716e-01,2.568008140850e+00,1.787034954201e-01,-1.055619951456e-02,5.751039059906e-03
"                 678",9.513928064510e-01,3.365356254749e-01,2.519909489154e+00,1.130310407214e+00,3.259991343062e-01,2.525615318820e+00,1.789176007635e-01,-1.053649116865e-02,5.705829665852e-03
"                 679",9.531922192869e-01,3.383496524888e-01,2.481289205189e+00,1.132186373018e+00,3.278438699557e-01,2.486876425913e+00,1.789941537309e-01,-1.050578253308e-02,5.587220723266e-03
"                 680",9.551296604262e-01,3.386421873982e-01,2.449178393052e+00,1.134699945032e+00,3.282401117099e-01,2.454697977824e+00,1.795702846057e-01,-1.040207568830e-02,5.519584772343e-03
"                 681",9.569652950832e-01,3.385394974970e-01,2.403379418910e+00,1.137031353716e+00,3.282305594480e-01,2.408777824112e+00,1.800660586325e-01,-1.030893804903e-02,5.398405202455e-03
"                 682",9.588849661772e-01,3.383823882475e-01,2.338420529998e+00,1.139575914435e+00,3.281792044208e-01,2.343664823895e+00,1.806909482577e-01,-1.020318382666e-02,5.244293896886e-03
"                 683",9.600989621912e-01,3.393207502639e-01,2.268770393333e+00,1.141487421850e+00,3.292133179894e-01,2.273839086719e+00,1.813884596589e-01,-1.010743227442e-02,5.068693385559e-03
"                 684",9.609018979113e-01,3.417289548005e-01,2.165900408641e+00,1.143112706227e+00,3.317366629060e-01,2.170777472564e+00,1.822108083158e-01,-9.992291894559e-03,4.877063923060e-03
"                 685",9.623809017134e-01,3.453280627960e-01,2.072158862034e+00,1.145394084516e+00,3.354858114197e-01,2.076819510238e+00,1.830131828029e-01,-9.842251376224e-03,4.660648204382e-03
"                 686",9.652158051255e-01,3.494032148721e-01,1.985468665962e+00,1.149190214970e+00,3.397903399428e-01,1.989928576263e+00,1.839744098441e-01,-9.612874929323e-03,4.459910301012e-03
"                 687",9.684039229473e-01,3.543179995835e-01,1.910499085901e+00,1.153229892682e+00,3.449879889685e-01,1.914763363854e+00,1.848259697351e-01,-9.330010615002e-03,4.264277952879e-03
"                 688",9.713387538614e-01,3.573585689812e-01,1.859410929592e+00,1.157082300736e+00,3.484031384981e-01,1.863506210471e+00,1.857435468748e-01,-8.955430483096e-03,4.095280878916e-03
"                 689",9.727369873807e-01,3.610171884874e-01,1.818125038327e+00,1.159180907569e+00,3.524633250624e-01,1.822049121843e+00,1.864439201879e-01,-8.553863425032e-03,3.924083515204e-03
"                 690",9.734759793044e-01,3.654024500759e-01,1.768805278803e+00,1.160673706086e+00,3.572940867451e-01,1.772607537314e+00,1.871977267813e-01,-8.108363330775e-03,3.802258511410e-03
"                 691",9.747656603843e-01,3.698519732677e-01,1.717869576705e+00,1.162467920139e+00,3.621884229664e-01,1.721550006651e+00,1.877022597545e-01,-7.663550301222e-03,3.680429945830e-03
"                 692",9.775696681741e-01,3.737606692652e-01,1.671133955060e+00,1.165764581270e+00,3.665642963167e-01,1.674714070755e+00,1.881949130959e-01,-7.196372948481e-03,3.580115694969e-03
"                 693",9.811954197066e-01,3.766161927631e-01,1.643807439343e+00,1.169741750886e+00,3.698627104696e-01,1.647294807402e+00,1.885463311793e-01,-6.753482293514e-03,3.487368059636e-03
"                 694",9.835355577109e-01,3.796232855097e-01,1.630845776365e+00,1.172488047619e+00,3.732876640678e-01,1.634277984312e+00,1.889524899081e-01,-6.335621441928e-03,3.432207946703e-03
"                 695",9.846185344926e-01,3.840195198671e-01,1.611697591630e+00,1.173761184031e+00,3.780571102557e-01,1.615058763737e+00,1.891426495380e-01,-5.962409611317e-03,3.361172106976e-03
"                 696",9.854152527773e-01,3.888465555900e-01,1.574031545393e+00,1.174845772967e+00,3.832614926072e-01,1.577366077263e+00,1.894305201896e-01,-5.585062982762e-03,3.334531869103e-03
"                 697",9.861653509835e-01,3.912108040948e-01,1.566812750670e+00,1.175690647139e+00,3.859676588608e-01,1.570111151179e+00,1.895252961559e-01,-5.243145233997e-03,3.298400508946e-03
"                 698",9.867086189023e-01,3.921103243267e-01,1.596117287438e+00,1.176315254104e+00,3.871756950031e-01,1.599395465659e+00,1.896066352019e-01,-4.934629323549e-03,3.278178221423e-03
"                 699",9.873286559181e-01,3.933169872777e-01,1.643295449267e+00,1.176895526871e+00,3.886428711619e-01,1.646575108861e+00,1.895668709528e-01,-4.674116115746e-03,3.279659594251e-03
"                 700",9.891014904980e-01,3.971413976631e-01,1.685279807589e+00,1.178714104421e+00,3.926919470604e-01,1.688610637173e+00,1.896126139227e-01,-4.449450602726e-03,3.330829583641e-03
"                 701",9.917228485127e-01,3.993992326478e-01,1.735484555955e+00,1.181292467835e+00,3.951354552659e-01,1.738879364402e+00,1.895696193224e-01,-4.263777381887e-03,3.394808447170e-03
"                 702",9.933177791215e-01,4.008579823422e-01,1.789401811787e+00,1.182961746086e+00,3.967715471675e-01,1.792888874389e+00,1.896439669642e-01,-4.086435174672e-03,3.487062601626e-03
"                 703",9.937143528334e-01,4.025518666050e-01,1.852483687193e+00,1.183306896641e+00,3.986001049414e-01,1.856058800427e+00,1.895925438073e-01,-3.951761663613e-03,3.575113233480e-03
"                 704",9.936094360530e-01,4.064140983130e-01,1.918790488622e+00,1.183264268578e+00,4.025958363021e-01,1.922502689684e+00,1.896548325247e-01,-3.818262010902e-03,3.712201061444e-03
"                 705",9.928594549264e-01,4.115436503385e-01,1.979701684246e+00,1.182432606107e+00,4.078568996751e-01,1.983534797429e+00,1.895731511803e-01,-3.686750663419e-03,3.833113182591e-03
"                 706",9.929407881602e-01,4.156087686895e-01,2.025102439144e+00,1.182512332269e+00,4.120905972028e-01,2.029086032870e+00,1.895715441084e-01,-3.518171486667e-03,3.983593725761e-03
"                 707",9.940216218668e-01,4.160134609027e-01,2.080241993079e+00,1.183502965960e+00,4.126446605433e-01,2.084357062133e+00,1.894813440930e-01,-3.368800359376e-03,4.115069054201e-03
"                 708",9.957763461015e-01,4.128800894976e-01,2.150715392928e+00,1.185304946316e+00,4.096170759695e-01,2.154998703264e+00,1.895286002141e-01,-3.263013528133e-03,4.283310336121e-03
"                 709",9.982526755332e-01,4.123098432716e-01,2.185952327438e+00,1.187778824857e+00,4.090573434781e-01,2.190376866805e+00,1.895261493235e-01,-3.252499793506e-03,4.424539367677e-03
"                 710",9.993802508598e-01,4.140683801544e-01,2.256839660359e+00,1.189073847804e+00,4.107919055004e-01,2.261440537451e+00,1.896935969438e-01,-3.276474653978e-03,4.600877092040e-03
"                 711",9.999336377581e-01,4.154198071410e-01,2.335042279037e+00,1.189693105369e+00,4.120716892900e-01,2.339800514502e+00,1.897594676113e-01,-3.348117850993e-03,4.758235465188e-03
"                 712",1.001167547636e+00,4.141507030090e-01,2.396347742840e+00,1.191041679671e+00,4.107125471582e-01,2.401293493022e+00,1.898741320344e-01,-3.438155850763e-03,4.945750182648e-03
"                 713",1.002314428486e+00,4.130033310874e-01,2.440930321567e+00,1.192188268126e+00,4.094245255057e-01,2.446034925950e+00,1.898738396402e-01,-3.578805581688e-03,5.104604383699e-03
"                 714",1.003279572800e+00,4.134809304494e-01,2.487170446773e+00,1.193283334552e+00,4.097581519085e-01,2.492477438141e+00,1.900037617516e-01,-3.722778540854e-03,5.306991367464e-03
"                 715",1.004368321740e+00,4.132260479690e-01,2.538670884258e+00,1.194386067902e+00,4.093517922081e-01,2.544134401618e+00,1.900177461616e-01,-3.874255760858e-03,5.463517359612e-03
"                 716",1.005431832197e+00,4.121262678923e-01,2.609572925644e+00,1.195541436686e+00,4.081288497462e-01,2.615196592574e+00,1.901096044892e-01,-3.997418146097e-03,5.623666929848e-03
"                 717",1.006135968116e+00,4.125016740217e-01,2.646832793134e+00,1.196246559249e+00,4.083699148588e-01,2.652568220938e+00,1.901105911329e-01,-4.131759162845e-03,5.735427803796e-03
"                 718",1.008232730801e+00,4.145908485152e-01,2.628609056423e+00,1.198535971896e+00,4.103566396268e-01,2.634502292171e+00,1.903032410950e-01,-4.234208888402e-03,5.893235748183e-03
"                 719",1.009859172480e+00,4.148940178886e-01,2.626958472771e+00,1.200287664465e+00,4.105701478045e-01,2.632956312937e+00,1.904284919846e-01,-4.323870084088e-03,5.997840166416e-03
"                 720",1.010466381223e+00,4.147593186454e-01,2.684965034122e+00,1.201132559376e+00,4.104021881505e-01,2.691068860364e+00,1.906661781529e-01,-4.357130494938e-03,6.103826242208e-03
"                 721",1.012225155761e+00,4.131350378686e-01,2.759782938327e+00,1.203041080059e+00,4.087370935892e-01,2.765969238415e+00,1.908159242980e-01,-4.397944279437e-03,6.186300087697e-03
"                 722",1.016155508132e+00,4.139887623478e-01,2.660993576227e+00,1.207289439244e+00,4.095561581000e-01,2.667297615623e+00,1.911339311117e-01,-4.432604247787e-03,6.304039395520e-03
"                 723",1.018618084017e+00,4.144033679418e-01,2.631005113389e+00,1.210064538593e+00,4.099208193506e-01,2.637371965251e+00,1.914464545757e-01,-4.482548591162e-03,6.366851861792e-03
"                 724",1.022661524313e+00,4.137287158584e-01,2.620811763922e+00,1.214613951938e+00,4.092308372330e-01,2.627243629718e+00,1.919524276252e-01,-4.497878625405e-03,6.431865796125e-03
"                 725",1.026602563183e+00,4.108629388657e-01,2.648662023712e+00,1.219063575424e+00,4.063175364540e-01,2.655130772068e+00,1.924610122410e-01,-4.545402411672e-03,6.468748355964e-03
"                 726",1.023068398010e+00,4.148175993258e-01,2.723312009432e+00,1.216144879805e+00,4.102484112712e-01,2.729847351665e+00,1.930764817955e-01,-4.569188054646e-03,6.535342232842e-03
"                 727",1.030156402914e+00,4.212613264368e-01,2.555622359041e+00,1.223705357263e+00,4.167013136808e-01,2.562194818184e+00,1.935489543491e-01,-4.560012756047e-03,6.572459143483e-03
"                 728",1.038334515843e+00,4.268124274165e-01,2.372979414558e+00,1.232733294285e+00,4.223642279115e-01,2.379586499731e+00,1.943987784420e-01,-4.448199504986e-03,6.607085172239e-03
"                 729",1.039847989111e+00,4.167406335268e-01,2.592178467977e+00,1.235112127938e+00,4.124096680917e-01,2.598768542585e+00,1.952641388271e-01,-4.330965435058e-03,6.590074607669e-03
"                 730",1.044226590568e+00,4.081325500363e-01,2.685011768094e+00,1.240395674030e+00,4.038364484555e-01,2.691643318146e+00,1.961690834623e-01,-4.296101580819e-03,6.631550052462e-03
"                 731",1.048356910275e+00,4.131868861700e-01,2.564255158339e+00,1.245310981485e+00,4.088276100093e-01,2.570904277274e+00,1.969540712098e-01,-4.359276160678e-03,6.649118934492e-03
"                 732",1.057559365271e+00,4.200305372742e-01,2.425327502738e+00,1.255563161768e+00,4.156754165281e-01,2.432022885673e+00,1.980037964971e-01,-4.355120746156e-03,6.695382935341e-03
"                 733",1.065573777166e+00,4.222957932353e-01,2.323448287434e+00,1.264634237982e+00,4.179899591331e-01,2.330123454972e+00,1.990604608154e-01,-4.305834102136e-03,6.675167538341e-03
"                 734",1.072271872779e+00,4.174250109066e-01,2.320388259689e+00,1.272521715206e+00,4.132121228679e-01,2.327030395068e+00,2.002498424272e-01,-4.212888038700e-03,6.642135379428e-03
"                 735",1.076206518846e+00,4.122912316376e-01,2.425760033185e+00,1.277503502094e+00,4.081203953236e-01,2.432344351452e+00,2.012969832480e-01,-4.170836313994e-03,6.584318267048e-03
"                 736",1.080214766224e+00,4.086792870810e-01,2.499737189217e+00,1.282625962047e+00,4.045113524834e-01,2.506344851623e+00,2.024111958228e-01,-4.167934597613e-03,6.607662405514e-03
"                 737",1.084753670446e+00,4.039803896483e-01,2.535523650488e+00,1.288084252151e+00,3.997239724557e-01,2.542146804026e+00,2.033305817044e-01,-4.256417192582e-03,6.623153537621e-03
"                 738",1.090487397924e+00,4.009681360676e-01,2.547843003727e+00,1.294795820910e+00,3.965723190142e-01,2.554506685448e+00,2.043084229853e-01,-4.395817053453e-03,6.663681720870e-03
"                 739",1.095293861316e+00,4.014657026562e-01,2.537914789695e+00,1.300464420488e+00,3.968669394318e-01,2.544589667165e+00,2.051705591722e-01,-4.598763224360e-03,6.674877469705e-03
"                 740",1.101356944591e+00,3.977204290966e-01,2.536738019402e+00,1.307496314306e+00,3.929212495572e-01,2.543450662944e+00,2.061393697154e-01,-4.799179539402e-03,6.712643542048e-03
"                 741",1.104018651253e+00,3.920090852900e-01,2.546066264862e+00,1.310996289671e+00,3.869510008227e-01,2.552784743045e+00,2.069776384175e-01,-5.058084467297e-03,6.718478182626e-03
"                 742",1.103260270583e+00,3.873355173606e-01,2.621625463580e+00,1.311067790394e+00,3.820233758501e-01,2.628364532889e+00,2.078075198110e-01,-5.312141510499e-03,6.739069309457e-03
"                 743",1.101169647163e+00,3.820104297362e-01,2.669525257437e+00,1.309514311296e+00,3.764042553289e-01,2.676276784783e+00,2.083446641337e-01,-5.606174407271e-03,6.751527346660e-03
"                 744",1.100685884566e+00,3.758791574257e-01,2.676758568643e+00,1.309489161270e+00,3.699600604549e-01,2.683549241316e+00,2.088032767044e-01,-5.919096970809e-03,6.790672672792e-03
"                 745",1.101770218067e+00,3.750146063924e-01,2.628206579650e+00,1.310834160022e+00,3.687308814695e-01,2.635013380211e+00,2.090639419549e-01,-6.283724922928e-03,6.806800560639e-03
"                 746",1.103280779211e+00,3.743051767241e-01,2.582219858287e+00,1.312784428028e+00,3.677027433883e-01,2.589072422125e+00,2.095036488170e-01,-6.602433335789e-03,6.852563837742e-03
"                 747",1.104617679343e+00,3.681611536341e-01,2.518985028451e+00,1.314461918853e+00,3.612338658132e-01,2.525845835332e+00,2.098442395099e-01,-6.927287820882e-03,6.860806880394e-03
"                 748",1.104001841779e+00,3.617864204597e-01,2.474935497092e+00,1.314260817896e+00,3.545232447665e-01,2.481787569581e+00,2.102589761172e-01,-7.263175693121e-03,6.852072489274e-03
"                 749",1.103228883650e+00,3.543097780423e-01,2.391752605037e+00,1.313737859523e+00,3.466557622752e-01,2.398559708500e+00,2.105089758733e-01,-7.654015767054e-03,6.807103463422e-03
"                 750",1.103784747912e+00,3.466284703097e-01,2.244002337536e+00,1.314718994402e+00,3.385493383300e-01,2.250812722459e+00,2.109342464907e-01,-8.079131979695e-03,6.810384923039e-03
"                 751",1.104320754205e+00,3.435447472151e-01,2.113717472738e+00,1.315560801017e+00,3.349898407236e-01,2.120484749140e+00,2.112400468128e-01,-8.554906491449e-03,6.767276402150e-03
"                 752",1.106406971012e+00,3.440442865776e-01,1.930931181000e+00,1.318047530485e+00,3.350603968177e-01,1.937625081443e+00,2.116405594736e-01,-8.983889759843e-03,6.693900442770e-03
"                 753",1.108840767442e+00,3.414579195523e-01,1.723675230741e+00,1.320827418286e+00,3.320869744462e-01,1.730250212264e+00,2.119866508437e-01,-9.370945106017e-03,6.574981523449e-03
"                 754",1.111439598277e+00,3.362868110290e-01,1.566847602830e+00,1.323966803365e+00,3.265574808155e-01,1.573324873004e+00,2.125272050882e-01,-9.729330213447e-03,6.477270174213e-03
"                 755",1.110484993896e+00,3.308857237527e-01,1.445867467953e+00,1.323465220237e+00,3.207856460671e-01,1.452223522680e+00,2.129802263411e-01,-1.010007768561e-02,6.356054726640e-03
"                 756",1.110579973347e+00,3.240314955242e-01,1.298281585763e+00,1.324047657649e+00,3.135685050983e-01,1.304515603756e+00,2.134676843021e-01,-1.046299042582e-02,6.234017993147e-03
"                 757",1.111516654464e+00,3.197561505992e-01,1.068049252144e+00,1.325343014149e+00,3.088881446709e-01,1.074131995210e+00,2.138263596851e-01,-1.086800592834e-02,6.082743065435e-03
"                 758",1.112093621691e+00,3.162384362416e-01,9.648804798311e-01,1.326380870114e+00,3.049776263177e-01,9.708254865726e-01,2.142872484222e-01,-1.126080992386e-02,5.945006741550e-03
"                 759",1.114038669728e+00,3.150933314637e-01,7.814576883386e-01,1.328681399139e+00,3.034527815095e-01,7.872309904692e-01,2.146427294109e-01,-1.164054995418e-02,5.773302130601e-03
"                 760",1.114514795981e+00,3.093229213374e-01,6.476688700346e-01,1.329629655641e+00,2.973497282716e-01,6.532632994412e-01,2.151148596602e-01,-1.197319306581e-02,5.594429406569e-03
"                 761",1.110644657492e+00,3.093737249766e-01,5.283218741658e-01,1.326058409906e+00,2.970851911569e-01,5.336892968101e-01,2.154137524144e-01,-1.228853381966e-02,5.367422644354e-03
"                 762",1.110463806694e+00,3.064747057103e-01,4.256002605787e-01,1.326170371018e+00,2.939496665206e-01,4.307481686516e-01,2.157065643237e-01,-1.252503918962e-02,5.147908072856e-03
"                 763",1.110938834560e+00,3.102300101243e-01,1.914029771126e-01,1.326811936784e+00,2.974934408123e-01,1.962790086884e-01,2.158731022242e-01,-1.273656931195e-02,4.876031575818e-03
"                 764",1.104863272462e+00,3.153939771647e-01,4.339974947939e-02,1.320943852029e+00,3.025783734626e-01,4.797484391051e-02,2.160805795676e-01,-1.281560370211e-02,4.575094431115e-03
"                 765",1.102314647767e+00,3.121188472326e-01,1.054902856288e-02,1.318346805961e+00,2.992962136586e-01,1.475755754775e-02,2.160321581938e-01,-1.282263357398e-02,4.208528984867e-03
"                 766",1.102620251127e+00,3.098408365352e-01,-1.394167266803e-01,1.318645816030e+00,2.970090006519e-01,-1.355644913187e-01,2.160255649032e-01,-1.283183588330e-02,3.852235361563e-03
"                 767",1.104317684090e+00,3.150452314618e-01,-4.386620275183e-01,1.320272736960e+00,3.021993192960e-01,-4.352244701358e-01,2.159550528708e-01,-1.284591216587e-02,3.437557382511e-03
"                 768",1.093633348107e+00,3.117546956110e-01,-3.583140780294e-01,1.309574480085e+00,2.989538961565e-01,-3.553139710853e-01,2.159411319773e-01,-1.280079945456e-02,3.000106944081e-03
"                 769",1.088188165760e+00,3.111547990706e-01,-4.798666586663e-01,1.303842026379e+00,2.983863515125e-01,-4.773102428645e-01,2.156538606190e-01,-1.276844755809e-02,2.556415801799e-03
"                 770",1.087288755240e+00,3.070485151246e-01,-5.670026032240e-01,1.302725683353e+00,2.942702159655e-01,-5.648775104108e-01,2.154369281127e-01,-1.277829915909e-02,2.125092813189e-03
"                 771",1.096038977372e+00,3.037321899731e-01,-7.316566532470e-01,1.311345626558e+00,2.908074237774e-01,-7.299900364664e-01,2.153066491856e-01,-1.292476619567e-02,1.666616780649e-03
"                 772",1.099080205103e+00,3.087930218291e-01,-8.072174811679e-01,1.314609713797e+00,2.956426270091e-01,-8.059854126237e-01,2.155295086938e-01,-1.315039481999e-02,1.232068544210e-03
"                 773",1.089977924145e+00,3.129646255723e-01,-7.646188444952e-01,1.305646122178e+00,2.996319071406e-01,-7.638324645385e-01,2.156681980330e-01,-1.333271843167e-02,7.863799567575e-04
"                 774",1.074299173413e+00,3.123023504729e-01,-6.642034355270e-01,1.289889621492e+00,2.988764594725e-01,-6.638020718008e-01,2.155904480789e-01,-1.342589100042e-02,4.013637261854e-04
"                 775",1.063163419565e+00,3.158648238965e-01,-6.650995533573e-01,1.278235707153e+00,3.024065181078e-01,-6.650650612215e-01,2.150722875879e-01,-1.345830578871e-02,3.449213582986e-05
"                 776",1.064528840087e+00,3.169731335101e-01,-7.540483472337e-01,1.279009355416e+00,3.035171907272e-01,-7.543415331795e-01,2.144805153290e-01,-1.345594278295e-02,-2.931859457044e-04
"                 777",1.069836938790e+00,3.116785341576e-01,-6.816057015139e-01,1.283758620489e+00,2.981933325489e-01,-6.822222002723e-01,2.139216816995e-01,-1.348520160869e-02,-6.164987584168e-04
"                 778",1.069733645642e+00,3.058527231483e-01,-4.805574019174e-01,1.283318410009e+00,2.922588536585e-01,-4.814205690308e-01,2.135847643666e-01,-1.359386948982e-02,-8.631671133723e-04
"                 779",1.065290802059e+00,3.021130814974e-01,-2.652597004608e-01,1.278507727069e+00,2.883498054995e-01,-2.663000012769e-01,2.132169250099e-01,-1.376327599790e-02,-1.040300816114e-03
"                 780",1.057594039196e+00,3.007700546931e-01,-1.550871666916e-01,1.270410606494e+00,2.868068291886e-01,-1.562311402546e-01,2.128165672978e-01,-1.396322550446e-02,-1.143973563019e-03
"                 781",1.054663929370e+00,3.009212657580e-01,-9.589647848375e-02,1.266892098003e+00,2.867509716502e-01,-9.710822598609e-02,2.122281686330e-01,-1.417029410781e-02,-1.211747502343e-03
"                 782",1.055978279240e+00,3.003283018617e-01,-8.259360715254e-02,1.267641186569e+00,2.859266734755e-01,-8.382973320182e-02,2.116629073289e-01,-1.440162838622e-02,-1.236126049281e-03
"                 783",1.058706022244e+00,2.992392169073e-01,-5.586998776647e-02,1.269810272592e+00,2.845821854797e-01,-5.711312309520e-02,2.111042503476e-01,-1.465703142764e-02,-1.243135328732e-03
"                 784",1.059685664827e+00,2.989058619137e-01,4.008808785691e-02,1.270326729000e+00,2.839729404181e-01,3.887809924787e-02,2.106410641731e-01,-1.493292149563e-02,-1.209988609037e-03
"                 785",1.058298293418e+00,3.004963650376e-01,2.459198400128e-01,1.268419951610e+00,2.852988407494e-01,2.447754188820e-01,2.101216581914e-01,-1.519752428818e-02,-1.144421130841e-03
"                 786",1.055077409293e+00,3.035711120766e-01,4.769445522251e-01,1.264644847157e+00,2.881492736583e-01,4.759387714975e-01,2.095674378640e-01,-1.542183841831e-02,-1.005780727548e-03
"                 787",1.051183047640e+00,3.058390480023e-01,6.986019108656e-01,1.260034037836e+00,2.902331413175e-01,6.978002044870e-01,2.088509901957e-01,-1.560590668481e-02,-8.017063785949e-04
"                 788",1.047260132108e+00,3.080461045941e-01,8.740867427440e-01,1.255336992788e+00,2.923211818171e-01,8.735607623730e-01,2.080768606793e-01,-1.572492277705e-02,-5.259803710527e-04
"                 789",1.044991410171e+00,3.106605679211e-01,1.030090541083e+00,1.252209871319e+00,2.948608290956e-01,1.029880363999e+00,2.072184611478e-01,-1.579973882554e-02,-2.101770843903e-04
"                 790",1.044436529898e+00,3.132362990087e-01,1.135325626194e+00,1.250852986252e+00,2.973886518496e-01,1.135453961241e+00,2.064164563535e-01,-1.584764715906e-02,1.283350463482e-04
"                 791",1.043730547993e+00,3.145389154268e-01,1.215690584239e+00,1.249383052886e+00,2.986700451233e-01,1.216192213841e+00,2.056525048921e-01,-1.586887030353e-02,5.016296015103e-04
"                 792",1.042463053106e+00,3.169416966125e-01,1.300400175159e+00,1.247421246832e+00,3.010577293690e-01,1.301273291819e+00,2.049581937257e-01,-1.588396724344e-02,8.731166599701e-04
"                 793",1.041830905343e+00,3.201466695865e-01,1.408109394470e+00,1.246125500425e+00,3.042692621056e-01,1.409349507430e+00,2.042945950819e-01,-1.587740748088e-02,1.240112959660e-03
"                 794",1.041255703252e+00,3.242098733266e-01,1.506173770644e+00,1.244917339399e+00,3.083664885650e-01,1.507776281425e+00,2.036616361467e-01,-1.584338476167e-02,1.602510781274e-03
"                 795",1.040262363309e+00,3.273952121775e-01,1.639187934678e+00,1.243321397145e+00,3.116091424731e-01,1.641163933939e+00,2.030590338360e-01,-1.578606970444e-02,1.975999261221e-03
"                 796",1.038415121677e+00,3.277524179859e-01,1.778199476992e+00,1.240916884542e+00,3.120162404862e-01,1.780548936968e+00,2.025017628649e-01,-1.573617749970e-02,2.349459975474e-03
"                 797",1.035900843799e+00,3.263924454130e-01,1.888907681517e+00,1.237822866708e+00,3.106911277649e-01,1.891649258539e+00,2.019220229088e-01,-1.570131764803e-02,2.741577022225e-03
"                 798",1.033105074341e+00,3.241180212188e-01,1.965172501561e+00,1.234401577096e+00,3.084182145937e-01,1.968318327271e+00,2.012965027550e-01,-1.569980662510e-02,3.145825709728e-03
"                 799",1.029862201384e+00,3.238150808250e-01,2.009689548578e+00,1.230512376550e+00,3.080696309446e-01,2.013230276639e+00,2.006501751656e-01,-1.574544988038e-02,3.540728060475e-03
"                 800",1.029340869806e+00,3.253496430803e-01,2.083862436084e+00,1.229372619171e+00,3.095250530447e-01,2.087766406876e+00,2.000317493651e-01,-1.582459003563e-02,3.903970791661e-03
"                 801",1.033516737184e+00,3.253321319037e-01,2.262271086724e+00,1.233035727186e+00,3.094208507691e-01,2.266528104988e+00,1.995189900019e-01,-1.591128113458e-02,4.257018263900e-03
"                 802",1.043761114920e+00,3.222652093564e-01,2.453878533807e+00,1.242972005305e+00,3.062418869286e-01,2.458502814430e+00,1.992108903851e-01,-1.602332242783e-02,4.624280622821e-03
"                 803",1.059409653421e+00,3.145402305166e-01,2.639765027257e+00,1.258682455244e+00,2.983409145524e-01,2.644743485511e+00,1.992728018231e-01,-1.619931596413e-02,4.978458253432e-03
"                 804",1.082075545372e+00,3.130163303987e-01,2.714505846088e+00,1.281902262848e+00,2.965413850889e-01,2.719803903953e+00,1.998267174751e-01,-1.647494530977e-02,5.298057865577e-03
"                 805",1.111316317559e+00,3.163141352934e-01,2.866646464641e+00,1.312329566006e+00,2.994663497186e-01,2.872197679940e+00,2.010132484477e-01,-1.684778557485e-02,5.551215298391e-03
"                 806",1.144833086074e+00,3.253228432409e-01,3.026520805100e+00,1.347753527929e+00,3.080171376585e-01,3.032271961853e+00,2.029204418558e-01,-1.730570558240e-02,5.751156753268e-03
"                 807",1.174005932425e+00,3.399679439611e-01,3.256107295239e+00,1.379541092976e+00,3.222245810104e-01,3.262004555023e+00,2.055351605516e-01,-1.774336295071e-02,5.897259783486e-03
"                 808",1.189968388547e+00,3.595389318287e-01,3.548610379622e+00,1.398475612093e+00,3.415126791740e-01,3.554594674291e+00,2.085072235457e-01,-1.802625265471e-02,5.984294668588e-03
"                 809",1.203544672560e+00,3.764922228937e-01,3.932498526571e+00,1.415013001841e+00,3.584102763322e-01,3.938540442085e+00,2.114683292810e-01,-1.808194656151e-02,6.041915514694e-03
"                 810",1.223099674795e+00,3.971654052589e-01,4.237006472627e+00,1.437554526469e+00,3.791762863947e-01,4.243109204320e+00,2.144548516743e-01,-1.798911886413e-02,6.102731693014e-03
"                 811",1.255784861582e+00,4.217387017647e-01,4.548784927466e+00,1.473515813286e+00,4.039872515362e-01,4.554959006076e+00,2.177309517039e-01,-1.775145022848e-02,6.174078610073e-03
"                 812",1.289110947366e+00,4.529861957140e-01,4.988583213315e+00,1.510625443425e+00,4.356282711678e-01,4.994856367274e+00,2.215144960597e-01,-1.735792454622e-02,6.273153958789e-03
"                 813",1.311003437476e+00,4.859645591507e-01,5.400961639045e+00,1.536558180024e+00,4.691988300964e-01,5.407389333420e+00,2.255547425484e-01,-1.676572905429e-02,6.427694375256e-03
"                 814",1.316662467885e+00,5.203202240833e-01,5.749891845940e+00,1.546051740314e+00,5.043813304226e-01,5.756504801997e+00,2.293892724291e-01,-1.593889366074e-02,6.612956056396e-03
"                 815",1.309578723761e+00,5.447207915494e-01,5.978191237628e+00,1.542016280555e+00,5.297980509719e-01,5.984987594436e+00,2.324375567941e-01,-1.492274057747e-02,6.796356807979e-03
"                 816",1.298325060686e+00,5.607895416615e-01,6.190485654124e+00,1.532754720499e+00,5.469021334064e-01,6.197462320444e+00,2.344296598130e-01,-1.388740825501e-02,6.976666320270e-03
"                 817",1.276977353518e+00,5.580594858055e-01,6.098029236500e+00,1.512243151442e+00,5.450065039369e-01,6.105196390242e+00,2.352657979240e-01,-1.305298186856e-02,7.167153742060e-03
"                 818",1.256278777936e+00,5.456697705140e-01,5.607828957389e+00,1.491101890000e+00,5.330069503891e-01,5.615102155270e+00,2.348231120643e-01,-1.266282012490e-02,7.273197880672e-03
"                 819",1.243424172042e+00,5.317986079678e-01,4.840060800435e+00,1.476749015698e+00,5.189957566801e-01,4.847279133428e+00,2.333248436562e-01,-1.280285128771e-02,7.218332993139e-03
"                 820",1.237163739402e+00,5.195753511888e-01,4.022711912076e+00,1.468312300013e+00,5.062083074185e-01,4.029676512225e+00,2.311485606108e-01,-1.336704377029e-02,6.964600148295e-03
"                 821",1.234990100557e+00,5.097234343870e-01,3.315291000014e+00,1.463652763719e+00,4.955622766643e-01,3.321881702306e+00,2.286626631620e-01,-1.416115772278e-02,6.590702292526e-03
"                 822",1.234795280666e+00,5.020593458604e-01,2.848583329625e+00,1.460968087021e+00,4.870559987754e-01,2.854780518364e+00,2.261728063548e-01,-1.500334708494e-02,6.197188739284e-03
"                 823",1.234040336376e+00,4.948054424728e-01,2.549169234380e+00,1.457880077052e+00,4.790195219735e-01,2.555015934191e+00,2.238397406761e-01,-1.578592049932e-02,5.846699811477e-03
"                 824",1.232517388608e+00,4.886860976877e-01,2.375374387115e+00,1.454255828998e+00,4.721866213132e-01,2.380928893797e+00,2.217384403894e-01,-1.649947637451e-02,5.554506682092e-03
"                 825",1.227824958485e+00,4.826152794146e-01,2.222400321555e+00,1.447709769970e+00,4.655052049295e-01,2.227726265593e+00,2.198848114849e-01,-1.711007448510e-02,5.325944038145e-03
"                 826",1.223598708277e+00,4.784369116214e-01,2.050343185074e+00,1.441866543300e+00,4.608125586989e-01,2.055486114385e+00,2.182678350232e-01,-1.762435292250e-02,5.142929311505e-03
"                 827",1.220562141824e+00,4.759491568372e-01,1.863427444968e+00,1.437472072372e+00,4.579189495932e-01,1.868403883770e+00,2.169099305472e-01,-1.803020724395e-02,4.976438801568e-03
"                 828",1.216868356230e+00,4.732231957837e-01,1.655023966551e+00,1.432692449062e+00,4.548961125001e-01,1.659824752284e+00,2.158240928319e-01,-1.832708328364e-02,4.800785733295e-03
"                 829",1.210405207440e+00,4.715173609479e-01,1.555627369189e+00,1.425319128660e+00,4.530108508850e-01,1.560236099027e+00,2.149139212203e-01,-1.850651006287e-02,4.608729838055e-03
"                 830",1.198905533762e+00,4.687583435730e-01,1.546894094594e+00,1.412985335727e+00,4.501833339711e-01,1.551301828395e+00,2.140798019644e-01,-1.857500960195e-02,4.407733801357e-03
"                 831",1.183815415039e+00,4.631276587251e-01,1.566949178651e+00,1.396962444536e+00,4.445712394432e-01,1.571159948840e+00,2.131470294965e-01,-1.855641928187e-02,4.210770188466e-03
"                 832",1.167945774010e+00,4.528487523956e-01,1.527355503381e+00,1.379989325705e+00,4.343368101533e-01,1.531362567149e+00,2.120435516944e-01,-1.851194224237e-02,4.007063768377e-03
"                 833",1.151972047299e+00,4.409968865144e-01,1.428406258768e+00,1.362729616208e+00,4.225012677685e-01,1.432188797096e+00,2.107575689096e-01,-1.849561874582e-02,3.782538328288e-03
"                 834",1.136901130942e+00,4.299118361732e-01,1.251728634031e+00,1.346245008688e+00,4.113952142887e-01,1.255253261146e+00,2.093438777459e-01,-1.851662188446e-02,3.524627114168e-03
"                 835",1.124385650016e+00,4.197691858265e-01,1.045193577793e+00,1.332250492858e+00,4.011912927834e-01,1.048409294181e+00,2.078648428419e-01,-1.857789304312e-02,3.215716388157e-03
"                 836",1.112651814605e+00,4.097242309458e-01,7.754913010037e-01,1.319087971758e+00,3.910523290578e-01,7.783540203628e-01,2.064361571534e-01,-1.867190188799e-02,2.862719359126e-03
"                 837",1.100778120499e+00,3.987201766604e-01,5.277329884712e-01,1.305859096704e+00,3.799334075092e-01,5.301954345352e-01,2.050809762051e-01,-1.878676915122e-02,2.462446064023e-03
"                 838",1.087390855370e+00,3.884722876350e-01,2.502906279606e-01,1.291201976199e+00,3.695444095825e-01,2.523186642581e-01,2.038111208289e-01,-1.892787805256e-02,2.028036297437e-03
"                 839",1.072927405429e+00,3.807281320984e-01,-7.202512277702e-03,1.275473319520e+00,3.616632721657e-01,-5.623370201520e-03,2.025459140916e-01,-1.906485993275e-02,1.579142076181e-03
"                 840",1.059868390089e+00,3.765567418007e-01,-2.334858533243e-01,1.261161649711e+00,3.573825221263e-01,-2.323584098885e-01,2.012932596223e-01,-1.917421967437e-02,1.127443435784e-03
"                 841",1.049395363716e+00,3.745025039494e-01,-4.289615269760e-01,1.249487330809e+00,3.552893071492e-01,-4.282744233762e-01,2.000919670924e-01,-1.921319680011e-02,6.871035997673e-04
"                 842",1.041429078056e+00,3.718956680888e-01,-6.335533090757e-01,1.240404413346e+00,3.527433982294e-01,-6.332922659584e-01,1.989753352898e-01,-1.915226985940e-02,2.610431173573e-04
"                 843",1.033920763114e+00,3.675799858233e-01,-8.297283009640e-01,1.231906726570e+00,3.485896470878e-01,-8.298662856379e-01,1.979859634562e-01,-1.899033873549e-02,-1.379846739181e-04
"                 844",1.027166680934e+00,3.644676056263e-01,-9.608637771389e-01,1.224244536523e+00,3.457182718895e-01,-9.613854962768e-01,1.970778555891e-01,-1.874933373680e-02,-5.217191378626e-04
"                 845",1.019707277790e+00,3.646386890826e-01,-1.058104205352e+00,1.215925274944e+00,3.462275153756e-01,-1.058972181759e+00,1.962179971544e-01,-1.841117370697e-02,-8.679764069226e-04
"                 846",1.012798808701e+00,3.671689937003e-01,-1.151927802620e+00,1.208182454747e+00,3.491979780315e-01,-1.153084512898e+00,1.953836460459e-01,-1.797101566887e-02,-1.156710278775e-03
"                 847",1.006729150907e+00,3.721717461885e-01,-1.261863489437e+00,1.201295327762e+00,3.547511224949e-01,-1.263255152667e+00,1.945661768557e-01,-1.742062369364e-02,-1.391663230385e-03
"                 848",1.000472279790e+00,3.791846575999e-01,-1.326370837426e+00,1.194242388777e+00,3.624391415261e-01,-1.327965548665e+00,1.937701089873e-01,-1.674551607380e-02,-1.594711238748e-03
"                 849",9.930219650200e-01,3.871387269480e-01,-1.380267369112e+00,1.185964153185e+00,3.711995822451e-01,-1.382048623603e+00,1.929421881650e-01,-1.593914470290e-02,-1.781254491268e-03
"                 850",9.863238216246e-01,3.911701397950e-01,-1.445540635624e+00,1.178374586790e+00,3.761358035425e-01,-1.447502411040e+00,1.920507651654e-01,-1.503433625253e-02,-1.961775416199e-03
"                 851",9.799292147284e-01,3.912029472363e-01,-1.491652429096e+00,1.171068980518e+00,3.770980242397e-01,-1.493795684539e+00,1.911397657896e-01,-1.410492299655e-02,-2.143255442571e-03
"                 852",9.743452540540e-01,3.911086979516e-01,-1.455360077887e+00,1.164574012678e+00,3.778930874901e-01,-1.457674584468e+00,1.902287586238e-01,-1.321561046155e-02,-2.314506581152e-03
"                 853",9.713593565565e-01,3.914346995563e-01,-1.349291361934e+00,1.160711470409e+00,3.790271370275e-01,-1.351732505781e+00,1.893521138522e-01,-1.240756252880e-02,-2.441143847117e-03
"                 854",9.685322128483e-01,3.937923838917e-01,-1.277350917735e+00,1.157064953536e+00,3.821069110021e-01,-1.279878183992e+00,1.885327406881e-01,-1.168547288961e-02,-2.527266257163e-03
"                 855",9.651825773548e-01,3.941608307325e-01,-1.240612078272e+00,1.152956281147e+00,3.831151789616e-01,-1.243198277611e+00,1.877737037920e-01,-1.104565177087e-02,-2.586199339471e-03
"                 856",9.602385063527e-01,3.936336217331e-01,-1.174611730865e+00,1.147269151395e+00,3.831506549089e-01,-1.177230323108e+00,1.870306450426e-01,-1.048296682419e-02,-2.618592243359e-03
"                 857",9.547971615494e-01,3.922080562176e-01,-1.103874519925e+00,1.141056323995e+00,3.822344484159e-01,-1.106497473610e+00,1.862591624453e-01,-9.973607801733e-03,-2.622953684579e-03
"                 858",9.502352481176e-01,3.906058368168e-01,-1.041645695449e+00,1.135667855241e+00,3.810821867155e-01,-1.044251018181e+00,1.854326071233e-01,-9.523650101263e-03,-2.605322731965e-03
"                 859",9.477276097131e-01,3.895591523338e-01,-1.027630372122e+00,1.132314606931e+00,3.804257427155e-01,-1.030210868384e+00,1.845869972177e-01,-9.133409618351e-03,-2.580496261103e-03
"                 860",9.467001897034e-01,3.871181723848e-01,-9.783609238899e-01,1.130494523713e+00,3.783080306656e-01,-9.809235178600e-01,1.837943340096e-01,-8.810141719192e-03,-2.562593970015e-03
"                 861",9.458482615151e-01,3.856180138123e-01,-8.998376044219e-01,1.128880361763e+00,3.770456478560e-01,-9.023558488232e-01,1.830321002482e-01,-8.572365956231e-03,-2.518244401305e-03
"                 862",9.453199548981e-01,3.862160143199e-01,-8.345307187539e-01,1.127689629664e+00,3.778366787006e-01,-8.369841249699e-01,1.823696747660e-01,-8.379335619298e-03,-2.453406216000e-03
"                 863",9.453913556361e-01,3.887123342642e-01,-7.808516361286e-01,1.127149745317e+00,3.804790311842e-01,-7.832101198706e-01,1.817583896809e-01,-8.233303079999e-03,-2.358483742001e-03
"                 864",9.444049632555e-01,3.855578216377e-01,-5.945045260975e-01,1.125661125911e+00,3.774635802061e-01,-5.967458133076e-01,1.812561626559e-01,-8.094241431549e-03,-2.241287210069e-03
"                 865",9.425673481429e-01,3.809546317395e-01,-3.751257316377e-01,1.123299139582e+00,3.728959469545e-01,-3.771686508064e-01,1.807317914392e-01,-8.058684785019e-03,-2.042919168653e-03
"                 866",9.406327213297e-01,3.774798575898e-01,-2.146375645015e-01,1.120911299162e+00,3.694048211865e-01,-2.164738657168e-01,1.802785778327e-01,-8.075036403323e-03,-1.836301215342e-03
"                 867",9.402138767647e-01,3.788269769995e-01,-1.417576959653e-01,1.120053158860e+00,3.706490892541e-01,-1.433691679210e-01,1.798392820955e-01,-8.177887745356e-03,-1.611471955704e-03
"                 868",9.409459460741e-01,3.815640903348e-01,-8.398046124910e-02,1.120455722574e+00,3.732686169908e-01,-8.537961363363e-02,1.795097765004e-01,-8.295473343960e-03,-1.399152384526e-03
"                 869",9.413949781021e-01,3.836483982053e-01,2.062828137885e-02,1.120647227665e+00,3.752414571567e-01,1.945219973425e-02,1.792522495628e-01,-8.406941048577e-03,-1.176081644604e-03
"                 870",9.411689812355e-01,3.833269223877e-01,1.556350221413e-01,1.120213550452e+00,3.748169908770e-01,1.547041333148e-01,1.790445692169e-01,-8.509931510621e-03,-9.308888264934e-04
"                 871",9.418811137755e-01,3.812113735439e-01,3.204141379692e-01,1.120712210222e+00,3.725889972248e-01,3.197560872402e-01,1.788310964468e-01,-8.622376319146e-03,-6.580507290144e-04
"                 872",9.445817047661e-01,3.799334055940e-01,4.584269998826e-01,1.123198310787e+00,3.711776223724e-01,4.580758969174e-01,1.786166060205e-01,-8.755783221579e-03,-3.511029651904e-04
"                 873",9.471439036322e-01,3.805130065427e-01,5.668389596067e-01,1.125557984429e+00,3.715993927928e-01,5.668052610406e-01,1.784140807971e-01,-8.913613749912e-03,-3.369856605805e-05
"                 874",9.483311595398e-01,3.824033422862e-01,6.205404879183e-01,1.126520243450e+00,3.733116816000e-01,6.208056412873e-01,1.781890839100e-01,-9.091660686266e-03,2.651533690544e-04
"                 875",9.483414955843e-01,3.826998925225e-01,6.719498096324e-01,1.126238936767e+00,3.734157567368e-01,6.724890105997e-01,1.778974411830e-01,-9.284135785602e-03,5.392009672848e-04
"                 876",9.501254581172e-01,3.850974576409e-01,7.660828806572e-01,1.127673434834e+00,3.756003474664e-01,7.668432496727e-01,1.775479767167e-01,-9.497110174513e-03,7.603690154438e-04
"                 877",9.508728108974e-01,3.832415996629e-01,9.402245951876e-01,1.128047735028e+00,3.735237017480e-01,9.411905830496e-01,1.771749241307e-01,-9.717897914843e-03,9.659878619933e-04
"                 878",9.493611688688e-01,3.771436786050e-01,1.091649143968e+00,1.126125475901e+00,3.671729868794e-01,1.092816810837e+00,1.767643070318e-01,-9.970691725557e-03,1.167666869152e-03
"                 879",9.460951777530e-01,3.708838551372e-01,1.143009144323e+00,1.122366594047e+00,3.606027709958e-01,1.144391801472e+00,1.762714162936e-01,-1.028108414142e-02,1.382657148620e-03
"                 880",9.424822479351e-01,3.677020781851e-01,1.125714857218e+00,1.118186371445e+00,3.570503992295e-01,1.127275543157e+00,1.757041235099e-01,-1.065167895567e-02,1.560685938924e-03
"                 881",9.404328891365e-01,3.700279720419e-01,1.056908418491e+00,1.115487865516e+00,3.589894147172e-01,1.058600595303e+00,1.750549763798e-01,-1.103855732475e-02,1.692176812031e-03
"                 882",9.393927093723e-01,3.732971514747e-01,9.422199586301e-01,1.113773928118e+00,3.619113721604e-01,9.439834748988e-01,1.743812187462e-01,-1.138577931430e-02,1.763516268672e-03
"                 883",9.385366666231e-01,3.731332672494e-01,8.567181798134e-01,1.112261370904e+00,3.614614035064e-01,8.585067501582e-01,1.737247042810e-01,-1.167186374297e-02,1.788570344792e-03
"                 884",9.376393335024e-01,3.719491058987e-01,7.948104708662e-01,1.110751842389e+00,3.600406101724e-01,7.965902111965e-01,1.731125088862e-01,-1.190849572632e-02,1.779740330359e-03
"                 885",9.367750618635e-01,3.715070942601e-01,7.626385126710e-01,1.109328341703e+00,3.594165113169e-01,7.644023324110e-01,1.725532798397e-01,-1.209058294317e-02,1.763819739999e-03
"                 886",9.371892809835e-01,3.724967618443e-01,7.105216726906e-01,1.109256359536e+00,3.602700012758e-01,7.122630116026e-01,1.720670785529e-01,-1.222676056849e-02,1.741338912003e-03
"                 887",9.369514268367e-01,3.737568723481e-01,6.645505138278e-01,1.108629538540e+00,3.614419757766e-01,6.662639058142e-01,1.716781117032e-01,-1.231489657154e-02,1.713391986418e-03
"                 888",9.341257696404e-01,3.747363380108e-01,6.475313789503e-01,1.105488734576e+00,3.623738611742e-01,6.491995690879e-01,1.713629649360e-01,-1.236247683665e-02,1.668190137600e-03
"                 889",9.294451195062e-01,3.751383429712e-01,6.060616067361e-01,1.100497701975e+00,3.627724585680e-01,6.076716516074e-01,1.710525824689e-01,-1.236588440317e-02,1.610044871267e-03
"                 890",9.227108768093e-01,3.753449099229e-01,5.666724220603e-01,1.093413044513e+00,3.630118751116e-01,5.681958831253e-01,1.707021677032e-01,-1.233303481136e-02,1.523461065039e-03
"                 891",9.173433366460e-01,3.754630691718e-01,4.345516393677e-01,1.087623981170e+00,3.632000803176e-01,4.359669602665e-01,1.702806445244e-01,-1.226298885416e-02,1.415320898874e-03
"                 892",9.146757936089e-01,3.757733314617e-01,2.313096242071e-01,1.084517554821e+00,3.636127420061e-01,2.325835696558e-01,1.698417612119e-01,-1.216058945560e-02,1.273945448726e-03
"                 893",9.132250731706e-01,3.764012465091e-01,4.419871697316e-02,1.082669865308e+00,3.643798987190e-01,4.530144712446e-02,1.694447921369e-01,-1.202134779002e-02,1.102730151298e-03
"                 894",9.114835051175e-01,3.776351341947e-01,-9.900864950456e-02,1.080610174759e+00,3.658077223132e-01,-9.810750258530e-02,1.691266696415e-01,-1.182741188147e-02,9.011469192555e-04
"                 895",9.082312164552e-01,3.774399952293e-01,-2.240022835847e-01,1.077091665178e+00,3.658654419356e-01,-2.233102658088e-01,1.688604487226e-01,-1.157455329370e-02,6.920177759147e-04
"                 896",9.019523649126e-01,3.782866018058e-01,-3.576176293625e-01,1.070554669101e+00,3.670117201155e-01,-3.571467812515e-01,1.686023041884e-01,-1.127488169028e-02,4.708481109460e-04
"                 897",8.938234168874e-01,3.788249271099e-01,-5.060663789329e-01,1.062102415704e+00,3.679056527607e-01,-5.058211493248e-01,1.682789988170e-01,-1.091927434922e-02,2.452296080347e-04
"                 898",8.862719143772e-01,3.750439111713e-01,-5.786406141136e-01,1.054155725249e+00,3.644786564936e-01,-5.786241250385e-01,1.678838108719e-01,-1.056525467767e-02,1.648907516018e-05
"                 899",8.824314116299e-01,3.678166995973e-01,-5.812386647432e-01,1.049891845280e+00,3.575684665691e-01,-5.814222711410e-01,1.674604336499e-01,-1.024823302822e-02,-1.836063977757e-04
"                 900",8.823317630205e-01,3.625970609096e-01,-5.530822632266e-01,1.049437441000e+00,3.525957278380e-01,-5.534315294234e-01,1.671056779791e-01,-1.000133307160e-02,-3.492661968317e-04
"                 901",8.819500190841e-01,3.596883249497e-01,-5.441838503268e-01,1.048799526661e+00,3.498894039250e-01,-5.446657643430e-01,1.668495075764e-01,-9.798921024681e-03,-4.819140161901e-04
"                 902",8.787979366381e-01,3.583228407220e-01,-5.344987560268e-01,1.045436305943e+00,3.487238746049e-01,-5.351074746937e-01,1.666383693044e-01,-9.598966117051e-03,-6.087186669584e-04
"                 903",8.730202544396e-01,3.577319866967e-01,-5.388832844890e-01,1.039400441540e+00,3.483519983948e-01,-5.396153128873e-01,1.663801871002e-01,-9.379988301979e-03,-7.320283982336e-04
"                 904",8.663611284271e-01,3.576984976381e-01,-5.412865252736e-01,1.032379284697e+00,3.485615108955e-01,-5.421457654447e-01,1.660181562700e-01,-9.136986742584e-03,-8.592401710501e-04
"                 905",8.602621122172e-01,3.572849776686e-01,-5.577986926543e-01,1.025831450200e+00,3.484221467271e-01,-5.587718904235e-01,1.655693379832e-01,-8.862830941449e-03,-9.731977691623e-04
"                 906",8.557184281436e-01,3.555846224835e-01,-5.834324899877e-01,1.020787665570e+00,3.470190392492e-01,-5.845167580766e-01,1.650692374268e-01,-8.565583234254e-03,-1.084268088851e-03
"                 907",8.525365824403e-01,3.528620865488e-01,-6.189696675156e-01,1.017124643067e+00,3.446090420321e-01,-6.201585144055e-01,1.645880606271e-01,-8.253044516717e-03,-1.188846889909e-03
"                 908",8.501116023771e-01,3.492625397316e-01,-6.341896088730e-01,1.014289363881e+00,3.413215359315e-01,-6.354748916134e-01,1.641777615042e-01,-7.941003800021e-03,-1.285282740399e-03
"                 909",8.476226956917e-01,3.452735133649e-01,-6.220565900577e-01,1.011454866243e+00,3.376260799009e-01,-6.234249878958e-01,1.638321705510e-01,-7.647433463976e-03,-1.368397838036e-03
"                 910",8.451292123356e-01,3.427476903583e-01,-5.872231592201e-01,1.008669645142e+00,3.353693627894e-01,-5.886583906673e-01,1.635404328060e-01,-7.378327568867e-03,-1.435231447271e-03
"                 911",8.428615870028e-01,3.407776841208e-01,-5.676689773193e-01,1.006143279300e+00,3.336498880770e-01,-5.691526288103e-01,1.632816922969e-01,-7.127796043785e-03,-1.483651490972e-03
"                 912",8.398776183714e-01,3.365467719987e-01,-5.680222952876e-01,1.002928991463e+00,3.296394400141e-01,-5.695523010056e-01,1.630513730918e-01,-6.907331984592e-03,-1.530005717967e-03
"                 913",8.364173719228e-01,3.302867762010e-01,-6.040238725765e-01,9.992520841663e-01,3.235490346480e-01,-6.056026472418e-01,1.628347122435e-01,-6.737741553020e-03,-1.578774665276e-03
"                 914",8.334833073420e-01,3.243638114955e-01,-6.667137123750e-01,9.960930455799e-01,3.177251257268e-01,-6.683497925264e-01,1.626097382379e-01,-6.638685768672e-03,-1.636080151381e-03
"                 915",8.310580200805e-01,3.195412367431e-01,-7.282428245205e-01,9.934584742065e-01,3.129469547771e-01,-7.299491399506e-01,1.624004541260e-01,-6.594281966006e-03,-1.706315430042e-03
"                 916",8.292450039184e-01,3.169832284363e-01,-7.698822209286e-01,9.914656362845e-01,3.103912537044e-01,-7.716723021688e-01,1.622206323661e-01,-6.591974731896e-03,-1.790081240230e-03
"                 917",8.273843769755e-01,3.159683277603e-01,-7.808741552211e-01,9.894555326197e-01,3.093704431409e-01,-7.827441267634e-01,1.620711556442e-01,-6.597884619373e-03,-1.869971542295e-03
"                 918",8.251624276879e-01,3.149567992377e-01,-7.784691844222e-01,9.871014744828e-01,3.083608500582e-01,-7.804096954296e-01,1.619390467950e-01,-6.595949179480e-03,-1.940511007387e-03
"                 919",8.227917749240e-01,3.131456519231e-01,-7.669231839047e-01,9.846113166939e-01,3.065620949979e-01,-7.689120280352e-01,1.618195417699e-01,-6.583556925271e-03,-1.988844130516e-03
"                 920",8.204907267060e-01,3.106338946553e-01,-7.647755744464e-01,9.821970422655e-01,3.040609547177e-01,-7.668052018034e-01,1.617063155594e-01,-6.572939937668e-03,-2.029627356904e-03
"                 921",8.181845815935e-01,3.083409403380e-01,-7.665700930987e-01,9.797873581999e-01,3.017764391959e-01,-7.686316544372e-01,1.616027766064e-01,-6.564501142092e-03,-2.061561338522e-03
"                 922",8.157012631859e-01,3.067006859583e-01,-7.590879166569e-01,9.771967319113e-01,3.001410159931e-01,-7.611835429753e-01,1.614954687253e-01,-6.559669965215e-03,-2.095626318373e-03
"                 923",8.132587878200e-01,3.052281680051e-01,-7.407204262700e-01,9.746358149895e-01,2.986758088741e-01,-7.428455591744e-01,1.613770271695e-01,-6.552359131007e-03,-2.125132904377e-03
"                 924",8.109018744389e-01,3.038162924759e-01,-7.189464155748e-01,9.721454971285e-01,2.972733532932e-01,-7.211045423272e-01,1.612436226895e-01,-6.542939182629e-03,-2.158126752382e-03
"                 925",8.088899178501e-01,3.018377630040e-01,-6.933318882864e-01,9.699935000635e-01,2.953106286866e-01,-6.955166795045e-01,1.611035822135e-01,-6.527134317492e-03,-2.184791218051e-03
"                 926",8.072233253855e-01,3.000928843768e-01,-6.582682533454e-01,9.681844529367e-01,2.935817149045e-01,-6.604757065774e-01,1.609611275512e-01,-6.511169472263e-03,-2.207453232031e-03
"                 927",8.059892866762e-01,2.991891833174e-01,-6.293515121694e-01,9.668202444049e-01,2.927060790540e-01,-6.315673948965e-01,1.608309577287e-01,-6.483104263435e-03,-2.215882727094e-03
"                 928",8.049822453952e-01,2.995708888594e-01,-6.066517589525e-01,9.656822073869e-01,2.931195425940e-01,-6.088733571751e-01,1.606999619917e-01,-6.451346265429e-03,-2.221598222645e-03
"                 929",8.040716500168e-01,2.999328293241e-01,-5.817553216120e-01,9.646501508197e-01,2.935290453482e-01,-5.839662280730e-01,1.605785008029e-01,-6.403783975921e-03,-2.210906461015e-03
"                 930",8.027314137003e-01,2.999940060538e-01,-5.535199325335e-01,9.631823210408e-01,2.936403909888e-01,-5.557162446554e-01,1.604509073405e-01,-6.353615065037e-03,-2.196312121922e-03
"                 931",8.010029444932e-01,2.991354922151e-01,-5.266617729727e-01,9.613123566913e-01,2.928368301996e-01,-5.288262270258e-01,1.603094121981e-01,-6.298662015527e-03,-2.164454053094e-03
"                 932",7.992321058438e-01,2.990966613572e-01,-4.873451295812e-01,9.593576694191e-01,2.928324793670e-01,-4.894690554870e-01,1.601255635752e-01,-6.264181990132e-03,-2.123925905814e-03
"                 933",7.981956179934e-01,2.983477480645e-01,-4.761155709727e-01,9.581266258833e-01,2.921251662643e-01,-4.781845352980e-01,1.599310078899e-01,-6.222581800157e-03,-2.068964325282e-03
"                 934",7.971487705615e-01,2.975492190518e-01,-4.779105117686e-01,9.568603388803e-01,2.913471455737e-01,-4.799347009403e-01,1.597115683187e-01,-6.202073478113e-03,-2.024189171731e-03
"                 935",7.957416283774e-01,2.963130751694e-01,-4.813140600749e-01,9.552307329277e-01,2.901241309547e-01,-4.832971931295e-01,1.594891045503e-01,-6.188944214674e-03,-1.983133054599e-03
"                 936",7.931996858487e-01,2.959666679465e-01,-4.600631447963e-01,9.524373567129e-01,2.897722972212e-01,-4.620255269983e-01,1.592376708642e-01,-6.194370725267e-03,-1.962382202019e-03
"                 937",7.904649125262e-01,2.944656087860e-01,-4.453018764770e-01,9.494133882706e-01,2.882590336291e-01,-4.472377379551e-01,1.589484757444e-01,-6.206575156913e-03,-1.935861478038e-03
"                 938",7.878032724977e-01,2.918745427654e-01,-4.234454077546e-01,9.464076542003e-01,2.856318243163e-01,-4.253620074308e-01,1.586043817025e-01,-6.242718449105e-03,-1.916599676158e-03
"                 939",7.864311811128e-01,2.903785323790e-01,-3.984210823426e-01,9.446620730796e-01,2.840835370638e-01,-4.003092322973e-01,1.582308919668e-01,-6.294995315237e-03,-1.888149954769e-03
"                 940",7.863461686074e-01,2.915537888907e-01,-3.881844486386e-01,9.442047948254e-01,2.851960611145e-01,-3.900489666529e-01,1.578586262180e-01,-6.357727776146e-03,-1.864518014308e-03
"                 941",7.868785741544e-01,2.941777475835e-01,-3.558705714255e-01,9.443994126915e-01,2.877757513362e-01,-3.577053917252e-01,1.575208385371e-01,-6.401996247305e-03,-1.834820299654e-03
"                 942",7.864282712703e-01,2.947787066428e-01,-3.524159482264e-01,9.436535734012e-01,2.883592119019e-01,-3.542273574953e-01,1.572253021310e-01,-6.419494740888e-03,-1.811409268976e-03
"                 943",7.842244007267e-01,2.925803524065e-01,-3.479887771984e-01,9.411678231741e-01,2.861501969156e-01,-3.497807106270e-01,1.569434224474e-01,-6.430155490870e-03,-1.791933428546e-03
"                 944",7.817661477303e-01,2.896833341203e-01,-3.259809474018e-01,9.384113463792e-01,2.832244500729e-01,-3.277630271936e-01,1.566451986489e-01,-6.458884047327e-03,-1.782079791799e-03
"                 945",7.801455021420e-01,2.879307248423e-01,-2.091336716166e-01,9.365051953251e-01,2.814278292986e-01,-2.108890234818e-01,1.563596931831e-01,-6.502895543662e-03,-1.755351865185e-03
"                 946",7.808813143835e-01,2.881075979029e-01,-1.717054839757e-01,9.369758145111e-01,2.815610898889e-01,-1.734147678320e-01,1.560945001276e-01,-6.546508014036e-03,-1.709283856368e-03
"                 947",7.836922061949e-01,2.906556623737e-01,-2.202439048631e-01,9.396046606555e-01,2.840758597359e-01,-2.218966551061e-01,1.559124544606e-01,-6.579802637832e-03,-1.652750243004e-03
"                 948",7.876094750954e-01,2.932638061273e-01,-3.424274984041e-01,9.434502097595e-01,2.866797749506e-01,-3.440506081130e-01,1.558407346641e-01,-6.584031176709e-03,-1.623109708903e-03
"                 949",7.934815096486e-01,2.952830379387e-01,-5.725897979105e-01,9.493878064669e-01,2.887222307519e-01,-5.742142559149e-01,1.559062968183e-01,-6.560807186775e-03,-1.624458004389e-03
"                 950",7.971061417943e-01,2.948985987763e-01,-7.098651675444e-01,9.532034570627e-01,2.883774469305e-01,-7.115510406857e-01,1.560973152684e-01,-6.521151845823e-03,-1.685873141303e-03
"                 951",7.962086331392e-01,2.900304465125e-01,-6.583900183621e-01,9.525383752003e-01,2.835381510242e-01,-6.601458427975e-01,1.563297420611e-01,-6.492295488257e-03,-1.755824435436e-03
"                 952",7.921797616928e-01,2.893470174186e-01,-4.107508076038e-01,9.486272247080e-01,2.828469579548e-01,-4.125404146054e-01,1.564474630152e-01,-6.500059463835e-03,-1.789607001534e-03
"                 953",7.882014792149e-01,2.910438665814e-01,-1.764326285546e-01,9.446446686828e-01,2.845261096989e-01,-1.781604643437e-01,1.564431894679e-01,-6.517756882565e-03,-1.727835789070e-03
"                 954",7.868796760868e-01,2.914067972607e-01,-8.840296746859e-02,9.431915949619e-01,2.848658162045e-01,-9.002577614064e-02,1.563119188750e-01,-6.540981056288e-03,-1.622808672049e-03
"                 955",7.868285857054e-01,2.868867766974e-01,-1.110747158011e-01,9.430064828075e-01,2.802979261315e-01,-1.125686648912e-01,1.561778971021e-01,-6.588850565913e-03,-1.493949090064e-03
"                 956",7.869894744008e-01,2.816337776007e-01,-1.585836034856e-01,9.429910553768e-01,2.749366487188e-01,-1.599864764376e-01,1.560015809761e-01,-6.697128881854e-03,-1.402872951987e-03
"                 957",7.866567829120e-01,2.788702820666e-01,-2.030218910305e-01,9.424887283686e-01,2.720097427038e-01,-2.043505487929e-01,1.558319454566e-01,-6.860539362859e-03,-1.328657762355e-03
"                 958",7.863882218938e-01,2.792506470081e-01,-2.257417894879e-01,9.420119821154e-01,2.722122231477e-01,-2.270359677431e-01,1.556237602216e-01,-7.038423860408e-03,-1.294178255145e-03
"                 959",7.850733607924e-01,2.783775047739e-01,-2.102194945646e-01,9.404996995783e-01,2.711722066021e-01,-2.114817392021e-01,1.554263387859e-01,-7.205298171769e-03,-1.262244637432e-03
"                 960",7.829838025133e-01,2.761471715930e-01,-1.511904523379e-01,9.381661268609e-01,2.687844710140e-01,-1.524317555186e-01,1.551823243476e-01,-7.362700579070e-03,-1.241303180726e-03
"                 961",7.808562695089e-01,2.741878097605e-01,-8.915216163672e-02,9.357884890250e-01,2.666722652670e-01,-9.034570797523e-02,1.549322195161e-01,-7.515544493529e-03,-1.193546338508e-03
"                 962",7.788323880107e-01,2.737373200778e-01,-4.082000258620e-02,9.334701552361e-01,2.660792336118e-01,-4.196985550688e-02,1.546377672254e-01,-7.658086465966e-03,-1.149852920680e-03
"                 963",7.767211391991e-01,2.743484203166e-01,-3.002301887200e-02,9.310852757432e-01,2.665703714581e-01,-3.111597041264e-02,1.543641365442e-01,-7.778048858520e-03,-1.092951540645e-03
"                 964",7.739952716210e-01,2.755265064091e-01,-3.813522189311e-02,9.280407160635e-01,2.676602189869e-01,-3.920155537391e-02,1.540454444426e-01,-7.866287422193e-03,-1.066333480796e-03
"                 965",7.712736229110e-01,2.756901638347e-01,-7.462113344686e-02,9.250207122110e-01,2.677667943651e-01,-7.566080986801e-02,1.537470892999e-01,-7.923369469619e-03,-1.039676421157e-03
"                 966",7.687094023086e-01,2.744298200972e-01,-1.135090575409e-01,9.220938162767e-01,2.664695492189e-01,-1.145643473395e-01,1.533844139681e-01,-7.960270878289e-03,-1.055289798610e-03
"                 967",7.669729961533e-01,2.728449218998e-01,-1.538772283551e-01,9.200568194272e-01,2.648556218355e-01,-1.549359126756e-01,1.530838232738e-01,-7.989300064236e-03,-1.058684320415e-03
"                 968",7.657055741227e-01,2.718260805660e-01,-1.864371889766e-01,9.184506196177e-01,2.638122539143e-01,-1.875380264395e-01,1.527450454950e-01,-8.013826651649e-03,-1.100837462953e-03
"                 969",7.647525105265e-01,2.717994506013e-01,-2.002381582554e-01,9.172547323215e-01,2.637700072694e-01,-2.013545173047e-01,1.525022217950e-01,-8.029443331901e-03,-1.116359049275e-03
"                 970",7.640116234458e-01,2.719815847466e-01,-1.989873554439e-01,9.162634284701e-01,2.639533922468e-01,-2.001422352925e-01,1.522518050243e-01,-8.028192499783e-03,-1.154879848594e-03
"                 971",7.631577478718e-01,2.716093446090e-01,-1.976124573683e-01,9.152357126972e-01,2.635988210324e-01,-1.987753721284e-01,1.520779648254e-01,-8.010523576589e-03,-1.162914760125e-03
"                 972",7.622624799721e-01,2.713257169640e-01,-1.979278268806e-01,9.141628903333e-01,2.633447563289e-01,-1.991118767880e-01,1.519004103612e-01,-7.980960635075e-03,-1.184049907364e-03
"                 973",7.611872690342e-01,2.704980582192e-01,-1.809734418060e-01,9.129563036868e-01,2.625507244781e-01,-1.821566840362e-01,1.517690346526e-01,-7.947333741103e-03,-1.183242230217e-03
"                 974",7.606109523880e-01,2.695748106814e-01,-1.606236445312e-01,9.122388050823e-01,2.616631038118e-01,-1.618191385320e-01,1.516278526943e-01,-7.911706869574e-03,-1.195494000848e-03
"                 975",7.611802215959e-01,2.702482164667e-01,-1.421224321153e-01,9.127178544464e-01,2.623809422349e-01,-1.433099461699e-01,1.515376328505e-01,-7.867274231814e-03,-1.187514054628e-03
"                 976",7.626703805897e-01,2.729531023882e-01,-1.127405825731e-01,9.141405498966e-01,2.651433724192e-01,-1.139318291896e-01,1.514701693069e-01,-7.809729969020e-03,-1.191246616525e-03
"                 977",7.645104151715e-01,2.778773531057e-01,-9.896608542959e-02,9.159983501000e-01,2.701644401766e-01,-1.001404529266e-01,1.514879349285e-01,-7.712912929105e-03,-1.174367497057e-03
"                 978",7.658821192205e-01,2.812280628360e-01,-8.041871749382e-02,9.174297268242e-01,2.736546120528e-01,-8.158569478513e-02,1.515476076038e-01,-7.573450783204e-03,-1.166977291304e-03
"                 979",7.659482310589e-01,2.793675297400e-01,-5.367343221243e-02,9.176080387661e-01,2.719551010761e-01,-5.481189557158e-02,1.516598077071e-01,-7.412428663900e-03,-1.138463359153e-03
"                 980",7.646524681475e-01,2.750593546855e-01,-9.012934003167e-02,9.163776513953e-01,2.677795601662e-01,-9.125437148057e-02,1.517251832479e-01,-7.279794519232e-03,-1.125031448901e-03
"                 981",7.629443528323e-01,2.732808332326e-01,-1.471608417774e-01,9.147077117434e-01,2.660852069835e-01,-1.482742429211e-01,1.517633589111e-01,-7.195626249043e-03,-1.113401143683e-03
"                 982",7.614777234300e-01,2.740781544742e-01,-2.028591706571e-01,9.131893363286e-01,2.669377413780e-01,-2.040023265846e-01,1.517116128986e-01,-7.140413096230e-03,-1.143155927459e-03
"                 983",7.603770078858e-01,2.762333051375e-01,-2.466946661883e-01,9.120415286752e-01,2.691449290260e-01,-2.478647146062e-01,1.516645207894e-01,-7.088376111568e-03,-1.170048417907e-03
"                 984",7.596499555762e-01,2.774923309663e-01,-2.832540274945e-01,9.111920524146e-01,2.704591052061e-01,-2.844828697089e-01,1.515420968384e-01,-7.033225760212e-03,-1.228842214410e-03
"                 985",7.595767841278e-01,2.783439060175e-01,-2.889585225865e-01,9.110552406766e-01,2.713715422087e-01,-2.902139934495e-01,1.514784565487e-01,-6.972363808850e-03,-1.255470863036e-03
"                 986",7.604154856518e-01,2.794891526315e-01,-2.450861725902e-01,9.117860285222e-01,2.725799662685e-01,-2.463816775459e-01,1.513705428704e-01,-6.909186362986e-03,-1.295504955687e-03
"                 987",7.610424834865e-01,2.793791712762e-01,-1.950164802334e-01,9.123858997409e-01,2.725388416159e-01,-1.963000050728e-01,1.513434162544e-01,-6.840329660329e-03,-1.283524839378e-03
"                 988",7.609101727450e-01,2.778326575928e-01,-1.822095716700e-01,9.121959599913e-01,2.710531401951e-01,-1.834890666520e-01,1.512857872463e-01,-6.779517397727e-03,-1.279494982007e-03
"                 989",7.602729707981e-01,2.760137576748e-01,-2.178318851651e-01,9.115242199482e-01,2.692751964865e-01,-2.190884161568e-01,1.512512491501e-01,-6.738561188217e-03,-1.256530991757e-03
"                 990",7.590326312083e-01,2.737349176387e-01,-2.655479012006e-01,9.102012854436e-01,2.670118206789e-01,-2.668184423734e-01,1.511686542353e-01,-6.723096959779e-03,-1.270541172758e-03
"                 991",7.585299763222e-01,2.734221238758e-01,-2.643784200356e-01,9.096147940457e-01,2.666941074911e-01,-2.656623667779e-01,1.510848177234e-01,-6.728016384648e-03,-1.283946742240e-03
"                 992",7.585578287438e-01,2.752339387532e-01,-2.259038329543e-01,9.095334829107e-01,2.684982252157e-01,-2.272124792254e-01,1.509756541669e-01,-6.735713537426e-03,-1.308646271063e-03
"                 993",7.579695780452e-01,2.766295172003e-01,-1.459666529782e-01,9.088630302717e-01,2.699029474182e-01,-1.472672341143e-01,1.508934522265e-01,-6.726569782065e-03,-1.300581136074e-03
"                 994",7.582064806871e-01,2.773029954960e-01,-8.811347178423e-02,9.089909792782e-01,2.705989957304e-01,-8.939870547951e-02,1.507844985912e-01,-6.703999765596e-03,-1.285233695274e-03
"                 995",7.580079172921e-01,2.748281047034e-01,-5.264142787154e-02,9.087348808984e-01,2.681501955281e-01,-5.387865972023e-02,1.507269636063e-01,-6.677909175276e-03,-1.237231848694e-03
"                 996",7.572004542327e-01,2.699145233755e-01,-3.076485055947e-02,9.078249377986e-01,2.632326285892e-01,-3.196885415407e-02,1.506244835659e-01,-6.681894786333e-03,-1.204003594600e-03
"                 997",7.567135193011e-01,2.669946204849e-01,1.035767987616e-02,9.072715279833e-01,2.602686171831e-01,9.206109610573e-03,1.505580086822e-01,-6.726003301802e-03,-1.151570265588e-03
"                 998",7.557457107964e-01,2.669074750837e-01,7.604877506299e-02,9.061694103165e-01,2.601085117759e-01,7.492846890147e-02,1.504236995201e-01,-6.798963307793e-03,-1.120306161527e-03
"                 999",7.537869272351e-01,2.680815865152e-01,1.424598855217e-01,9.041089770244e-01,2.612123876121e-01,1.414008557469e-01,1.503220497893e-01,-6.869198903090e-03,-1.059029774739e-03
"                1000",7.526022732383e-01,2.689102080108e-01,2.183126568437e-01,9.027442004849e-01,2.619862426491e-01,2.173015353552e-01,1.501419272466e-01,-6.923965361684e-03,-1.011121488509e-03
