Time (s),PRESSURE_FORCE_X,PRESSURE_FORCE_Y,PRESSURE_FORCE_Z,TOTAL_FORCE_X,TOTAL_FORCE_Y,TOTAL_FORCE_Z,VISCOUS_FORCE_X,VISCOUS_FORCE_Y,VISCOUS_FORCE_Z
"                   1",-8.821300057436e-02,4.492675500516e-02,4.848779235435e-01,-8.822162327193e-02,4.493188973886e-02,4.874527560942e-01,-8.622697572690e-06,5.134733706140e-06,2.574832550706e-03
"                   2",-1.665573302244e+00,-2.108599418695e+00,1.253283905619e+02,-1.227453634743e+00,-2.190365842262e+00,2.070657095148e+02,4.381196675016e-01,-8.176642356703e-02,8.173731895297e+01
"                   3",3.617996009149e+02,-1.417210081318e+02,4.962287143327e+02,3.623372557867e+02,-1.418024556224e+02,5.768262017020e+02,5.376548718710e-01,-8.144749065315e-02,8.059748736934e+01
"                   4",1.906036511069e+02,-1.254857610469e+02,3.834512774085e+02,1.911878419594e+02,-1.257393196317e+02,4.664755202217e+02,5.841908525020e-01,-2.535585848104e-01,8.302424281327e+01
"                   5",-1.591096419196e+01,-3.647670023549e+01,2.837872647575e+02,-1.528574530918e+01,-3.680863427767e+01,3.641380914733e+02,6.252188827833e-01,-3.319340421790e-01,8.035082671581e+01
"                   6",-1.613198949894e+02,6.603619066921e+01,2.732826162667e+02,-1.606877228205e+02,6.560524558171e+01,3.476987167621e+02,6.321721689820e-01,-4.309450874990e-01,7.441610049542e+01
"                   7",-1.637493947431e+02,1.072449242283e+02,3.151086496610e+02,-1.630846695824e+02,1.066811729488e+02,3.816633546914e+02,6.647251606718e-01,-5.637512795491e-01,6.655470503043e+01
"                   8",-6.316743990818e+01,5.303497563568e+01,3.337888369559e+02,-6.257654094377e+01,5.266463126782e+01,3.928619919529e+02,5.908989644087e-01,-3.703443678624e-01,5.907315499700e+01
"                   9",4.007130510692e+01,-4.242868000899e+01,3.180355599144e+02,4.056125850675e+01,-4.269010044925e+01,3.706452818032e+02,4.899533998320e-01,-2.614204402588e-01,5.260972188880e+01
"                  10",8.099235279726e+01,-1.038752609336e+02,2.973030626337e+02,8.141603222265e+01,-1.041478014547e+02,3.442808676654e+02,4.236794253906e-01,-2.725405211273e-01,4.697780503167e+01
"                  11",6.372349010350e+01,-9.207405840986e+01,2.978187086687e+02,6.412256591247e+01,-9.236895689413e+01,3.397890240562e+02,3.990758089700e-01,-2.948984842655e-01,4.197031538753e+01
"                  12",2.684080041125e+01,-2.963965671253e+01,3.117648567183e+02,2.719924375630e+01,-2.993224891018e+01,3.493674247684e+02,3.584433450463e-01,-2.925921976473e-01,3.760256805009e+01
"                  13",-7.170473069999e+00,1.994534661626e+01,3.236396527128e+02,-6.851319221471e+00,1.967924549053e+01,3.574382145871e+02,3.191538485277e-01,-2.661011257337e-01,3.379856187424e+01
"                  14",-2.715185339101e+01,2.243320034968e+01,3.197587597192e+02,-2.688792070886e+01,2.219364781595e+01,3.501691456482e+02,2.639326821514e-01,-2.395525337255e-01,3.041038592899e+01
"                  15",-2.571739160675e+01,-8.589836754090e+00,3.045734598102e+02,-2.551234642173e+01,-8.828233494052e+00,3.319002776132e+02,2.050451850219e-01,-2.383967399625e-01,2.732681780299e+01
"                  16",-1.255524527462e+01,-4.286719293648e+01,2.907239629419e+02,-1.239649874324e+01,-4.309725488838e+01,3.152256814173e+02,1.587465313818e-01,-2.300619518905e-01,2.450171847547e+01
"                  17",-6.822526207722e-01,-5.642132835350e+01,2.774082713402e+02,-5.544305047625e-01,-5.664234424099e+01,2.994691524289e+02,1.278221160097e-01,-2.210158874899e-01,2.206088108870e+01
"                  18",4.558557229551e+00,-4.955262066411e+01,2.637892330202e+02,4.680607973846e+00,-4.975935327623e+01,2.837576979745e+02,1.220507442957e-01,-2.067326121147e-01,1.996846495430e+01
"                  19",3.235865305208e+00,-3.496034039469e+01,2.512020545657e+02,3.361059266093e+00,-3.514611651354e+01,2.693595978740e+02,1.251939608851e-01,-1.857761188464e-01,1.815754330828e+01
"                  20",-2.555725403491e+00,-2.117836906538e+01,2.422328271385e+02,-2.427829176944e+00,-2.132504437525e+01,2.587543404424e+02,1.278962265471e-01,-1.466753098662e-01,1.652151330384e+01
"                  21",-6.842417538313e+00,-1.277980325439e+01,2.380152558388e+02,-6.720197180207e+00,-1.288882753874e+01,2.530759957744e+02,1.222203581056e-01,-1.090242843460e-01,1.506073993557e+01
"                  22",-7.578693535099e+00,-9.918569861230e+00,2.352520731828e+02,-7.463430910751e+00,-1.000212654435e+01,2.490555192334e+02,1.152626243480e-01,-8.355668311980e-02,1.380344605064e+01
"                  23",-4.735572766507e+00,-1.130445976314e+01,2.288401756710e+02,-4.625568431032e+00,-1.137222339843e+01,2.415845593485e+02,1.100043354753e-01,-6.776363528905e-02,1.274438367747e+01
"                  24",-1.128117358143e+00,-1.756616663302e+01,2.171670702469e+02,-1.017294837999e+00,-1.762785203376e+01,2.290256099975e+02,1.108225201436e-01,-6.168540073580e-02,1.185853975055e+01
"                  25",-1.351794227484e+00,-2.701359421529e+01,2.030655922785e+02,-1.242585144180e+00,-2.707030458942e+01,2.141384977184e+02,1.092090833041e-01,-5.671037412976e-02,1.107290543983e+01
"                  26",-7.116611644563e+00,-3.527363140539e+01,1.927817510839e+02,-7.011308965181e+00,-3.532651209257e+01,2.031266690509e+02,1.053026793815e-01,-5.288068717954e-02,1.034491796697e+01
"                  27",-1.525568234555e+01,-3.663523205719e+01,1.885186226741e+02,-1.515220621724e+01,-3.668400201484e+01,1.982031544704e+02,1.034761283048e-01,-4.876995764918e-02,9.684531796344e+00
"                  28",-1.982427676384e+01,-3.071174157763e+01,1.887212607763e+02,-1.972125211650e+01,-3.075576011525e+01,1.978472878660e+02,1.030246473365e-01,-4.401853761685e-02,9.126027089639e+00
"                  29",-1.911273928915e+01,-2.312052759802e+01,1.880470502238e+02,-1.901126289957e+01,-2.316224355127e+01,1.967381024652e+02,1.014763895835e-01,-4.171595325122e-02,8.691052241421e+00
"                  30",-1.467915903436e+01,-2.002646901340e+01,1.835691843136e+02,-1.457937205806e+01,-2.006849152155e+01,1.919218284495e+02,9.978697630152e-02,-4.202250815526e-02,8.352644135957e+00
"                  31",-1.169371756161e+01,-2.430026065401e+01,1.765870755980e+02,-1.159588769235e+01,-2.434277882534e+01,1.846596973151e+02,9.782986925471e-02,-4.251817133295e-02,8.072621717177e+00
"                  32",-1.156137098810e+01,-3.194051292532e+01,1.690626758006e+02,-1.146670282937e+01,-3.198722590906e+01,1.768621860363e+02,9.466815873044e-02,-4.671298374051e-02,7.799510235703e+00
"                  33",-1.401877496110e+01,-3.729514164424e+01,1.643697839080e+02,-1.392728632923e+01,-3.734968989446e+01,1.718967055894e+02,9.148863186345e-02,-5.454825022064e-02,7.526921681353e+00
"                  34",-1.823671203559e+01,-3.654389179699e+01,1.642263648223e+02,-1.814728999777e+01,-3.660555311143e+01,1.714965224848e+02,8.942203781598e-02,-6.166131443493e-02,7.270157662499e+00
"                  35",-2.133807521842e+01,-3.086983472398e+01,1.660694531474e+02,-2.124924287627e+01,-3.093745576969e+01,1.731342810905e+02,8.883234214964e-02,-6.762104570823e-02,7.064827943138e+00
"                  36",-2.218504727767e+01,-2.448341122163e+01,1.677695781313e+02,-2.209467504610e+01,-2.455444794271e+01,1.746883369937e+02,9.037223157601e-02,-7.103672107705e-02,6.918758862312e+00
"                  37",-2.190953697217e+01,-2.111875235630e+01,1.686785016488e+02,-2.181756932009e+01,-2.119224557912e+01,1.755058031648e+02,9.196765207540e-02,-7.349322281949e-02,6.827301516037e+00
"                  38",-2.039059972343e+01,-2.208329742567e+01,1.672892324169e+02,-2.029545304800e+01,-2.215800801862e+01,1.740603749570e+02,9.514667543755e-02,-7.471059294819e-02,6.771142540099e+00
"                  39",-2.007317877326e+01,-2.632579722655e+01,1.643364085071e+02,-1.997629502473e+01,-2.640322037986e+01,1.710593562837e+02,9.688374853163e-02,-7.742315331212e-02,6.722947776622e+00
"                  40",-2.079269561130e+01,-3.099551109082e+01,1.607800275619e+02,-2.069498414370e+01,-3.107775293320e+01,1.674439702181e+02,9.771146760597e-02,-8.224184237401e-02,6.663942656206e+00
"                  41",-2.122131702210e+01,-3.384035775840e+01,1.578012375959e+02,-2.112479151031e+01,-3.392907289722e+01,1.643953799434e+02,9.652551178481e-02,-8.871513882799e-02,6.594142347520e+00
"                  42",-2.132620439996e+01,-3.363244890177e+01,1.569279132668e+02,-2.123102438129e+01,-3.372802030562e+01,1.634532496575e+02,9.518001867066e-02,-9.557140385388e-02,6.525336390705e+00
"                  43",-2.176304623173e+01,-3.072925775926e+01,1.570196567570e+02,-2.166741374744e+01,-3.083172359743e+01,1.634988745343e+02,9.563248428725e-02,-1.024658381718e-01,6.479217777260e+00
"                  44",-2.276082043508e+01,-2.782032882129e+01,1.576075581062e+02,-2.266278363336e+01,-2.793070993473e+01,1.640606952038e+02,9.803680171643e-02,-1.103811134408e-01,6.453137097595e+00
"                  45",-2.373522974351e+01,-2.652635470237e+01,1.585428280407e+02,-2.363260986029e+01,-2.664219725466e+01,1.649994387368e+02,1.026198832215e-01,-1.158425522979e-01,6.456610696112e+00
"                  46",-2.446683215611e+01,-2.677634537342e+01,1.595569566695e+02,-2.435993700762e+01,-2.689811512518e+01,1.660310156524e+02,1.068951484897e-01,-1.217697517652e-01,6.474058982850e+00
"                  47",-2.450303622813e+01,-2.831937496055e+01,1.592180531055e+02,-2.439369191896e+01,-2.844774671083e+01,1.657233341859e+02,1.093443091654e-01,-1.283717502765e-01,6.505281080420e+00
"                  48",-2.328191319896e+01,-3.052743680999e+01,1.577701795436e+02,-2.317232249611e+01,-3.066260455808e+01,1.643069527587e+02,1.095907028509e-01,-1.351677480852e-01,6.536773215147e+00
"                  49",-2.158067583907e+01,-3.246806927204e+01,1.559287352401e+02,-2.147220888280e+01,-3.261002028235e+01,1.624911226439e+02,1.084669562635e-01,-1.419510103091e-01,6.562387403787e+00
"                  50",-2.007303056012e+01,-3.277608427285e+01,1.543309486444e+02,-1.996568023203e+01,-3.292447212077e+01,1.609114930625e+02,1.073503280916e-01,-1.483878479223e-01,6.580544418082e+00
"                  51",-1.887256667065e+01,-3.181586903048e+01,1.537846780684e+02,-1.876580409963e+01,-3.197121665796e+01,1.603812445644e+02,1.067625710136e-01,-1.553476274790e-01,6.596566495982e+00
"                  52",-1.903150458986e+01,-3.042615586651e+01,1.546694126575e+02,-1.892412015427e+01,-3.058863678690e+01,1.612874868155e+02,1.073844355856e-01,-1.624809203969e-01,6.618074157966e+00
"                  53",-1.970373753060e+01,-2.998397490636e+01,1.556573816082e+02,-1.959582303667e+01,-3.015431634761e+01,1.623066117973e+02,1.079144939334e-01,-1.703414412464e-01,6.649230189074e+00
"                  54",-1.989867651994e+01,-3.027498892107e+01,1.560540259278e+02,-1.979010314712e+01,-3.045183429474e+01,1.627395678112e+02,1.085733728178e-01,-1.768453736701e-01,6.685541883401e+00
"                  55",-1.957927216207e+01,-3.074839504537e+01,1.558766844460e+02,-1.947103729044e+01,-3.093224499571e+01,1.625990243079e+02,1.082348716324e-01,-1.838499503359e-01,6.722339861882e+00
"                  56",-1.938705108178e+01,-3.131539921509e+01,1.552456649096e+02,-1.927951113759e+01,-3.150308341083e+01,1.619975128089e+02,1.075399441905e-01,-1.876841957442e-01,6.751847899381e+00
"                  57",-1.918848990687e+01,-3.144440899292e+01,1.544734153190e+02,-1.908228487356e+01,-3.163433760250e+01,1.612534650047e+02,1.062050333088e-01,-1.899286095725e-01,6.780049685691e+00
"                  58",-1.873973082279e+01,-3.145074520988e+01,1.539850670217e+02,-1.863405188404e+01,-3.164255870361e+01,1.607881988609e+02,1.056789387430e-01,-1.918134937228e-01,6.803131839256e+00
"                  59",-1.798678325194e+01,-3.120540918839e+01,1.540316933135e+02,-1.788197461916e+01,-3.139882633349e+01,1.608602776166e+02,1.048086327763e-01,-1.934171451004e-01,6.828584303122e+00
"                  60",-1.725420197285e+01,-3.096583797143e+01,1.545549798688e+02,-1.714864135268e+01,-3.116188177385e+01,1.614120082413e+02,1.055606201704e-01,-1.960438024249e-01,6.857028372490e+00
"                  61",-1.688117301195e+01,-3.065011584562e+01,1.551468534478e+02,-1.677516706849e+01,-3.084794972668e+01,1.620374837030e+02,1.060059434640e-01,-1.978338810598e-01,6.890630255165e+00
"                  62",-1.697510634885e+01,-3.029233731580e+01,1.554133721392e+02,-1.686875077477e+01,-3.049169100609e+01,1.623372710095e+02,1.063555740806e-01,-1.993536902934e-01,6.923898870250e+00
"                  63",-1.725873754076e+01,-2.987028818547e+01,1.552772700410e+02,-1.715302168504e+01,-3.006993596487e+01,1.622333362535e+02,1.057158557261e-01,-1.996477794025e-01,6.956066212462e+00
"                  64",-1.757041320894e+01,-2.956147971925e+01,1.549261602011e+02,-1.746560280949e+01,-2.976225383605e+01,1.619118339698e+02,1.048103994429e-01,-2.007741167978e-01,6.985673768710e+00
"                  65",-1.787915932555e+01,-2.944107209144e+01,1.546456779276e+02,-1.777645513722e+01,-2.964127011745e+01,1.616572023779e+02,1.027041883346e-01,-2.001980260086e-01,7.011524450352e+00
"                  66",-1.789653568511e+01,-2.948915520437e+01,1.546016008262e+02,-1.779540832223e+01,-2.968893175962e+01,1.616365024758e+02,1.011273628724e-01,-1.997765552495e-01,7.034901649613e+00
"                  67",-1.781206673825e+01,-2.958099092969e+01,1.547825678832e+02,-1.771250148592e+01,-2.977882852945e+01,1.618424011587e+02,9.956525232155e-02,-1.978375997507e-01,7.059833275406e+00
"                  68",-1.762776315580e+01,-2.964854975970e+01,1.550675189450e+02,-1.752888770234e+01,-2.984504674055e+01,1.621521652612e+02,9.887545346655e-02,-1.964969808459e-01,7.084646316158e+00
"                  69",-1.753792186597e+01,-2.935407533574e+01,1.553554092976e+02,-1.743955380112e+01,-2.954792560658e+01,1.624662521246e+02,9.836806484549e-02,-1.938502708431e-01,7.110842827003e+00
"                  70",-1.735758368720e+01,-2.883016217021e+01,1.555727520950e+02,-1.725908899207e+01,-2.902160613710e+01,1.627092332596e+02,9.849469513375e-02,-1.914439668924e-01,7.136481164584e+00
"                  71",-1.689566648294e+01,-2.835720752212e+01,1.556867875500e+02,-1.679770256664e+01,-2.854598087617e+01,1.628489374168e+02,9.796391630558e-02,-1.887733540471e-01,7.162149866826e+00
"                  72",-1.641534777468e+01,-2.812258565423e+01,1.557258821209e+02,-1.631755849555e+01,-2.830938269421e+01,1.629110793375e+02,9.778927912945e-02,-1.867970399883e-01,7.185197216644e+00
"                  73",-1.643331932948e+01,-2.826093482972e+01,1.557529488810e+02,-1.633655779462e+01,-2.844471871296e+01,1.629618512375e+02,9.676153485640e-02,-1.837838832374e-01,7.208902356423e+00
"                  74",-1.689212262422e+01,-2.847156116579e+01,1.558144405231e+02,-1.679639269582e+01,-2.865240673301e+01,1.630470076702e+02,9.572992839271e-02,-1.808455672267e-01,7.232567147141e+00
"                  75",-1.727006855037e+01,-2.846481709898e+01,1.559085814743e+02,-1.717591758824e+01,-2.864214788449e+01,1.631660659446e+02,9.415096213906e-02,-1.773307855112e-01,7.257484470290e+00
"                  76",-1.740317663279e+01,-2.841365001238e+01,1.559996746441e+02,-1.731046545529e+01,-2.858721937309e+01,1.632831124433e+02,9.271117749924e-02,-1.735693607031e-01,7.283437799219e+00
"                  77",-1.754575388977e+01,-2.822547914107e+01,1.560668670137e+02,-1.745470776246e+01,-2.839459135356e+01,1.633773832947e+02,9.104612730980e-02,-1.691122124910e-01,7.310516280982e+00
"                  78",-1.760753121534e+01,-2.809484716005e+01,1.560977988518e+02,-1.751773085355e+01,-2.825995760198e+01,1.634342345729e+02,8.980036178895e-02,-1.651104419349e-01,7.336435721032e+00
"                  79",-1.741028034970e+01,-2.799022932636e+01,1.561016937261e+02,-1.732203056097e+01,-2.815145183428e+01,1.634641668670e+02,8.824978873442e-02,-1.612225079173e-01,7.362473140802e+00
"                  80",-1.693168018683e+01,-2.773173577254e+01,1.560930605519e+02,-1.684439085630e+01,-2.788984606649e+01,1.634794208732e+02,8.728933052196e-02,-1.581102939537e-01,7.386360321349e+00
"                  81",-1.664347391830e+01,-2.730392482440e+01,1.561056493888e+02,-1.655742010064e+01,-2.745933708739e+01,1.635144501936e+02,8.605381765151e-02,-1.554122629875e-01,7.408800804753e+00
"                  82",-1.677582737768e+01,-2.701910229863e+01,1.561644012127e+02,-1.669072410204e+01,-2.717218558274e+01,1.635955823553e+02,8.510327564375e-02,-1.530832841149e-01,7.431181142563e+00
"                  83",-1.706731520035e+01,-2.684993675943e+01,1.562518582307e+02,-1.698348041646e+01,-2.700093248154e+01,1.637048106702e+02,8.383478388885e-02,-1.509957221131e-01,7.452952439538e+00
"                  84",-1.741969629744e+01,-2.679791559737e+01,1.563352919813e+02,-1.733675641822e+01,-2.694713059786e+01,1.638094062519e+02,8.293987921704e-02,-1.492150004957e-01,7.474114270550e+00
"                  85",-1.760978243649e+01,-2.661763400044e+01,1.563993931226e+02,-1.752808363950e+01,-2.676478278869e+01,1.638951048732e+02,8.169879699704e-02,-1.471487882527e-01,7.495711750578e+00
"                  86",-1.755336006028e+01,-2.648459995788e+01,1.564449758108e+02,-1.747241115491e+01,-2.662952240209e+01,1.639609356894e+02,8.094890537781e-02,-1.449224442106e-01,7.515959878662e+00
"                  87",-1.730500688053e+01,-2.628102472252e+01,1.564917281637e+02,-1.722458522971e+01,-2.642353544527e+01,1.640275075488e+02,8.042165081572e-02,-1.425107227525e-01,7.535779385125e+00
"                  88",-1.725635074227e+01,-2.605040878750e+01,1.565443162270e+02,-1.717600724521e+01,-2.619055527495e+01,1.640992080210e+02,8.034349705837e-02,-1.401464874500e-01,7.554891794001e+00
"                  89",-1.739050377623e+01,-2.586779527933e+01,1.565935861293e+02,-1.731051064781e+01,-2.600563974949e+01,1.641663713988e+02,7.999312841536e-02,-1.378444701615e-01,7.572785269511e+00
"                  90",-1.750497380726e+01,-2.579701695702e+01,1.566488528051e+02,-1.742490247978e+01,-2.593244401414e+01,1.642392471569e+02,8.007132747949e-02,-1.354270571224e-01,7.590394351787e+00
"                  91",-1.756328032339e+01,-2.579521983499e+01,1.567102170791e+02,-1.748349227730e+01,-2.592810934719e+01,1.643170511025e+02,7.978804608998e-02,-1.328895121980e-01,7.606834023449e+00
"                  92",-1.762572103159e+01,-2.577795203928e+01,1.567918205013e+02,-1.754580467580e+01,-2.590788294253e+01,1.644151306752e+02,7.991635579270e-02,-1.299309032567e-01,7.623310173936e+00
"                  93",-1.764991332625e+01,-2.551613773160e+01,1.568770932523e+02,-1.757028675790e+01,-2.564289473851e+01,1.645162226539e+02,7.962656834958e-02,-1.267570069119e-01,7.639129401623e+00
"                  94",-1.764384495872e+01,-2.510039375359e+01,1.569673227389e+02,-1.756418291557e+01,-2.522362340530e+01,1.646224664887e+02,7.966204314761e-02,-1.232296517117e-01,7.655143749739e+00
"                  95",-1.749927657593e+01,-2.456271313784e+01,1.570643978424e+02,-1.741983130506e+01,-2.468212921867e+01,1.647356504111e+02,7.944527087011e-02,-1.194160808297e-01,7.671252568787e+00
"                  96",-1.720494653745e+01,-2.425129559197e+01,1.571549711508e+02,-1.712528013289e+01,-2.436676977928e+01,1.648423671071e+02,7.966640456577e-02,-1.154741873059e-01,7.687395956332e+00
"                  97",-1.700215602481e+01,-2.406081736619e+01,1.572419743102e+02,-1.692226885637e+01,-2.417258189185e+01,1.649459442014e+02,7.988716843689e-02,-1.117645256566e-01,7.703969891164e+00
"                  98",-1.701207743735e+01,-2.390638328514e+01,1.573331014194e+02,-1.693154395110e+01,-2.401476740451e+01,1.650534678894e+02,8.053348624738e-02,-1.083841193683e-01,7.720366470054e+00
"                  99",-1.706432273186e+01,-2.358154772658e+01,1.574164660107e+02,-1.698338020913e+01,-2.368684488439e+01,1.651535896309e+02,8.094252272580e-02,-1.052971578138e-01,7.737123620243e+00
"                 100",-1.710064179181e+01,-2.319048284477e+01,1.574971806543e+02,-1.701878762845e+01,-2.329286752459e+01,1.652517234065e+02,8.185416335276e-02,-1.023846798118e-01,7.754542752263e+00
"                 101",-1.702315281576e+01,-2.267578053769e+01,1.575746879256e+02,-1.694068695136e+01,-2.277558846752e+01,1.653465206152e+02,8.246586439440e-02,-9.980792983120e-02,7.771832689630e+00
"                 102",-1.681957140369e+01,-2.227012958490e+01,1.576550112414e+02,-1.673580189288e+01,-2.236725574439e+01,1.654445266551e+02,8.376951081010e-02,-9.712615948379e-02,7.789515413647e+00
"                 103",-1.666327456923e+01,-2.188873580138e+01,1.577316671571e+02,-1.657837780167e+01,-2.198364670253e+01,1.655387765730e+02,8.489676756941e-02,-9.491090115343e-02,7.807109415823e+00
"                 104",-1.674547093443e+01,-2.137432936348e+01,1.578038973839e+02,-1.665887274583e+01,-2.146664964927e+01,1.656281728014e+02,8.659818859032e-02,-9.232028578889e-02,7.824275417596e+00
"                 105",-1.689573565982e+01,-2.098481353121e+01,1.578765182242e+02,-1.680755013121e+01,-2.107498797657e+01,1.657181737054e+02,8.818552861773e-02,-9.017444536292e-02,7.841655481209e+00
"                 106",-1.692885083967e+01,-2.064592101751e+01,1.579530424942e+02,-1.683859147554e+01,-2.073403631698e+01,1.658122282524e+02,9.025936412634e-02,-8.811529946989e-02,7.859185758172e+00
"                 107",-1.673754933548e+01,-2.031865073026e+01,1.580400949044e+02,-1.664537379402e+01,-2.040526301158e+01,1.659166600375e+02,9.217554146279e-02,-8.661228131946e-02,7.876565133048e+00
"                 108",-1.656354581945e+01,-2.002535254418e+01,1.581235545840e+02,-1.646919977009e+01,-2.011081909012e+01,1.660179475764e+02,9.434604936225e-02,-8.546654594027e-02,7.894392992395e+00
"                 109",-1.646648910662e+01,-1.972932782229e+01,1.581939799388e+02,-1.637024241879e+01,-1.981408896902e+01,1.661056624220e+02,9.624668783108e-02,-8.476114672791e-02,7.911682483215e+00
"                 110",-1.639132023979e+01,-1.958354852167e+01,1.582612367756e+02,-1.629312521411e+01,-1.966776967378e+01,1.661902998195e+02,9.819502567985e-02,-8.422115211012e-02,7.929063043848e+00
"                 111",-1.632549415313e+01,-1.949832496928e+01,1.583386071479e+02,-1.622565664805e+01,-1.958222108964e+01,1.662848525181e+02,9.983750508007e-02,-8.389612035673e-02,7.946245370155e+00
"                 112",-1.624826819442e+01,-1.944784782480e+01,1.584145319889e+02,-1.614673350523e+01,-1.953144108108e+01,1.663771928161e+02,1.015346891932e-01,-8.359325627858e-02,7.962660827242e+00
"                 113",-1.618558618409e+01,-1.921417018808e+01,1.584842310849e+02,-1.608294503803e+01,-1.929767138084e+01,1.664623955949e+02,1.026411460612e-01,-8.350119275658e-02,7.978164510004e+00
"                 114",-1.623101442516e+01,-1.898364238334e+01,1.585527839520e+02,-1.612703760399e+01,-1.906696711554e+01,1.665460134412e+02,1.039768211622e-01,-8.332473219389e-02,7.993229489107e+00
"                 115",-1.627054189571e+01,-1.882600909452e+01,1.586204152279e+02,-1.616582118535e+01,-1.890926865548e+01,1.666281207087e+02,1.047207103585e-01,-8.325956095775e-02,8.007705480808e+00
"                 116",-1.618985620025e+01,-1.862185800924e+01,1.586867817446e+02,-1.608424197651e+01,-1.870509325313e+01,1.667087655010e+02,1.056142237385e-01,-8.323524389433e-02,8.021983756401e+00
"                 117",-1.585349188630e+01,-1.831395423052e+01,1.587460417122e+02,-1.574771152266e+01,-1.839712262476e+01,1.667820806499e+02,1.057803636338e-01,-8.316839423649e-02,8.036038937735e+00
"                 118",-1.563946893946e+01,-1.802951229666e+01,1.588003981764e+02,-1.553327612662e+01,-1.811238825477e+01,1.668505653225e+02,1.061928128315e-01,-8.287595811412e-02,8.050167146117e+00
"                 119",-1.564662225268e+01,-1.771359981410e+01,1.588410710554e+02,-1.554087610336e+01,-1.779614545825e+01,1.669052667818e+02,1.057461493260e-01,-8.254564414436e-02,8.064195726374e+00
"                 120",-1.579527963808e+01,-1.767507431705e+01,1.588945520449e+02,-1.568993120342e+01,-1.775694607847e+01,1.669729325835e+02,1.053484346669e-01,-8.187176142153e-02,8.078380538677e+00
"                 121",-1.590137679223e+01,-1.784267777240e+01,1.589611988399e+02,-1.579766435573e+01,-1.792411481005e+01,1.670537027834e+02,1.037124365017e-01,-8.143703764997e-02,8.092503943508e+00
"                 122",-1.586508017676e+01,-1.793606874671e+01,1.590353440105e+02,-1.576287037669e+01,-1.801681574340e+01,1.671419283408e+02,1.022098000612e-01,-8.074699669309e-02,8.106584330316e+00
"                 123",-1.569588645941e+01,-1.779069449158e+01,1.590934590435e+02,-1.559610510305e+01,-1.787092213735e+01,1.672141785335e+02,9.978135635986e-02,-8.022764576397e-02,8.120719490050e+00
"                 124",-1.562260743697e+01,-1.768823953721e+01,1.591386570905e+02,-1.552497464249e+01,-1.776748508676e+01,1.672733128512e+02,9.763279447615e-02,-7.924554954566e-02,8.134655760753e+00
"                 125",-1.575113029767e+01,-1.753051818490e+01,1.591802215945e+02,-1.565656878014e+01,-1.760881689417e+01,1.673281171442e+02,9.456151752917e-02,-7.829870926729e-02,8.147895549682e+00
"                 126",-1.595978319048e+01,-1.744595427194e+01,1.592323676810e+02,-1.586774637567e+01,-1.752284248323e+01,1.673922679398e+02,9.203681480569e-02,-7.688821129235e-02,8.159900258894e+00
"                 127",-1.610443399875e+01,-1.745387087913e+01,1.592973391740e+02,-1.601561921548e+01,-1.752957475144e+01,1.674685038492e+02,8.881478327111e-02,-7.570387230527e-02,8.171164675235e+00
"                 128",-1.605203647115e+01,-1.750571093383e+01,1.593643247615e+02,-1.596584104726e+01,-1.757981075569e+01,1.675457443781e+02,8.619542388104e-02,-7.409982186921e-02,8.181419616574e+00
"                 129",-1.597731209456e+01,-1.746164840057e+01,1.594144459563e+02,-1.589421835057e+01,-1.753440095837e+01,1.676057177274e+02,8.309374399672e-02,-7.275255780168e-02,8.191271771174e+00
"                 130",-1.591033649608e+01,-1.739066532046e+01,1.594610315594e+02,-1.582988250152e+01,-1.746211221005e+01,1.676610338368e+02,8.045399455662e-02,-7.144688959002e-02,8.200002277421e+00
"                 131",-1.586330384018e+01,-1.730338058279e+01,1.595032003393e+02,-1.578611255200e+01,-1.737386573222e+01,1.677113600208e+02,7.719128818158e-02,-7.048514943344e-02,8.208159681415e+00
"                 132",-1.588319359154e+01,-1.747009028892e+01,1.595542746190e+02,-1.580869701071e+01,-1.753955277092e+01,1.677695884830e+02,7.449658083297e-02,-6.946248200097e-02,8.215313864004e+00
"                 133",-1.590985685616e+01,-1.751573781852e+01,1.596185457599e+02,-1.583873854750e+01,-1.758450690350e+01,1.678409979792e+02,7.111830866758e-02,-6.876908498120e-02,8.222452219296e+00
"                 134",-1.589701048324e+01,-1.755820205883e+01,1.596879276920e+02,-1.582841309684e+01,-1.762609665775e+01,1.679169487862e+02,6.859738639769e-02,-6.789459891084e-02,8.229021094142e+00
"                 135",-1.603879951503e+01,-1.760885042343e+01,1.597551749021e+02,-1.597306556415e+01,-1.767597117391e+01,1.679912866193e+02,6.573395087990e-02,-6.712075047460e-02,8.236111717242e+00
"                 136",-1.634815545612e+01,-1.786124886863e+01,1.598199112245e+02,-1.628442847841e+01,-1.792732845199e+01,1.680628806951e+02,6.372697770784e-02,-6.607958335370e-02,8.242969470657e+00
"                 137",-1.651674379549e+01,-1.810689633773e+01,1.598727621470e+02,-1.645542467223e+01,-1.817186792741e+01,1.681230199043e+02,6.131912326346e-02,-6.497158968320e-02,8.250257757313e+00
"                 138",-1.649179297099e+01,-1.830973973487e+01,1.599368963751e+02,-1.643205123404e+01,-1.837373329841e+01,1.681943702872e+02,5.974173695378e-02,-6.399356354012e-02,8.257473912029e+00
"                 139",-1.625207117840e+01,-1.839647049128e+01,1.600067928588e+02,-1.619411381026e+01,-1.845955061941e+01,1.682721965887e+02,5.795736813835e-02,-6.308012813532e-02,8.265403729847e+00
"                 140",-1.611050313554e+01,-1.854089380003e+01,1.600842408600e+02,-1.605340159883e+01,-1.860326544028e+01,1.683575358656e+02,5.710153671527e-02,-6.237164025434e-02,8.273295005592e+00
"                 141",-1.631430430399e+01,-1.864073920047e+01,1.601477932883e+02,-1.625816482340e+01,-1.870267867968e+01,1.684292589538e+02,5.613948058874e-02,-6.193947920497e-02,8.281465665459e+00
"                 142",-1.665908497401e+01,-1.858790165919e+01,1.602099612347e+02,-1.660326648384e+01,-1.864951084491e+01,1.684992494062e+02,5.581849017466e-02,-6.160918572111e-02,8.289288171429e+00
"                 143",-1.684542358134e+01,-1.853692182764e+01,1.602643618248e+02,-1.679030954718e+01,-1.859806781359e+01,1.685616375667e+02,5.511403415857e-02,-6.114598594326e-02,8.297275741828e+00
"                 144",-1.688305897707e+01,-1.859560046749e+01,1.603138973913e+02,-1.682810633933e+01,-1.865635754164e+01,1.686191303989e+02,5.495263774789e-02,-6.075707414429e-02,8.305233007569e+00
"                 145",-1.675421708478e+01,-1.872731278432e+01,1.603533993930e+02,-1.669967356226e+01,-1.878777201035e+01,1.686669557001e+02,5.454352251212e-02,-6.045922602286e-02,8.313556307161e+00
"                 146",-1.660295661421e+01,-1.883837543349e+01,1.603999272749e+02,-1.654816460115e+01,-1.889858038902e+01,1.687217851523e+02,5.479201305930e-02,-6.020495552596e-02,8.321857877424e+00
"                 147",-1.646557568589e+01,-1.878098514985e+01,1.604496239864e+02,-1.641093987079e+01,-1.884106206702e+01,1.687802618063e+02,5.463581509766e-02,-6.007691717073e-02,8.330637819828e+00
"                 148",-1.644282104815e+01,-1.870426114590e+01,1.605104269493e+02,-1.638778345134e+01,-1.876411194890e+01,1.688499434122e+02,5.503759680580e-02,-5.985080299590e-02,8.339516462822e+00
"                 149",-1.636075558295e+01,-1.863675230649e+01,1.605651608795e+02,-1.630583474343e+01,-1.869631835634e+01,1.689139087113e+02,5.492083952547e-02,-5.956604985097e-02,8.348747831734e+00
"                 150",-1.629409522482e+01,-1.857496945605e+01,1.606267773500e+02,-1.623891929489e+01,-1.863418266151e+01,1.689846825480e+02,5.517592993094e-02,-5.921320545917e-02,8.357905197989e+00
"                 151",-1.632889246051e+01,-1.841914759019e+01,1.606692071667e+02,-1.627397182753e+01,-1.847801138010e+01,1.690364383342e+02,5.492063297764e-02,-5.886378991234e-02,8.367231167562e+00
"                 152",-1.652466862329e+01,-1.830248096673e+01,1.607061295440e+02,-1.646953143974e+01,-1.836087609918e+01,1.690820725124e+02,5.513718354515e-02,-5.839513244815e-02,8.375942968431e+00
"                 153",-1.663256361920e+01,-1.822643946928e+01,1.607434075772e+02,-1.657769594616e+01,-1.828421130114e+01,1.691279937057e+02,5.486767304335e-02,-5.777183186710e-02,8.384586128452e+00
"                 154",-1.648090093615e+01,-1.816026832400e+01,1.607964934346e+02,-1.642561295756e+01,-1.821735222237e+01,1.691891556945e+02,5.528797858261e-02,-5.708389837193e-02,8.392662259984e+00
"                 155",-1.616521348393e+01,-1.801316595077e+01,1.608355821419e+02,-1.610980273799e+01,-1.806918407924e+01,1.692362820145e+02,5.541074593878e-02,-5.601812846977e-02,8.400699872610e+00
"                 156",-1.610971280792e+01,-1.778469002247e+01,1.608717923614e+02,-1.605345056850e+01,-1.783952352920e+01,1.692800596441e+02,5.626223941469e-02,-5.483350673489e-02,8.408267282666e+00
"                 157",-1.622196885774e+01,-1.749371167474e+01,1.609045033471e+02,-1.616518798722e+01,-1.754699036210e+01,1.693201533556e+02,5.678087052098e-02,-5.327868736151e-02,8.415650008458e+00
"                 158",-1.640849567613e+01,-1.733657978747e+01,1.609486270226e+02,-1.635063196453e+01,-1.738813403702e+01,1.693713102427e+02,5.786371160162e-02,-5.155424955422e-02,8.422683220102e+00
"                 159",-1.648929928127e+01,-1.728672217390e+01,1.609994366567e+02,-1.643075594341e+01,-1.733633695174e+01,1.694292043214e+02,5.854333786035e-02,-4.961477784147e-02,8.429767664697e+00
"                 160",-1.658127276901e+01,-1.732525535602e+01,1.610628190728e+02,-1.652154257393e+01,-1.737313428027e+01,1.694993729522e+02,5.973019507100e-02,-4.787892425043e-02,8.436553879413e+00
"                 161",-1.671834379749e+01,-1.732644253057e+01,1.611241552572e+02,-1.665785902483e+01,-1.737262116109e+01,1.695673217872e+02,6.048477266379e-02,-4.617863051730e-02,8.443166529981e+00
"                 162",-1.673959000983e+01,-1.729331947356e+01,1.611852363290e+02,-1.667774270716e+01,-1.733819756117e+01,1.696347501024e+02,6.184730267108e-02,-4.487808761332e-02,8.449513773443e+00
"                 163",-1.668599966692e+01,-1.728219624748e+01,1.612335661362e+02,-1.662329249171e+01,-1.732566405522e+01,1.696892784940e+02,6.270717521746e-02,-4.346780773586e-02,8.455712357796e+00
"                 164",-1.660012030358e+01,-1.718796948559e+01,1.612927018699e+02,-1.653598132620e+01,-1.723026586791e+01,1.697543650105e+02,6.413897737399e-02,-4.229638232189e-02,8.461663140593e+00
"                 165",-1.663042335705e+01,-1.704789744388e+01,1.613521454305e+02,-1.656553987309e+01,-1.708884623891e+01,1.698195714761e+02,6.488348395900e-02,-4.094879502422e-02,8.467426045530e+00
"                 166",-1.667507491217e+01,-1.694768478077e+01,1.614179000708e+02,-1.660912733103e+01,-1.698750604881e+01,1.698910607492e+02,6.594758114140e-02,-3.982126804316e-02,8.473160678454e+00
"                 167",-1.666313382545e+01,-1.679227209026e+01,1.614855918716e+02,-1.659696825585e+01,-1.683075854548e+01,1.699642586998e+02,6.616556959349e-02,-3.848645522199e-02,8.478666828284e+00
"                 168",-1.659753629921e+01,-1.661368947183e+01,1.615537807172e+02,-1.653080427610e+01,-1.665104611013e+01,1.700378296592e+02,6.673202311061e-02,-3.735663830037e-02,8.484048941965e+00
"                 169",-1.655381581540e+01,-1.648249052418e+01,1.616112473358e+02,-1.648714078207e+01,-1.651863373236e+01,1.701003157354e+02,6.667503333019e-02,-3.614320818108e-02,8.489068399558e+00
"                 170",-1.647918993087e+01,-1.643249134564e+01,1.616642311446e+02,-1.641218264903e+01,-1.646763457385e+01,1.701581206109e+02,6.700728183714e-02,-3.514322820814e-02,8.493889466249e+00
"                 171",-1.653105538187e+01,-1.632887841380e+01,1.617033018144e+02,-1.646412180395e+01,-1.636303062963e+01,1.702017411949e+02,6.693357792300e-02,-3.415221582714e-02,8.498439380505e+00
"                 172",-1.660799310223e+01,-1.628208768872e+01,1.617533295978e+02,-1.654089354209e+01,-1.631554021844e+01,1.702561594365e+02,6.709956013622e-02,-3.345252971929e-02,8.502829838632e+00
"                 173",-1.665742934839e+01,-1.626220008356e+01,1.618086245084e+02,-1.659076250662e+01,-1.629466976070e+01,1.703157642809e+02,6.666684176726e-02,-3.246967713799e-02,8.507139772420e+00
"                 174",-1.658758121629e+01,-1.639144343673e+01,1.618640470049e+02,-1.652108357347e+01,-1.642353360522e+01,1.703757217721e+02,6.649764282001e-02,-3.209016848617e-02,8.511674767239e+00
"                 175",-1.640804144632e+01,-1.633909424583e+01,1.619016154914e+02,-1.634221282472e+01,-1.637059050759e+01,1.704180181209e+02,6.582862160308e-02,-3.149626175805e-02,8.516402629488e+00
"                 176",-1.614135704545e+01,-1.623967227493e+01,1.619461936046e+02,-1.607585240273e+01,-1.627091580298e+01,1.704674304931e+02,6.550464271869e-02,-3.124352804183e-02,8.521236888514e+00
"                 177",-1.612540658742e+01,-1.607129870326e+01,1.619829303075e+02,-1.606069946828e+01,-1.610227521614e+01,1.705092208678e+02,6.470711913818e-02,-3.097651287939e-02,8.526290560324e+00
"                 178",-1.639608207197e+01,-1.594092643668e+01,1.620224071058e+02,-1.633205755506e+01,-1.597199048750e+01,1.705539790867e+02,6.402451690665e-02,-3.106405081862e-02,8.531571980805e+00
"                 179",-1.656867700596e+01,-1.585651839493e+01,1.620637057518e+02,-1.650601545870e+01,-1.588760512853e+01,1.706007933228e+02,6.266154725357e-02,-3.108673359865e-02,8.537087571010e+00
"                 180",-1.648020069003e+01,-1.592370241485e+01,1.621233758714e+02,-1.641880052279e+01,-1.595533961758e+01,1.706660242937e+02,6.140016724018e-02,-3.163720272961e-02,8.542648422271e+00
"                 181",-1.633146045244e+01,-1.600019635872e+01,1.621764022236e+02,-1.627163732122e+01,-1.603229929190e+01,1.707245282661e+02,5.982313122364e-02,-3.210293317890e-02,8.548126042494e+00
"                 182",-1.624847577542e+01,-1.613085107171e+01,1.622034368747e+02,-1.618988924358e+01,-1.616380190351e+01,1.707569751791e+02,5.858653183748e-02,-3.295083180737e-02,8.553538304437e+00
"                 183",-1.624064942130e+01,-1.613509048720e+01,1.622213891827e+02,-1.618362443948e+01,-1.616868434656e+01,1.707801861649e+02,5.702498181385e-02,-3.359385935255e-02,8.558796982191e+00
"                 184",-1.637251283547e+01,-1.602895714260e+01,1.622573080331e+02,-1.631657266987e+01,-1.606327499041e+01,1.708213574744e+02,5.594016559977e-02,-3.431784780372e-02,8.564049441248e+00
"                 185",-1.644044373588e+01,-1.589410415729e+01,1.623107861802e+02,-1.638602216033e+01,-1.592924816592e+01,1.708802004287e+02,5.442157554299e-02,-3.514400863106e-02,8.569414248483e+00
"                 186",-1.651228794023e+01,-1.587841613317e+01,1.623621699879e+02,-1.645897921560e+01,-1.591422243966e+01,1.709375363953e+02,5.330872462825e-02,-3.580630649609e-02,8.575366407400e+00
"                 187",-1.652599087183e+01,-1.585940314988e+01,1.623828967048e+02,-1.647408072840e+01,-1.589588061103e+01,1.709645000110e+02,5.191014343092e-02,-3.647746115122e-02,8.581603306193e+00
"                 188",-1.642521964739e+01,-1.581672520740e+01,1.623964945371e+02,-1.637415176518e+01,-1.585367834503e+01,1.709846539061e+02,5.106788220989e-02,-3.695313762946e-02,8.588159369066e+00
"                 189",-1.642978812848e+01,-1.572401787633e+01,1.624183239737e+02,-1.637984063219e+01,-1.576127537530e+01,1.710129266062e+02,4.994749629264e-02,-3.725749897510e-02,8.594602632501e+00
"                 190",-1.654524038257e+01,-1.553576914753e+01,1.624523520705e+02,-1.649596232566e+01,-1.557311989613e+01,1.710536223013e+02,4.927805691196e-02,-3.735074859969e-02,8.601270230808e+00
"                 191",-1.662767757622e+01,-1.541027201837e+01,1.624915018415e+02,-1.657925298761e+01,-1.544758524619e+01,1.710992267278e+02,4.842458860565e-02,-3.731322782241e-02,8.607724886268e+00
"                 192",-1.668339386361e+01,-1.548706243554e+01,1.625314596123e+02,-1.663534831811e+01,-1.552405907755e+01,1.711458275952e+02,4.804554550272e-02,-3.699664201862e-02,8.614367982915e+00
"                 193",-1.673427395091e+01,-1.563068016004e+01,1.625657277362e+02,-1.668674893029e+01,-1.566744982318e+01,1.711864393304e+02,4.752502061965e-02,-3.676966313225e-02,8.620711594260e+00
"                 194",-1.678614595074e+01,-1.573566881676e+01,1.625967479978e+02,-1.673870735845e+01,-1.577180711325e+01,1.712239110710e+02,4.743859228869e-02,-3.613829649750e-02,8.627163073207e+00
"                 195",-1.677616925728e+01,-1.575405794285e+01,1.626267575000e+02,-1.672906584930e+01,-1.578968942024e+01,1.712600061693e+02,4.710340797479e-02,-3.563147738783e-02,8.633248669321e+00
"                 196",-1.686336156946e+01,-1.570134544218e+01,1.626570434995e+02,-1.681613421742e+01,-1.573635553689e+01,1.712963298370e+02,4.722735204225e-02,-3.501009470435e-02,8.639286337571e+00
"                 197",-1.702512610698e+01,-1.557756124876e+01,1.626870109057e+02,-1.697790464520e+01,-1.561184634184e+01,1.713318250145e+02,4.722146178495e-02,-3.428509307588e-02,8.644814108759e+00
"                 198",-1.717712857179e+01,-1.556439231367e+01,1.627117537780e+02,-1.712952428627e+01,-1.559797434365e+01,1.713617925175e+02,4.760428551582e-02,-3.358202998262e-02,8.650038739514e+00
"                 199",-1.727852595583e+01,-1.567517665745e+01,1.627474242903e+02,-1.723076741105e+01,-1.570798892465e+01,1.714019873357e+02,4.775854477379e-02,-3.281226719894e-02,8.654563045359e+00
"                 200",-1.742178984008e+01,-1.582112440182e+01,1.628004329189e+02,-1.737350061837e+01,-1.585320388952e+01,1.714594022844e+02,4.828922171316e-02,-3.207948769602e-02,8.658969365549e+00
"                 201",-1.747516483584e+01,-1.586761126488e+01,1.628533200124e+02,-1.742649453883e+01,-1.589895418948e+01,1.715163635183e+02,4.867029700809e-02,-3.134292459737e-02,8.663043505900e+00
"                 202",-1.750846080130e+01,-1.583238989536e+01,1.629077989107e+02,-1.745910371244e+01,-1.586293432872e+01,1.715751464886e+02,4.935708886817e-02,-3.054443335981e-02,8.667347577961e+00
"                 203",-1.746850790016e+01,-1.581331693654e+01,1.629617688463e+02,-1.741870414511e+01,-1.584301082487e+01,1.716332847131e+02,4.980375505308e-02,-2.969388833093e-02,8.671515866874e+00
"                 204",-1.755648344132e+01,-1.588516399694e+01,1.630133557712e+02,-1.750593639095e+01,-1.591388357748e+01,1.716891424865e+02,5.054705036313e-02,-2.871958053932e-02,8.675786715361e+00
"                 205",-1.764966833224e+01,-1.589130071942e+01,1.630637979615e+02,-1.759875238087e+01,-1.591914752092e+01,1.717437361038e+02,5.091595136256e-02,-2.784680150509e-02,8.679938142317e+00
"                 206",-1.773186129596e+01,-1.594727388192e+01,1.631070576243e+02,-1.768022831348e+01,-1.597399433823e+01,1.717912722577e+02,5.163298248119e-02,-2.672045631171e-02,8.684214633371e+00
"                 207",-1.784998498625e+01,-1.600249631782e+01,1.631484507624e+02,-1.779810025978e+01,-1.602834933832e+01,1.718365901530e+02,5.188472646921e-02,-2.585302049393e-02,8.688139390560e+00
"                 208",-1.782889974273e+01,-1.615309035971e+01,1.631879946857e+02,-1.777627774745e+01,-1.617764867096e+01,1.718801249712e+02,5.262199527718e-02,-2.455831125332e-02,8.692130285483e+00
"                 209",-1.752876136061e+01,-1.630060916889e+01,1.632360198054e+02,-1.747574897387e+01,-1.632441559607e+01,1.719319230299e+02,5.301238674203e-02,-2.380642718315e-02,8.695903224590e+00
"                 210",-1.715241460024e+01,-1.638028219914e+01,1.632908681938e+02,-1.709856229473e+01,-1.640288251700e+01,1.719906257169e+02,5.385230550948e-02,-2.260031785269e-02,8.699757523141e+00
"                 211",-1.707457067831e+01,-1.631846410516e+01,1.633454620926e+02,-1.702020911293e+01,-1.634054515837e+01,1.720489303343e+02,5.436156537743e-02,-2.208105321684e-02,8.703468241680e+00
"                 212",-1.741537264663e+01,-1.617739647899e+01,1.633928569859e+02,-1.736012598343e+01,-1.619848439274e+01,1.721001988969e+02,5.524666320214e-02,-2.108791374438e-02,8.707341910967e+00
"                 213",-1.771802374083e+01,-1.606901349362e+01,1.634439854350e+02,-1.766233148517e+01,-1.608954516295e+01,1.721550267873e+02,5.569225566425e-02,-2.053166933562e-02,8.711041352345e+00
"                 214",-1.776431596309e+01,-1.623220879926e+01,1.634883176280e+02,-1.770794315056e+01,-1.625181497503e+01,1.722031444422e+02,5.637281253292e-02,-1.960617576273e-02,8.714826814200e+00
"                 215",-1.758687384481e+01,-1.636589187302e+01,1.635313089190e+02,-1.753001852441e+01,-1.638508347356e+01,1.722495517818e+02,5.685532040403e-02,-1.919160054286e-02,8.718242862774e+00
"                 216",-1.740804557882e+01,-1.630644544699e+01,1.635810528596e+02,-1.735039117177e+01,-1.632504040349e+01,1.723026066433e+02,5.765440705123e-02,-1.859495649682e-02,8.721553783750e+00
"                 217",-1.731149859190e+01,-1.617774076171e+01,1.636457475823e+02,-1.725323801390e+01,-1.619591156038e+01,1.723705966740e+02,5.826057799990e-02,-1.817079866754e-02,8.724849091677e+00
"                 218",-1.736617556974e+01,-1.618870304639e+01,1.637161351661e+02,-1.730708069318e+01,-1.620648912892e+01,1.724441693321e+02,5.909487656903e-02,-1.778608253298e-02,8.728034166029e+00
"                 219",-1.742219712032e+01,-1.618797367134e+01,1.637788408570e+02,-1.736269259889e+01,-1.620544933901e+01,1.725100648006e+02,5.950452143200e-02,-1.747566767126e-02,8.731223943626e+00
"                 220",-1.748010945498e+01,-1.616281067675e+01,1.638324440791e+02,-1.742003667047e+01,-1.618007629837e+01,1.725669268273e+02,6.007278450608e-02,-1.726562162949e-02,8.734482748154e+00
"                 221",-1.739529675288e+01,-1.619019844884e+01,1.638805539092e+02,-1.733501717223e+01,-1.620737849316e+01,1.726176605896e+02,6.027958065196e-02,-1.718004432425e-02,8.737106680369e+00
"                 222",-1.732908557488e+01,-1.629595966116e+01,1.639339765182e+02,-1.726843658644e+01,-1.631319244595e+01,1.726734262286e+02,6.064898843897e-02,-1.723278479313e-02,8.739449710413e+00
"                 223",-1.735184682957e+01,-1.628025286715e+01,1.639838577304e+02,-1.729125317524e+01,-1.629761738331e+01,1.727253499229e+02,6.059365432935e-02,-1.736451615897e-02,8.741492192508e+00
"                 224",-1.734997440651e+01,-1.621660571308e+01,1.640341622835e+02,-1.728926494007e+01,-1.623445523997e+01,1.727770764200e+02,6.070946643282e-02,-1.784952688940e-02,8.742914136582e+00
"                 225",-1.726295117374e+01,-1.607942801880e+01,1.640920134443e+02,-1.720265395802e+01,-1.609755190910e+01,1.728358290996e+02,6.029721572774e-02,-1.812389029391e-02,8.743815655205e+00
"                 226",-1.718258664348e+01,-1.600760340781e+01,1.641631895914e+02,-1.712241173116e+01,-1.602619619403e+01,1.729078693556e+02,6.017491232106e-02,-1.859278621940e-02,8.744679764237e+00
"                 227",-1.736021780885e+01,-1.599516337579e+01,1.642210637554e+02,-1.730051935889e+01,-1.601412014607e+01,1.729667285556e+02,5.969844995552e-02,-1.895677028430e-02,8.745664800176e+00
"                 228",-1.764696253300e+01,-1.608149342453e+01,1.642812221810e+02,-1.758753376644e+01,-1.610114217928e+01,1.730278946295e+02,5.942876656351e-02,-1.964875475112e-02,8.746672448572e+00
"                 229",-1.781054230319e+01,-1.618180867423e+01,1.643334429171e+02,-1.775171352108e+01,-1.620190860696e+01,1.730809824075e+02,5.882878210639e-02,-2.009993272240e-02,8.747539490406e+00
"                 230",-1.786992473751e+01,-1.633072201814e+01,1.643896094474e+02,-1.781149872314e+01,-1.635163476474e+01,1.731380100318e+02,5.842601437563e-02,-2.091274659625e-02,8.748400584351e+00
"                 231",-1.784864660502e+01,-1.622543379365e+01,1.644489755659e+02,-1.779095923249e+01,-1.624674873805e+01,1.731984427320e+02,5.768737252889e-02,-2.131494439990e-02,8.749467166175e+00
"                 232",-1.791083751211e+01,-1.611367958876e+01,1.644954806046e+02,-1.785365223605e+01,-1.613600939401e+01,1.732460801727e+02,5.718527606194e-02,-2.232980525348e-02,8.750599568170e+00
"                 233",-1.779848124603e+01,-1.602456487235e+01,1.645317418912e+02,-1.774213323289e+01,-1.604740397069e+01,1.732831527184e+02,5.634801313994e-02,-2.283909834110e-02,8.751410827261e+00
"                 234",-1.781788485508e+01,-1.618291187085e+01,1.645828240363e+02,-1.776223011688e+01,-1.620638474399e+01,1.733353021264e+02,5.565473819633e-02,-2.347287314258e-02,8.752478090093e+00
"                 235",-1.819091442304e+01,-1.646759647190e+01,1.646458842240e+02,-1.813604148125e+01,-1.649169485098e+01,1.733995434002e+02,5.487294179059e-02,-2.409837907688e-02,8.753659176253e+00
"                 236",-1.878510304134e+01,-1.698946950364e+01,1.647155070598e+02,-1.873094259621e+01,-1.701447100571e+01,1.734709313923e+02,5.416044512951e-02,-2.500150206713e-02,8.755424332413e+00
"                 237",-1.920931915922e+01,-1.710343490394e+01,1.647798234409e+02,-1.915615935316e+01,-1.712930429683e+01,1.735373328855e+02,5.315980605274e-02,-2.586939288548e-02,8.757509444573e+00
"                 238",-1.923707826546e+01,-1.689516392313e+01,1.648375115361e+02,-1.918458731669e+01,-1.692229565553e+01,1.735978705663e+02,5.249094877104e-02,-2.713173239967e-02,8.760359030274e+00
"                 239",-1.924011440993e+01,-1.662208022127e+01,1.648898347860e+02,-1.918837350051e+01,-1.664980328601e+01,1.736534362591e+02,5.174090941945e-02,-2.772306473169e-02,8.763601473028e+00
"                 240",-1.952944140884e+01,-1.662650380660e+01,1.649434229848e+02,-1.947805438368e+01,-1.665546106156e+01,1.737106947167e+02,5.138702515596e-02,-2.895725496112e-02,8.767271731928e+00
"                 241",-1.989526437937e+01,-1.671951848950e+01,1.650063458844e+02,-1.984430544438e+01,-1.674892640299e+01,1.737771226067e+02,5.095893498615e-02,-2.940791349277e-02,8.770776722317e+00
"                 242",-2.027891492141e+01,-1.689782173200e+01,1.650776303198e+02,-2.022834008338e+01,-1.692806261446e+01,1.738524815671e+02,5.057483803465e-02,-3.024088245699e-02,8.774851247270e+00
"                 243",-2.067136981657e+01,-1.695455197085e+01,1.651552747811e+02,-2.062145172802e+01,-1.698519304227e+01,1.739343869024e+02,4.991808854893e-02,-3.064107141678e-02,8.779112121294e+00
"                 244",-2.111126735940e+01,-1.696678212281e+01,1.652284627066e+02,-2.106177997285e+01,-1.699846202316e+01,1.740119442117e+02,4.948738654204e-02,-3.167990035550e-02,8.783481505099e+00
"                 245",-2.152071643318e+01,-1.698395036546e+01,1.652898851015e+02,-2.147177124295e+01,-1.701602914619e+01,1.740773503454e+02,4.894519023034e-02,-3.207878072668e-02,8.787465243868e+00
"                 246",-2.183079652692e+01,-1.708537457698e+01,1.653535636626e+02,-2.178210298216e+01,-1.711803836232e+01,1.741452485400e+02,4.869354475984e-02,-3.266378534205e-02,8.791684877421e+00
"                 247",-2.214385714659e+01,-1.714221439046e+01,1.654305642549e+02,-2.209551072110e+01,-1.717530044641e+01,1.742261601974e+02,4.834642548707e-02,-3.308605594788e-02,8.795595942528e+00
"                 248",-2.256912855386e+01,-1.712850502412e+01,1.655059844688e+02,-2.252079589748e+01,-1.716198870306e+01,1.743061255227e+02,4.833265637569e-02,-3.348367894017e-02,8.800141053871e+00
"                 249",-2.291219138371e+01,-1.716545812669e+01,1.655709156215e+02,-2.286390548359e+01,-1.719943513295e+01,1.743749169157e+02,4.828590012033e-02,-3.397700626198e-02,8.804001294179e+00
"                 250",-2.317186040655e+01,-1.733766111905e+01,1.656323912515e+02,-2.312332527101e+01,-1.737190663355e+01,1.744404505498e+02,4.853513554033e-02,-3.424551449284e-02,8.808059298256e+00
"                 251",-2.334454971170e+01,-1.755129582860e+01,1.656890236198e+02,-2.329596960427e+01,-1.758567676416e+01,1.745008470718e+02,4.858010742512e-02,-3.438093555537e-02,8.811823451967e+00
"                 252",-2.366150088751e+01,-1.784261274356e+01,1.657426412745e+02,-2.361256691437e+01,-1.787719520534e+01,1.745582673310e+02,4.893397314190e-02,-3.458246177183e-02,8.815626056573e+00
"                 253",-2.419108933784e+01,-1.804156749038e+01,1.658046794442e+02,-2.414209354969e+01,-1.807604406690e+01,1.746232309036e+02,4.899578815008e-02,-3.447657651856e-02,8.818551459363e+00
"                 254",-2.471205946031e+01,-1.809301960351e+01,1.658823868918e+02,-2.466285436145e+01,-1.812725191960e+01,1.747043479178e+02,4.920509885729e-02,-3.423231609433e-02,8.821961026015e+00
"                 255",-2.518882450712e+01,-1.806147639618e+01,1.659611295564e+02,-2.513982082137e+01,-1.809550245285e+01,1.747862712582e+02,4.900368575472e-02,-3.402605667332e-02,8.825141701849e+00
"                 256",-2.559664219646e+01,-1.814570690353e+01,1.660221674436e+02,-2.554773623097e+01,-1.817938297574e+01,1.748512137635e+02,4.890596548808e-02,-3.367607221072e-02,8.829046319941e+00
"                 257",-2.575305114545e+01,-1.822596220357e+01,1.660632958041e+02,-2.570430722728e+01,-1.825925037108e+01,1.748956385227e+02,4.874391817350e-02,-3.328816750643e-02,8.832342718599e+00
"                 258",-2.587849727848e+01,-1.834092769110e+01,1.660929871368e+02,-2.582959911791e+01,-1.837392185682e+01,1.749287409067e+02,4.889816056212e-02,-3.299416572514e-02,8.835753769940e+00
"                 259",-2.617154227394e+01,-1.841764855574e+01,1.661274128122e+02,-2.612279971887e+01,-1.845021813142e+01,1.749662540175e+02,4.874255506627e-02,-3.256957568127e-02,8.838841205293e+00
"                 260",-2.648511408930e+01,-1.839289645948e+01,1.661789072045e+02,-2.643643737953e+01,-1.842498246361e+01,1.750213680837e+02,4.867670976837e-02,-3.208600412484e-02,8.842460879245e+00
"                 261",-2.672595033997e+01,-1.825283053357e+01,1.662450034148e+02,-2.667750127021e+01,-1.828451176684e+01,1.750908700894e+02,4.844906975283e-02,-3.168123327147e-02,8.845866674608e+00
"                 262",-2.704070540427e+01,-1.816679349365e+01,1.663029056851e+02,-2.699235757191e+01,-1.819786777735e+01,1.751528114332e+02,4.834783236073e-02,-3.107428370018e-02,8.849905748085e+00
"                 263",-2.749306944585e+01,-1.809558188100e+01,1.663466236150e+02,-2.744500227653e+01,-1.812605757666e+01,1.752003738006e+02,4.806716931087e-02,-3.047569565601e-02,8.853750185592e+00
"                 264",-2.797191502934e+01,-1.812336450690e+01,1.663818784908e+02,-2.792402479320e+01,-1.815331049178e+01,1.752398494483e+02,4.789023614467e-02,-2.994598487810e-02,8.857970957481e+00
"                 265",-2.812947673270e+01,-1.818710022957e+01,1.664245846708e+02,-2.808202049757e+01,-1.821647179892e+01,1.752864207302e+02,4.745623513372e-02,-2.937156935691e-02,8.861836059454e+00
"                 266",-2.820650862227e+01,-1.813506225138e+01,1.664802299669e+02,-2.815907883705e+01,-1.816356098442e+01,1.753465014965e+02,4.742978522421e-02,-2.849873304038e-02,8.866271529626e+00
"                 267",-2.845979930504e+01,-1.794605566428e+01,1.665477135435e+02,-2.841256947425e+01,-1.797384089985e+01,1.754185240153e+02,4.722983078928e-02,-2.778523557406e-02,8.870810471839e+00
"                 268",-2.877503972686e+01,-1.784403790311e+01,1.666080960363e+02,-2.872770594513e+01,-1.787085354749e+01,1.754845871361e+02,4.733378172481e-02,-2.681564437498e-02,8.876491099813e+00
"                 269",-2.894347999673e+01,-1.782704725863e+01,1.666498925302e+02,-2.889636472062e+01,-1.785302331400e+01,1.755321555685e+02,4.711527610984e-02,-2.597605537285e-02,8.882263038331e+00
"                 270",-2.908276513337e+01,-1.791259981929e+01,1.666768295845e+02,-2.903543807130e+01,-1.793747953097e+01,1.755653535227e+02,4.732706206254e-02,-2.487971167679e-02,8.888523938210e+00
"                 271",-2.934433894720e+01,-1.786613097862e+01,1.667158049166e+02,-2.929712161255e+01,-1.789025110147e+01,1.756095562560e+02,4.721733464853e-02,-2.412012285038e-02,8.893751339399e+00
"                 272",-2.973526282154e+01,-1.768624499669e+01,1.667714333967e+02,-2.968791296883e+01,-1.770953905363e+01,1.756708176416e+02,4.734985270859e-02,-2.329405693945e-02,8.899384244883e+00
"                 273",-2.999348533043e+01,-1.736154095466e+01,1.668365775110e+02,-2.994638828039e+01,-1.738403329211e+01,1.757411947429e+02,4.709705003858e-02,-2.249233744801e-02,8.904617231842e+00
"                 274",-3.005157793683e+01,-1.727006377699e+01,1.668944785322e+02,-3.000444629924e+01,-1.729153387566e+01,1.758047519706e+02,4.713163758764e-02,-2.147009867130e-02,8.910273438408e+00
"                 275",-3.007814117971e+01,-1.726213306954e+01,1.669447765223e+02,-3.003111916067e+01,-1.728248512524e+01,1.758598040728e+02,4.702201904014e-02,-2.035205569798e-02,8.915027550477e+00
"                 276",-3.017862431083e+01,-1.722587703611e+01,1.669919332023e+02,-3.013147631603e+01,-1.724517915552e+01,1.759121388695e+02,4.714799479368e-02,-1.930211941058e-02,8.920205667177e+00
"                 277",-3.024217557332e+01,-1.712261484293e+01,1.670324120818e+02,-3.019519439163e+01,-1.714087305528e+01,1.759573212640e+02,4.698118169091e-02,-1.825821234456e-02,8.924909182152e+00
"                 278",-3.033103767711e+01,-1.708060849236e+01,1.670803201337e+02,-3.028386449173e+01,-1.709792686667e+01,1.760100294668e+02,4.717318538346e-02,-1.731837431725e-02,8.929709333040e+00
"                 279",-3.033649076764e+01,-1.699703988649e+01,1.671391793336e+02,-3.028935943267e+01,-1.701369766815e+01,1.760729629950e+02,4.713133496754e-02,-1.665778166157e-02,8.933783661454e+00
"                 280",-3.043919436720e+01,-1.681093653828e+01,1.671922371588e+02,-3.039186798805e+01,-1.682679304009e+01,1.761304525625e+02,4.732637915102e-02,-1.585650180452e-02,8.938215403688e+00
"                 281",-3.047966071170e+01,-1.659961364899e+01,1.672333159536e+02,-3.043266760920e+01,-1.661492868426e+01,1.761751374093e+02,4.699310249902e-02,-1.531503526617e-02,8.941821455653e+00
"                 282",-3.050967607477e+01,-1.646361831216e+01,1.672740338217e+02,-3.046284105025e+01,-1.647803120228e+01,1.762197226821e+02,4.683502452045e-02,-1.441289012358e-02,8.945688860404e+00
"                 283",-3.057856381382e+01,-1.629692836648e+01,1.673168415941e+02,-3.053226129432e+01,-1.631095492934e+01,1.762655436710e+02,4.630251950364e-02,-1.402656285767e-02,8.948702076853e+00
"                 284",-3.066669429807e+01,-1.606875337522e+01,1.673558243467e+02,-3.062072065148e+01,-1.608201072677e+01,1.763077033702e+02,4.597364658700e-02,-1.325735155196e-02,8.951879023421e+00
"                 285",-3.077989064060e+01,-1.586009338773e+01,1.673874560091e+02,-3.073476925765e+01,-1.587318637939e+01,1.763420991725e+02,4.512138295533e-02,-1.309299165951e-02,8.954643163360e+00
"                 286",-3.096708153375e+01,-1.563472497460e+01,1.674155198319e+02,-3.092251340889e+01,-1.564732738935e+01,1.763730835002e+02,4.456812486541e-02,-1.260241475340e-02,8.957563668296e+00
"                 287",-3.107923183152e+01,-1.549382550233e+01,1.674620280458e+02,-3.103553648671e+01,-1.550654264949e+01,1.764216788646e+02,4.369534481196e-02,-1.271714716647e-02,8.959650818778e+00
"                 288",-3.112521080302e+01,-1.549030882129e+01,1.675073898858e+02,-3.108202541047e+01,-1.550280001008e+01,1.764692917683e+02,4.318539255568e-02,-1.249118879513e-02,8.961901882476e+00
"                 289",-3.111966772591e+01,-1.548102991993e+01,1.675448009423e+02,-3.107756889801e+01,-1.549406992713e+01,1.765086743814e+02,4.209882790309e-02,-1.304000719593e-02,8.963873439082e+00
"                 290",-3.128126005053e+01,-1.534443796615e+01,1.675603578578e+02,-3.123992608859e+01,-1.535768764851e+01,1.765266606651e+02,4.133396194045e-02,-1.324968236067e-02,8.966302807256e+00
"                 291",-3.150059621631e+01,-1.512083645010e+01,1.675767851045e+02,-3.146040939762e+01,-1.513479941768e+01,1.765446494395e+02,4.018681868276e-02,-1.396296757626e-02,8.967864334973e+00
"                 292",-3.177321271727e+01,-1.492365308475e+01,1.675920831379e+02,-3.173370609563e+01,-1.493794027947e+01,1.765613361870e+02,3.950662163588e-02,-1.428719471698e-02,8.969253049093e+00
"                 293",-3.195274310571e+01,-1.480352426090e+01,1.676141228081e+02,-3.191431186298e+01,-1.481866278971e+01,1.765839554777e+02,3.843124272982e-02,-1.513852881135e-02,8.969832669608e+00
"                 294",-3.204086901543e+01,-1.469451076163e+01,1.676351233913e+02,-3.200314828450e+01,-1.471015145142e+01,1.766059476385e+02,3.772073092766e-02,-1.564068979676e-02,8.970824247223e+00
"                 295",-3.205181519735e+01,-1.470236057007e+01,1.676547199126e+02,-3.201500636076e+01,-1.471885865185e+01,1.766255003481e+02,3.680883658773e-02,-1.649808178781e-02,8.970780435475e+00
"                 296",-3.211682557676e+01,-1.466879265590e+01,1.676714473249e+02,-3.208025102970e+01,-1.468572852137e+01,1.766423466513e+02,3.657454705235e-02,-1.693586546119e-02,8.970899326392e+00
"                 297",-3.221978740497e+01,-1.464541620098e+01,1.676952900719e+02,-3.218371864595e+01,-1.466322919415e+01,1.766654352190e+02,3.606875902073e-02,-1.781299316453e-02,8.970145147045e+00
"                 298",-3.237880089374e+01,-1.466195959305e+01,1.677026300449e+02,-3.234282992204e+01,-1.468022589788e+01,1.766724473494e+02,3.597097170597e-02,-1.826630482877e-02,8.969817304430e+00
"                 299",-3.255146616447e+01,-1.458743470510e+01,1.676982883913e+02,-3.251597654862e+01,-1.460655254466e+01,1.766667516917e+02,3.548961585205e-02,-1.911783955534e-02,8.968463300339e+00
"                 300",-3.264312271632e+01,-1.446907514345e+01,1.676701194762e+02,-3.260757749624e+01,-1.448864642692e+01,1.766372334325e+02,3.554522007824e-02,-1.957128346806e-02,8.967113956293e+00
"                 301",-3.270451150994e+01,-1.438840739289e+01,1.676492494394e+02,-3.266929785260e+01,-1.440891718918e+01,1.766137832514e+02,3.521365733729e-02,-2.050979628805e-02,8.964533811961e+00
"                 302",-3.284772294150e+01,-1.443098164789e+01,1.676411638707e+02,-3.281246610411e+01,-1.445216449196e+01,1.766034077349e+02,3.525683739571e-02,-2.118284407137e-02,8.962243864172e+00
"                 303",-3.298662018972e+01,-1.441139698703e+01,1.676469901311e+02,-3.295166057193e+01,-1.443378360562e+01,1.766060596478e+02,3.495961778723e-02,-2.238661858601e-02,8.959069516652e+00
"                 304",-3.309453302186e+01,-1.420942192064e+01,1.676482417467e+02,-3.305952361821e+01,-1.423268211541e+01,1.766047552719e+02,3.500940365945e-02,-2.326019477100e-02,8.956513525210e+00
"                 305",-3.315610149081e+01,-1.397383683980e+01,1.676477001713e+02,-3.312118799222e+01,-1.399823614601e+01,1.766007690047e+02,3.491349859134e-02,-2.439930620239e-02,8.953068833360e+00
"                 306",-3.323280961461e+01,-1.395139201848e+01,1.676284567894e+02,-3.319757092715e+01,-1.397651832410e+01,1.765784083336e+02,3.523868746714e-02,-2.512630561280e-02,8.949951544257e+00
"                 307",-3.329095630858e+01,-1.404495332299e+01,1.675976626196e+02,-3.325567701346e+01,-1.407119114813e+01,1.765437803652e+02,3.527929511400e-02,-2.623782514246e-02,8.946117745610e+00
"                 308",-3.339568507912e+01,-1.403417494391e+01,1.675615430996e+02,-3.336018842314e+01,-1.406097554478e+01,1.765044913310e+02,3.549665597741e-02,-2.680060086649e-02,8.942948231341e+00
"                 309",-3.359530227840e+01,-1.389029735559e+01,1.675272209918e+02,-3.355988377108e+01,-1.391789910221e+01,1.764665252849e+02,3.541850731717e-02,-2.760174662118e-02,8.939304293168e+00
"                 310",-3.363901579180e+01,-1.386011862482e+01,1.674930383711e+02,-3.360338597512e+01,-1.388792918757e+01,1.764293782672e+02,3.562981668589e-02,-2.781056274261e-02,8.936339896132e+00
"                 311",-3.334974038550e+01,-1.396094486029e+01,1.674793150293e+02,-3.331420065575e+01,-1.398929541548e+01,1.764122036170e+02,3.553972974987e-02,-2.835055519296e-02,8.932888587667e+00
"                 312",-3.295685329315e+01,-1.400909188801e+01,1.674620135897e+02,-3.292099073467e+01,-1.403749710960e+01,1.763927507974e+02,3.586255848103e-02,-2.840522159001e-02,8.930737207724e+00
"                 313",-3.281240788374e+01,-1.395744135009e+01,1.674338426674e+02,-3.277636139965e+01,-1.398623020737e+01,1.763626776978e+02,3.604648408291e-02,-2.878885728050e-02,8.928835030353e+00
"                 314",-3.305572127365e+01,-1.389594014854e+01,1.673867731524e+02,-3.301897355784e+01,-1.392467654291e+01,1.763146547901e+02,3.674771580934e-02,-2.873639437187e-02,8.927881637689e+00
"                 315",-3.319466723964e+01,-1.389543743442e+01,1.673545245264e+02,-3.315746583664e+01,-1.392433258847e+01,1.762809051436e+02,3.720140299800e-02,-2.889515404956e-02,8.926380617132e+00
"                 316",-3.303111657671e+01,-1.401109143985e+01,1.673401676302e+02,-3.299306596925e+01,-1.403966727486e+01,1.762656410070e+02,3.805060745751e-02,-2.857583500952e-02,8.925473376734e+00
"                 317",-3.280708717197e+01,-1.409893980638e+01,1.673351186454e+02,-3.276843653676e+01,-1.412756018879e+01,1.762595481728e+02,3.865063521318e-02,-2.862038240810e-02,8.924429527352e+00
"                 318",-3.270477680858e+01,-1.399163815458e+01,1.673082373018e+02,-3.266513901929e+01,-1.401976353448e+01,1.762326548260e+02,3.963778929161e-02,-2.812537990634e-02,8.924417524199e+00
"                 319",-3.261908841312e+01,-1.386069586778e+01,1.672644631185e+02,-3.257877037281e+01,-1.388844974321e+01,1.761883513814e+02,4.031804031678e-02,-2.775387542970e-02,8.923888262981e+00
"                 320",-3.240526691372e+01,-1.400355042080e+01,1.672245625542e+02,-3.236386655452e+01,-1.403033894303e+01,1.761483866887e+02,4.140035920247e-02,-2.678852222618e-02,8.923824134413e+00
"                 321",-3.204862360548e+01,-1.436442834690e+01,1.672033810821e+02,-3.200655119280e+01,-1.439045458848e+01,1.761270351917e+02,4.207241268145e-02,-2.602624158222e-02,8.923654109564e+00
"                 322",-3.185255489280e+01,-1.473066957308e+01,1.671853819213e+02,-3.180929298633e+01,-1.475558637791e+01,1.761096177235e+02,4.326190647253e-02,-2.491680482249e-02,8.924235802202e+00
"                 323",-3.178030764898e+01,-1.484263811641e+01,1.671782498381e+02,-3.173623068953e+01,-1.486671308920e+01,1.761029846544e+02,4.407695944435e-02,-2.407497279566e-02,8.924734816227e+00
"                 324",-3.170945430744e+01,-1.472316587843e+01,1.671717838908e+02,-3.166413336159e+01,-1.474609250706e+01,1.760974780896e+02,4.532094584371e-02,-2.292662863262e-02,8.925694198793e+00
"                 325",-3.143680449249e+01,-1.471152913421e+01,1.671681100251e+02,-3.139073645068e+01,-1.473351483142e+01,1.760948622589e+02,4.606804180925e-02,-2.198569721013e-02,8.926752233855e+00
"                 326",-3.104848890036e+01,-1.480477077535e+01,1.671390322557e+02,-3.100129809266e+01,-1.482562320922e+01,1.760669980354e+02,4.719080769266e-02,-2.085243386226e-02,8.927965779673e+00
"                 327",-3.074579267863e+01,-1.502027423961e+01,1.671179532930e+02,-3.069793597616e+01,-1.504016325424e+01,1.760468014701e+02,4.785670247283e-02,-1.988901462907e-02,8.928848177083e+00
"                 328",-3.069609695811e+01,-1.542448782408e+01,1.671049412855e+02,-3.064735324476e+01,-1.544342557520e+01,1.760346609495e+02,4.874371334526e-02,-1.893775112437e-02,8.929719664033e+00
"                 329",-3.070393155194e+01,-1.574291229484e+01,1.671028674027e+02,-3.065502448095e+01,-1.576090652887e+01,1.760334397593e+02,4.890707099076e-02,-1.799423402262e-02,8.930572356615e+00
"                 330",-3.059630210731e+01,-1.609390066782e+01,1.671005789950e+02,-3.054691440690e+01,-1.611135301659e+01,1.760318960370e+02,4.938770040860e-02,-1.745234877149e-02,8.931317041948e+00
"                 331",-3.030088811166e+01,-1.641359706380e+01,1.671033800698e+02,-3.025159322325e+01,-1.643048657729e+01,1.760347100508e+02,4.929488841156e-02,-1.688951348247e-02,8.931329980998e+00
"                 332",-3.000789611760e+01,-1.683993843577e+01,1.670957528956e+02,-2.995831606808e+01,-1.685550811166e+01,1.760284565254e+02,4.958004951765e-02,-1.556967589124e-02,8.932703629795e+00
"                 333",-2.979861261872e+01,-1.738358790803e+01,1.670850693186e+02,-2.974885535679e+01,-1.739947829340e+01,1.760181805992e+02,4.975726192367e-02,-1.589038536918e-02,8.933111280677e+00
"                 334",-2.978418735567e+01,-1.803997749461e+01,1.670611340333e+02,-2.973416385920e+01,-1.805558612844e+01,1.759949769836e+02,5.002349646508e-02,-1.560863382708e-02,8.933842950320e+00
"                 335",-2.989600411155e+01,-1.839385964932e+01,1.670521805315e+02,-2.984626141061e+01,-1.840939403674e+01,1.759864327921e+02,4.974270094272e-02,-1.553438741379e-02,8.934252260605e+00
"                 336",-2.993902304631e+01,-1.874950931760e+01,1.670535719249e+02,-2.988944969100e+01,-1.876481715035e+01,1.759889637317e+02,4.957335531524e-02,-1.530783275649e-02,8.935391806781e+00
"                 337",-2.987696220721e+01,-1.913038564407e+01,1.670574367153e+02,-2.982787916095e+01,-1.914563162127e+01,1.759946001739e+02,4.908304625779e-02,-1.524597719536e-02,8.937163458657e+00
"                 338",-2.970870650867e+01,-1.958289195959e+01,1.670527000705e+02,-2.965982033190e+01,-1.959889253382e+01,1.759915921690e+02,4.888617676989e-02,-1.600057422650e-02,8.938892098448e+00
"                 339",-2.940148420876e+01,-2.006555392445e+01,1.670557083720e+02,-2.935340517838e+01,-2.008244291116e+01,1.759959611706e+02,4.807903037601e-02,-1.688898671154e-02,8.940252798604e+00
"                 340",-2.915754018641e+01,-2.064670284918e+01,1.670446763982e+02,-2.911011811174e+01,-2.066384750064e+01,1.759875233290e+02,4.742207467373e-02,-1.714465146588e-02,8.942846930843e+00
"                 341",-2.896911171676e+01,-2.121918467937e+01,1.670374189811e+02,-2.892259280922e+01,-2.123756249934e+01,1.759822899121e+02,4.651890754236e-02,-1.837781997377e-02,8.944870930990e+00
"                 342",-2.891658053951e+01,-2.169796669896e+01,1.670280927809e+02,-2.887078671693e+01,-2.171666024169e+01,1.759761451415e+02,4.579382257821e-02,-1.869354272183e-02,8.948052360531e+00
"                 343",-2.871884037734e+01,-2.192241411627e+01,1.670175076955e+02,-2.867389927375e+01,-2.194319112842e+01,1.759672543814e+02,4.494110358875e-02,-2.077701215128e-02,8.949746685878e+00
"                 344",-2.850282221163e+01,-2.222371581905e+01,1.670139396475e+02,-2.845882832581e+01,-2.224550811736e+01,1.759657339711e+02,4.399388581944e-02,-2.179229830585e-02,8.951794323629e+00
"                 345",-2.833269915282e+01,-2.268675543415e+01,1.670187368896e+02,-2.829005226150e+01,-2.270969392240e+01,1.759729043194e+02,4.264689132001e-02,-2.293848825394e-02,8.954167429743e+00
"                 346",-2.823081335053e+01,-2.322619560738e+01,1.670145267110e+02,-2.818881833601e+01,-2.325089622860e+01,1.759708458059e+02,4.199501452552e-02,-2.470062122630e-02,8.956319094907e+00
"                 347",-2.813535500589e+01,-2.353479017739e+01,1.670094826170e+02,-2.809448412630e+01,-2.356125903184e+01,1.759668654771e+02,4.087087959151e-02,-2.646885445165e-02,8.957382860072e+00
"                 348",-2.806658062050e+01,-2.357463199763e+01,1.669887128554e+02,-2.802651889813e+01,-2.360173961230e+01,1.759480136501e+02,4.006172236378e-02,-2.710761467506e-02,8.959300794677e+00
"                 349",-2.789641347740e+01,-2.357384197517e+01,1.669718355949e+02,-2.785732373015e+01,-2.360261285861e+01,1.759320402690e+02,3.908974724632e-02,-2.877088343586e-02,8.960204674106e+00
"                 350",-2.779307493607e+01,-2.368198081045e+01,1.669497950356e+02,-2.775493851256e+01,-2.371129634465e+01,1.759113120785e+02,3.813642351137e-02,-2.931553419986e-02,8.961517042923e+00
"                 351",-2.792213764143e+01,-2.379550080192e+01,1.669343436013e+02,-2.788514642938e+01,-2.382515072968e+01,1.758969464924e+02,3.699121204946e-02,-2.964992775358e-02,8.962602891121e+00
"                 352",-2.807343382870e+01,-2.404097773158e+01,1.669275928164e+02,-2.803708837542e+01,-2.407124567990e+01,1.758911286626e+02,3.634545328141e-02,-3.026794831991e-02,8.963535846215e+00
"                 353",-2.794781895143e+01,-2.426827348794e+01,1.669143106226e+02,-2.791249922640e+01,-2.429902950754e+01,1.758786203081e+02,3.531972503418e-02,-3.075601960273e-02,8.964309685512e+00
"                 354",-2.758940477011e+01,-2.442829766417e+01,1.668984991836e+02,-2.755466537877e+01,-2.445909746564e+01,1.758647328631e+02,3.473939134210e-02,-3.079980147224e-02,8.966233679504e+00
"                 355",-2.728286695633e+01,-2.451773695304e+01,1.669025200527e+02,-2.724870007399e+01,-2.454897138539e+01,1.758701967321e+02,3.416688233344e-02,-3.123443235617e-02,8.967676679434e+00
"                 356",-2.712904541354e+01,-2.461657417918e+01,1.669069041987e+02,-2.709496823060e+01,-2.464738322253e+01,1.758769522773e+02,3.407718294141e-02,-3.080904334474e-02,8.970048078673e+00
"                 357",-2.705143964414e+01,-2.464898702116e+01,1.669152917842e+02,-2.701758960624e+01,-2.468004285802e+01,1.758868429652e+02,3.385003790468e-02,-3.105583685729e-02,8.971551180911e+00
"                 358",-2.698531890815e+01,-2.462370956748e+01,1.669076359372e+02,-2.695136703024e+01,-2.465427009159e+01,1.758811956328e+02,3.395187790944e-02,-3.056052410082e-02,8.973559695595e+00
"                 359",-2.676609067352e+01,-2.442429223154e+01,1.668990608081e+02,-2.673220086787e+01,-2.445457264619e+01,1.758739634740e+02,3.388980565790e-02,-3.028041464938e-02,8.974902665848e+00
"                 360",-2.642244098296e+01,-2.421753267126e+01,1.669003469354e+02,-2.638803096965e+01,-2.424694803483e+01,1.758767681737e+02,3.441001330458e-02,-2.941536357213e-02,8.976421238251e+00
"                 361",-2.609539862363e+01,-2.420456244798e+01,1.669051810617e+02,-2.606068760595e+01,-2.423343981665e+01,1.758824594407e+02,3.471101768074e-02,-2.887736866867e-02,8.977278378966e+00
"                 362",-2.586913059730e+01,-2.411261280075e+01,1.669004295329e+02,-2.583374828865e+01,-2.414051913759e+01,1.758789222541e+02,3.538230864834e-02,-2.790633683821e-02,8.978492721225e+00
"                 363",-2.565788783416e+01,-2.383092025477e+01,1.668838567528e+02,-2.562218412411e+01,-2.385831458997e+01,1.758626771909e+02,3.570371004576e-02,-2.739433520421e-02,8.978820438135e+00
"                 364",-2.548771559707e+01,-2.355240717151e+01,1.668650788454e+02,-2.545128415231e+01,-2.357894048333e+01,1.758445514946e+02,3.643144475231e-02,-2.653331182587e-02,8.979472649241e+00
"                 365",-2.522618790936e+01,-2.324942660479e+01,1.668516898199e+02,-2.518934899277e+01,-2.327548965578e+01,1.758309465372e+02,3.683891659332e-02,-2.606305098430e-02,8.979256717241e+00
"                 366",-2.502363462138e+01,-2.287140979208e+01,1.668275294254e+02,-2.498594916377e+01,-2.289663632896e+01,1.758066914316e+02,3.768545760797e-02,-2.522653688150e-02,8.979162006177e+00
"                 367",-2.481672888620e+01,-2.244599807393e+01,1.668179082263e+02,-2.477861591347e+01,-2.247072176162e+01,1.757959990555e+02,3.811297273232e-02,-2.472368768894e-02,8.978090829139e+00
"                 368",-2.456441353126e+01,-2.207316623406e+01,1.668031449692e+02,-2.452557570635e+01,-2.209721302475e+01,1.757807867899e+02,3.883782491203e-02,-2.404679068757e-02,8.977641820782e+00
"                 369",-2.413763145248e+01,-2.176755868853e+01,1.667902322918e+02,-2.409838835640e+01,-2.179134049226e+01,1.757667050246e+02,3.924309608191e-02,-2.378180373197e-02,8.976472732765e+00
"                 370",-2.373417645437e+01,-2.157403837050e+01,1.667902160268e+02,-2.369414508310e+01,-2.159743199324e+01,1.757657212001e+02,4.003137127415e-02,-2.339362273905e-02,8.975505173347e+00
"                 371",-2.349936847233e+01,-2.129560353680e+01,1.667969872608e+02,-2.345875051050e+01,-2.131906684983e+01,1.757706810489e+02,4.061796182374e-02,-2.346331302865e-02,8.973693788084e+00
"                 372",-2.341304858354e+01,-2.096834098382e+01,1.667889107795e+02,-2.337162365915e+01,-2.099175804524e+01,1.757612812256e+02,4.142492438931e-02,-2.341706141897e-02,8.972370446138e+00
"                 373",-2.327998270922e+01,-2.067608181380e+01,1.667594407689e+02,-2.323806008008e+01,-2.069983457042e+01,1.757298317202e+02,4.192262914510e-02,-2.375275661986e-02,8.970390951263e+00
"                 374",-2.302369316613e+01,-2.042360712483e+01,1.667291955096e+02,-2.298103026888e+01,-2.044749559377e+01,1.756977145093e+02,4.266289724433e-02,-2.388846893510e-02,8.968518999664e+00
"                 375",-2.278268068123e+01,-2.014500158366e+01,1.667080099237e+02,-2.273943515280e+01,-2.016929049862e+01,1.756735612724e+02,4.324552843262e-02,-2.428891495795e-02,8.965551348716e+00
"                 376",-2.261913706921e+01,-1.993397588871e+01,1.666999897534e+02,-2.257512655482e+01,-1.995847956664e+01,1.756629512730e+02,4.401051438987e-02,-2.450367792383e-02,8.962961519684e+00
"                 377",-2.255712254040e+01,-1.955443478600e+01,1.666962448155e+02,-2.251262432665e+01,-1.957928008843e+01,1.756562887369e+02,4.449821374736e-02,-2.484530243598e-02,8.960043921450e+00
"                 378",-2.258817634216e+01,-1.912753316371e+01,1.666890465253e+02,-2.254290733614e+01,-1.915249287103e+01,1.756466077822e+02,4.526900602144e-02,-2.495970731964e-02,8.957561256918e+00
"                 379",-2.258554148638e+01,-1.870366056647e+01,1.666661810260e+02,-2.253985222969e+01,-1.872880599878e+01,1.756207757817e+02,4.568925668042e-02,-2.514543231426e-02,8.954594755624e+00
"                 380",-2.241273247532e+01,-1.849143849398e+01,1.666276338384e+02,-2.236632873653e+01,-1.851682260060e+01,1.755791905893e+02,4.640373879177e-02,-2.538410662183e-02,8.951556750843e+00
"                 381",-2.231050802839e+01,-1.835492765686e+01,1.665933574957e+02,-2.226380809394e+01,-1.838060667970e+01,1.755416726356e+02,4.669993444702e-02,-2.567902283389e-02,8.948315139872e+00
"                 382",-2.226546574829e+01,-1.832118077127e+01,1.665696252540e+02,-2.221818269199e+01,-1.834741550279e+01,1.755147794783e+02,4.728305629463e-02,-2.623473151738e-02,8.945154224315e+00
"                 383",-2.217816196645e+01,-1.815243041712e+01,1.665633165932e+02,-2.213058742671e+01,-1.817909553692e+01,1.755051907146e+02,4.757453973846e-02,-2.666511980405e-02,8.941874121411e+00
"                 384",-2.225837772289e+01,-1.788310692509e+01,1.665652606747e+02,-2.221016903166e+01,-1.791062525664e+01,1.755041702608e+02,4.820869123177e-02,-2.751833154501e-02,8.938909586114e+00
"                 385",-2.233606856227e+01,-1.751179198249e+01,1.665683056039e+02,-2.228772179801e+01,-1.753980709543e+01,1.755040146489e+02,4.834676425661e-02,-2.801511293970e-02,8.935709045010e+00
"                 386",-2.220503058193e+01,-1.734665509695e+01,1.665489119330e+02,-2.215620925549e+01,-1.737450596270e+01,1.754829002660e+02,4.882132644615e-02,-2.785086575463e-02,8.933988332948e+00
"                 387",-2.194821447962e+01,-1.730795982806e+01,1.665262481113e+02,-2.189904138204e+01,-1.733655466237e+01,1.754578838594e+02,4.917309758092e-02,-2.859483431749e-02,8.931635748067e+00
"                 388",-2.171322155476e+01,-1.720444875949e+01,1.665096714765e+02,-2.166348381136e+01,-1.723306555279e+01,1.754392904561e+02,4.973774339960e-02,-2.861679329039e-02,8.929618979628e+00
"                 389",-2.163042010300e+01,-1.704932153249e+01,1.665040560016e+02,-2.158034684028e+01,-1.707779175000e+01,1.754321958700e+02,5.007326272086e-02,-2.847021751103e-02,8.928139868388e+00
"                 390",-2.160623214581e+01,-1.685697168571e+01,1.664993327356e+02,-2.155550858784e+01,-1.688593580960e+01,1.754266252886e+02,5.072355796594e-02,-2.896412388701e-02,8.927292553050e+00
"                 391",-2.161344805276e+01,-1.681355655699e+01,1.665062643386e+02,-2.156255376438e+01,-1.684249318468e+01,1.754322400491e+02,5.089428837951e-02,-2.893662769636e-02,8.925975710532e+00
"                 392",-2.159683559132e+01,-1.678318958094e+01,1.665089119390e+02,-2.154533029243e+01,-1.681161714090e+01,1.754350308141e+02,5.150529888882e-02,-2.842755996262e-02,8.926118875083e+00
"                 393",-2.159432045920e+01,-1.651075235742e+01,1.665095035362e+02,-2.154239307311e+01,-1.654005877276e+01,1.754357052793e+02,5.192738608870e-02,-2.930641533645e-02,8.926201743066e+00
"                 394",-2.149999962769e+01,-1.616698543916e+01,1.665116550260e+02,-2.144732580811e+01,-1.619606253168e+01,1.754380582643e+02,5.267381957784e-02,-2.907709251949e-02,8.926403238383e+00
"                 395",-2.145276801210e+01,-1.604227470040e+01,1.665190508216e+02,-2.139972702216e+01,-1.607094055517e+01,1.754453881561e+02,5.304098994098e-02,-2.866585476929e-02,8.926337334432e+00
"                 396",-2.130484516821e+01,-1.613329459512e+01,1.665250373001e+02,-2.125089753978e+01,-1.616098825595e+01,1.754523694254e+02,5.394762843407e-02,-2.769366082534e-02,8.927332125292e+00
"                 397",-2.106294743366e+01,-1.654835635518e+01,1.665369750504e+02,-2.100841123658e+01,-1.657624412326e+01,1.754647676958e+02,5.453619708129e-02,-2.788776808009e-02,8.927792645380e+00
"                 398",-2.089236040831e+01,-1.680990280666e+01,1.665600174587e+02,-2.083684464978e+01,-1.683695157505e+01,1.754880139685e+02,5.551575853250e-02,-2.704876838464e-02,8.927996509808e+00
"                 399",-2.089008353230e+01,-1.663627275236e+01,1.665744994154e+02,-2.083404646323e+01,-1.666246657011e+01,1.755033518767e+02,5.603706907024e-02,-2.619381775356e-02,8.928852461234e+00
"                 400",-2.085516097050e+01,-1.620430854302e+01,1.665769188597e+02,-2.079808882090e+01,-1.623041325958e+01,1.755060666586e+02,5.707214960180e-02,-2.610471655842e-02,8.929147798888e+00
"                 401",-2.073101338115e+01,-1.599450088339e+01,1.665871148840e+02,-2.067349416583e+01,-1.602045520508e+01,1.755162348611e+02,5.751921532432e-02,-2.595432169168e-02,8.929119977055e+00
"                 402",-2.068483068560e+01,-1.623255630649e+01,1.665990752289e+02,-2.062643490099e+01,-1.625760409197e+01,1.755278381058e+02,5.839578460831e-02,-2.504778547832e-02,8.928762876814e+00
"                 403",-2.068907167684e+01,-1.661243471502e+01,1.666138485614e+02,-2.063017700286e+01,-1.663699739883e+01,1.755417255918e+02,5.889467398245e-02,-2.456268380611e-02,8.927877030407e+00
"                 404",-2.067962267274e+01,-1.681369984971e+01,1.666158152601e+02,-2.061985113877e+01,-1.683745912833e+01,1.755431357816e+02,5.977153396359e-02,-2.375927861235e-02,8.927320521440e+00
"                 405",-2.060235113617e+01,-1.674326101114e+01,1.666270632801e+02,-2.054212627091e+01,-1.676675878791e+01,1.755534914693e+02,6.022486526192e-02,-2.349777676917e-02,8.926428189271e+00
"                 406",-2.050755853382e+01,-1.667426206473e+01,1.666505626817e+02,-2.044657696562e+01,-1.669711301340e+01,1.755764090603e+02,6.098156819027e-02,-2.285094867553e-02,8.925846378648e+00
"                 407",-2.041109439746e+01,-1.674990633143e+01,1.666800991987e+02,-2.034971182233e+01,-1.677265779210e+01,1.756054261866e+02,6.138257513017e-02,-2.275146066509e-02,8.925326987971e+00
"                 408",-2.014511345657e+01,-1.702724528181e+01,1.667086878411e+02,-2.008304963227e+01,-1.704982608364e+01,1.756341033022e+02,6.206382429820e-02,-2.258080182971e-02,8.925415461108e+00
"                 409",-1.980698260526e+01,-1.736448878335e+01,1.667452832910e+02,-1.974453524185e+01,-1.738746705326e+01,1.756709523892e+02,6.244736340576e-02,-2.297826991236e-02,8.925669098130e+00
"                 410",-1.960738016617e+01,-1.760203424175e+01,1.667761120408e+02,-1.954431154114e+01,-1.762523704800e+01,1.757029898472e+02,6.306862502722e-02,-2.320280625147e-02,8.926877806356e+00
"                 411",-1.962889424505e+01,-1.783117423274e+01,1.667981366352e+02,-1.956555057885e+01,-1.785525173429e+01,1.757265630436e+02,6.334366620371e-02,-2.407750155037e-02,8.928426408455e+00
"                 412",-1.968554818736e+01,-1.819221841214e+01,1.668138518102e+02,-1.962173569259e+01,-1.821673709625e+01,1.757442173317e+02,6.381249476865e-02,-2.451868410725e-02,8.930365521543e+00
"                 413",-1.955292551909e+01,-1.863705257259e+01,1.668382007831e+02,-1.948906339465e+01,-1.866246265484e+01,1.757707141302e+02,6.386212443832e-02,-2.541008225336e-02,8.932513347050e+00
"                 414",-1.920033799046e+01,-1.904303399868e+01,1.668711498721e+02,-1.913618873942e+01,-1.906900576174e+01,1.758063557440e+02,6.414925104134e-02,-2.597176306363e-02,8.935205871912e+00
"                 415",-1.874531591359e+01,-1.934138065349e+01,1.668985031831e+02,-1.868110533136e+01,-1.936839820814e+01,1.758365645409e+02,6.421058223037e-02,-2.701755464526e-02,8.938061357712e+00
"                 416",-1.870535897323e+01,-1.954831845678e+01,1.669122752892e+02,-1.864091538124e+01,-1.957593483892e+01,1.758535340675e+02,6.444359199357e-02,-2.761638214027e-02,8.941258778285e+00
"                 417",-1.869283015678e+01,-1.970476758381e+01,1.669222874076e+02,-1.862854234125e+01,-1.973312623762e+01,1.758663345267e+02,6.428781552605e-02,-2.835865380389e-02,8.944047119053e+00
"                 418",-1.854914269639e+01,-1.976337080752e+01,1.669363701631e+02,-1.848495920048e+01,-1.979209080465e+01,1.758836302259e+02,6.418349591114e-02,-2.871999713088e-02,8.947260062791e+00
"                 419",-1.826300766696e+01,-1.978775223370e+01,1.669530038304e+02,-1.819913628220e+01,-1.981687331671e+01,1.759036149630e+02,6.387138476004e-02,-2.912108301019e-02,8.950611132577e+00
"                 420",-1.799184740777e+01,-1.992718604811e+01,1.669602862227e+02,-1.792815052224e+01,-1.995652915161e+01,1.759143950665e+02,6.369688552838e-02,-2.934310349696e-02,8.954108843793e+00
"                 421",-1.780828126151e+01,-2.007798161128e+01,1.669590775592e+02,-1.774480466942e+01,-2.010772084838e+01,1.759164533215e+02,6.347659209666e-02,-2.973923709752e-02,8.957375762282e+00
"                 422",-1.770937986246e+01,-2.021987284540e+01,1.669671132911e+02,-1.764609887204e+01,-2.025025176872e+01,1.759276234817e+02,6.328099041528e-02,-3.037892331983e-02,8.960510190598e+00
"                 423",-1.768477166852e+01,-2.025372084287e+01,1.669842332647e+02,-1.762197866211e+01,-2.028481472508e+01,1.759478189742e+02,6.279300640731e-02,-3.109388221660e-02,8.963585709543e+00
"                 424",-1.772532476188e+01,-2.008582487067e+01,1.670038090416e+02,-1.766282066342e+01,-2.011766383892e+01,1.759707695953e+02,6.250409846699e-02,-3.183896824773e-02,8.966960553654e+00
"                 425",-1.773057923942e+01,-1.988327810233e+01,1.670217495758e+02,-1.766849276346e+01,-1.991587683022e+01,1.759916299962e+02,6.208647596141e-02,-3.259872789077e-02,8.969880420461e+00
"                 426",-1.769361216532e+01,-1.959111845897e+01,1.670351407923e+02,-1.763166084600e+01,-1.962426018292e+01,1.760081192237e+02,6.195131931495e-02,-3.314172394727e-02,8.972978431411e+00
"                 427",-1.755627259128e+01,-1.930448939249e+01,1.670357499142e+02,-1.749471742008e+01,-1.933821455001e+01,1.760117658481e+02,6.155517120226e-02,-3.372515751710e-02,8.976015933932e+00
"                 428",-1.748221276812e+01,-1.909391488487e+01,1.670417783057e+02,-1.742064985249e+01,-1.912798351771e+01,1.760210641282e+02,6.156291563433e-02,-3.406863284224e-02,8.979285822514e+00
"                 429",-1.746038804032e+01,-1.897161748003e+01,1.670559960236e+02,-1.739910553259e+01,-1.900632605569e+01,1.760384583704e+02,6.128250772754e-02,-3.470857566813e-02,8.982462346726e+00
"                 430",-1.753778932400e+01,-1.886875514761e+01,1.670780311248e+02,-1.747647531887e+01,-1.890364250510e+01,1.760639553485e+02,6.131400513615e-02,-3.488735748880e-02,8.985924223700e+00
"                 431",-1.761185317317e+01,-1.875736901618e+01,1.670978436722e+02,-1.755074696882e+01,-1.879267064278e+01,1.760872660943e+02,6.110620434754e-02,-3.530162660651e-02,8.989422422106e+00
"                 432",-1.763175036848e+01,-1.868293247068e+01,1.671141533188e+02,-1.757063703849e+01,-1.871834708080e+01,1.761074099683e+02,6.111332999605e-02,-3.541461012549e-02,8.993256649548e+00
"                 433",-1.779837339945e+01,-1.864075219655e+01,1.671415225009e+02,-1.773736806738e+01,-1.867631609241e+01,1.761386349142e+02,6.100533207824e-02,-3.556389585694e-02,8.997112413298e+00
"                 434",-1.792644524790e+01,-1.861561495167e+01,1.671767777901e+02,-1.786540956731e+01,-1.865109369729e+01,1.761779696478e+02,6.103568058482e-02,-3.547874561557e-02,9.001191857791e+00
"                 435",-1.784439385959e+01,-1.842963613976e+01,1.671999819862e+02,-1.778349790136e+01,-1.846471556319e+01,1.762049907568e+02,6.089595822579e-02,-3.507942343048e-02,9.005008770681e+00
"                 436",-1.777628007326e+01,-1.808558625349e+01,1.672085246175e+02,-1.771533325758e+01,-1.812020678215e+01,1.762172277440e+02,6.094681568109e-02,-3.462052865203e-02,9.008703126499e+00
"                 437",-1.787020950639e+01,-1.771956302248e+01,1.672232524543e+02,-1.780935353242e+01,-1.775347334750e+01,1.762352997178e+02,6.085597396349e-02,-3.391032501872e-02,9.012047263427e+00
"                 438",-1.814723354278e+01,-1.750397950166e+01,1.672612367972e+02,-1.808637051375e+01,-1.753717571941e+01,1.762767352481e+02,6.086302902558e-02,-3.319621774727e-02,9.015498450818e+00
"                 439",-1.834430830686e+01,-1.735266016870e+01,1.672942079451e+02,-1.828355534922e+01,-1.738495209029e+01,1.763127179865e+02,6.075295764118e-02,-3.229192158134e-02,9.018510041353e+00
"                 440",-1.842371451814e+01,-1.710524472831e+01,1.673134836942e+02,-1.836286185070e+01,-1.713667121755e+01,1.763349017316e+02,6.085266744351e-02,-3.142648923933e-02,9.021418037438e+00
"                 441",-1.843904553766e+01,-1.683066285913e+01,1.673144850051e+02,-1.837800407192e+01,-1.686112152557e+01,1.763382525378e+02,6.104146574063e-02,-3.045866643835e-02,9.023767532708e+00
"                 442",-1.860206572020e+01,-1.663294080244e+01,1.673216410699e+02,-1.854071684874e+01,-1.666265484485e+01,1.763477867935e+02,6.134887145773e-02,-2.971404240872e-02,9.026145723582e+00
"                 443",-1.900681726748e+01,-1.644445467108e+01,1.673403889110e+02,-1.894516389099e+01,-1.647328314339e+01,1.763681390210e+02,6.165337648798e-02,-2.882847230489e-02,9.027750109951e+00
"                 444",-1.948740105789e+01,-1.631269614124e+01,1.673566893107e+02,-1.942530458309e+01,-1.634084255001e+01,1.763856316426e+02,6.209647479237e-02,-2.814640876551e-02,9.028942331896e+00
"                 445",-1.977933085599e+01,-1.614975083158e+01,1.673606138505e+02,-1.971705057829e+01,-1.617718373292e+01,1.763900874917e+02,6.228027769807e-02,-2.743290134074e-02,9.029473641172e+00
"                 446",-2.002403360444e+01,-1.603254045914e+01,1.673579867323e+02,-1.996152661566e+01,-1.605938816462e+01,1.763879971218e+02,6.250698877528e-02,-2.684770547155e-02,9.030010389556e+00
"                 447",-2.034485223702e+01,-1.591440057158e+01,1.673579964621e+02,-2.028218645711e+01,-1.594067505524e+01,1.763877817249e+02,6.266577991320e-02,-2.627448366599e-02,9.029785262756e+00
"                 448",-2.074067697044e+01,-1.575832564603e+01,1.673613043106e+02,-2.067771016939e+01,-1.578420863817e+01,1.763904497810e+02,6.296680104999e-02,-2.588299213616e-02,9.029145470418e+00
"                 449",-2.118520126468e+01,-1.556558254668e+01,1.673583458359e+02,-2.112214205511e+01,-1.559095819907e+01,1.763859614242e+02,6.305920956768e-02,-2.537565238870e-02,9.027615588358e+00
"                 450",-2.150229841304e+01,-1.537341425643e+01,1.673529396472e+02,-2.143905969830e+01,-1.539849707557e+01,1.763788885515e+02,6.323871473751e-02,-2.508281913683e-02,9.025948904376e+00
"                 451",-2.164670425144e+01,-1.521165017939e+01,1.673426935818e+02,-2.158343404238e+01,-1.523629784486e+01,1.763664491321e+02,6.327020905888e-02,-2.464766547133e-02,9.023755550253e+00
"                 452",-2.173760609231e+01,-1.504451585125e+01,1.673335602174e+02,-2.167404614372e+01,-1.506893843933e+01,1.763547055676e+02,6.355994858987e-02,-2.442258808234e-02,9.021145350243e+00
"                 453",-2.184491482939e+01,-1.491756155235e+01,1.673312449159e+02,-2.178111680308e+01,-1.494165841087e+01,1.763491118250e+02,6.379802630798e-02,-2.409685852002e-02,9.017866909097e+00
"                 454",-2.197611322426e+01,-1.475679849233e+01,1.673325372952e+02,-2.191198247577e+01,-1.478084744977e+01,1.763473161001e+02,6.413074849148e-02,-2.404895743455e-02,9.014778804906e+00
"                 455",-2.214199270012e+01,-1.450432264347e+01,1.673282719581e+02,-2.207764190834e+01,-1.452819978767e+01,1.763397225829e+02,6.435079177715e-02,-2.387714420452e-02,9.011450624844e+00
"                 456",-2.241654889324e+01,-1.420127298669e+01,1.673185101391e+02,-2.235194953430e+01,-1.422529622654e+01,1.763266711201e+02,6.459935894018e-02,-2.402323985012e-02,9.008160980980e+00
"                 457",-2.260583542923e+01,-1.392653186374e+01,1.673089400753e+02,-2.254103284364e+01,-1.395043317298e+01,1.763133084579e+02,6.480258558840e-02,-2.390130924595e-02,9.004368382585e+00
"                 458",-2.262082019989e+01,-1.388363459353e+01,1.673099947230e+02,-2.255559944483e+01,-1.390768429365e+01,1.763106342221e+02,6.522075506073e-02,-2.404970012410e-02,9.000639499177e+00
"                 459",-2.255780649107e+01,-1.385298772396e+01,1.673123756458e+02,-2.249225201675e+01,-1.387699099772e+01,1.763094152097e+02,6.555447431869e-02,-2.400327376362e-02,8.997039563835e+00
"                 460",-2.262861770112e+01,-1.377292604897e+01,1.673176422063e+02,-2.256270803115e+01,-1.379711562600e+01,1.763114956251e+02,6.590966997441e-02,-2.418957703314e-02,8.993853418803e+00
"                 461",-2.275893731851e+01,-1.365825255024e+01,1.673197056916e+02,-2.269268698382e+01,-1.368249836991e+01,1.763104523616e+02,6.625033468829e-02,-2.424581967202e-02,8.990746670062e+00
"                 462",-2.302359904652e+01,-1.353352189837e+01,1.673088885111e+02,-2.295687935187e+01,-1.355816271583e+01,1.762967048924e+02,6.671969464914e-02,-2.464081745984e-02,8.987816381340e+00
"                 463",-2.332898525942e+01,-1.342230033264e+01,1.672937509591e+02,-2.326192810285e+01,-1.344715108307e+01,1.762781533974e+02,6.705715657452e-02,-2.485075042873e-02,8.984402438343e+00
"                 464",-2.361995811248e+01,-1.349236017563e+01,1.672841022900e+02,-2.355256675038e+01,-1.351758430648e+01,1.762657980155e+02,6.739136210215e-02,-2.522413084509e-02,8.981695725490e+00
"                 465",-2.373866972894e+01,-1.351478372416e+01,1.672799728835e+02,-2.367113124366e+01,-1.354030325421e+01,1.762591577750e+02,6.753848528472e-02,-2.551953005119e-02,8.979184891538e+00
"                 466",-2.381006050728e+01,-1.346896914044e+01,1.672838434844e+02,-2.374229106267e+01,-1.349491850774e+01,1.762611114419e+02,6.776944461078e-02,-2.594936729957e-02,8.977267957584e+00
"                 467",-2.393463035844e+01,-1.325829332456e+01,1.672887990231e+02,-2.386668603964e+01,-1.328444364757e+01,1.762641469330e+02,6.794431880524e-02,-2.615032301551e-02,8.975347909905e+00
"                 468",-2.408430581506e+01,-1.298633080106e+01,1.672892294136e+02,-2.401623095890e+01,-1.301284208264e+01,1.762635199951e+02,6.807485615500e-02,-2.651128158066e-02,8.974290581533e+00
"                 469",-2.422876652305e+01,-1.274295399479e+01,1.672765641440e+02,-2.416082173687e+01,-1.276959532272e+01,1.762501866528e+02,6.794478618375e-02,-2.664132793518e-02,8.973622508881e+00
"                 470",-2.433486116027e+01,-1.267319771789e+01,1.672667025858e+02,-2.426688517476e+01,-1.270014519374e+01,1.762406214225e+02,6.797598550439e-02,-2.694747584961e-02,8.973918836712e+00
"                 471",-2.431696045119e+01,-1.263872219199e+01,1.672642452975e+02,-2.424904808531e+01,-1.266589396076e+01,1.762381180687e+02,6.791236587944e-02,-2.717176876341e-02,8.973872771204e+00
"                 472",-2.426409618175e+01,-1.245189818052e+01,1.672642018733e+02,-2.419594652950e+01,-1.247945325200e+01,1.762384891187e+02,6.814965224796e-02,-2.755507147782e-02,8.974287245445e+00
"                 473",-2.425545182740e+01,-1.220281389930e+01,1.672591437506e+02,-2.418726291132e+01,-1.223047354955e+01,1.762339440990e+02,6.818891607999e-02,-2.765965024938e-02,8.974800348379e+00
"                 474",-2.429023750379e+01,-1.184639262517e+01,1.672523766946e+02,-2.422200490565e+01,-1.187421650337e+01,1.762278989742e+02,6.823259813920e-02,-2.782387820032e-02,8.975522279644e+00
"                 475",-2.423861454304e+01,-1.146583209606e+01,1.672463537671e+02,-2.417040336691e+01,-1.149356067455e+01,1.762222494626e+02,6.821117613379e-02,-2.772857848855e-02,8.975895695520e+00
"                 476",-2.421153663063e+01,-1.127853795011e+01,1.672449022883e+02,-2.414318594026e+01,-1.130613534109e+01,1.762211635088e+02,6.835069036893e-02,-2.759739097366e-02,8.976261220528e+00
"                 477",-2.430604204795e+01,-1.107205998060e+01,1.672424371799e+02,-2.423776634177e+01,-1.109929559563e+01,1.762187719493e+02,6.827570617511e-02,-2.723561503061e-02,8.976334769395e+00
"                 478",-2.449370289329e+01,-1.078191869031e+01,1.672359682463e+02,-2.442543230102e+01,-1.080898219070e+01,1.762127467871e+02,6.827059226197e-02,-2.706350039250e-02,8.976778540817e+00
"                 479",-2.471819864085e+01,-1.046789447816e+01,1.672094319194e+02,-2.465017125648e+01,-1.049453132231e+01,1.761865954821e+02,6.802738436443e-02,-2.663684415131e-02,8.977163562660e+00
"                 480",-2.489320044591e+01,-1.015397733312e+01,1.671749132290e+02,-2.482519399895e+01,-1.018037723139e+01,1.761521290512e+02,6.800644695764e-02,-2.639989826574e-02,8.977215822212e+00
"                 481",-2.490187136386e+01,-9.703454707377e+00,1.671291547259e+02,-2.483418430130e+01,-9.729334522171e+00,1.761058149701e+02,6.768706255603e-02,-2.587981479374e-02,8.976660244258e+00
"                 482",-2.486223119946e+01,-9.220409079820e+00,1.670847901246e+02,-2.479474288194e+01,-9.245818439041e+00,1.760608735292e+02,6.748831752565e-02,-2.540935922088e-02,8.976083404638e+00
"                 483",-2.494110763192e+01,-8.770753769005e+00,1.670296726528e+02,-2.487407894463e+01,-8.795500422775e+00,1.760048726597e+02,6.702868728095e-02,-2.474665376944e-02,8.975200006956e+00
"                 484",-2.526129711386e+01,-8.397317614296e+00,1.669618843946e+02,-2.519463218074e+01,-8.421566102727e+00,1.759358900071e+02,6.666493311549e-02,-2.424848843127e-02,8.974005612456e+00
"                 485",-2.570890860959e+01,-8.052927380731e+00,1.668867808401e+02,-2.564297420225e+01,-8.076447928561e+00,1.758589535583e+02,6.593440734097e-02,-2.352054782997e-02,8.972172718206e+00
"                 486",-2.607852068436e+01,-7.823178220524e+00,1.668093443602e+02,-2.601322113485e+01,-7.846284536266e+00,1.757795235255e+02,6.529954950217e-02,-2.310631574179e-02,8.970179165321e+00
"                 487",-2.610900123770e+01,-7.651199867132e+00,1.667382955107e+02,-2.604472218748e+01,-7.673738076454e+00,1.757060908759e+02,6.427905022626e-02,-2.253820932156e-02,8.967795365227e+00
"                 488",-2.608310019688e+01,-7.445697089725e+00,1.666729909457e+02,-2.601957038019e+01,-7.467780305780e+00,1.756383380875e+02,6.352981668312e-02,-2.208321605441e-02,8.965347141760e+00
"                 489",-2.633978558564e+01,-7.145510064158e+00,1.666059270879e+02,-2.627711336360e+01,-7.167039103266e+00,1.755683280028e+02,6.267222203976e-02,-2.152903910794e-02,8.962400914903e+00
"                 490",-2.685623028979e+01,-6.874978191130e+00,1.665348794018e+02,-2.679438147394e+01,-6.896117524095e+00,1.754943423957e+02,6.184881585706e-02,-2.113933296498e-02,8.959462993946e+00
"                 491",-2.733753333387e+01,-6.654773291659e+00,1.664571429827e+02,-2.727693511643e+01,-6.675386764067e+00,1.754134952003e+02,6.059821744470e-02,-2.061347240733e-02,8.956352217623e+00
"                 492",-2.752839936603e+01,-6.564971870969e+00,1.663830872423e+02,-2.746888682796e+01,-6.585313963579e+00,1.753364211802e+02,5.951253807653e-02,-2.034209260985e-02,8.953333937903e+00
"                 493",-2.759431658194e+01,-6.548271285452e+00,1.663287420322e+02,-2.753606885958e+01,-6.568317296708e+00,1.752789996721e+02,5.824772235501e-02,-2.004601125506e-02,8.950257639901e+00
"                 494",-2.780054690974e+01,-6.518371168658e+00,1.662822565467e+02,-2.774321868084e+01,-6.538298286376e+00,1.752299854927e+02,5.732822890453e-02,-1.992711771770e-02,8.947728946004e+00
"                 495",-2.817209906224e+01,-6.445550408557e+00,1.662316388856e+02,-2.811606504602e+01,-6.465411212713e+00,1.751769878536e+02,5.603401621883e-02,-1.986080415633e-02,8.945348968053e+00
"                 496",-2.840388817918e+01,-6.395314426684e+00,1.661769093768e+02,-2.834883615262e+01,-6.415063021416e+00,1.751205520011e+02,5.505202656094e-02,-1.974859473150e-02,8.943642624364e+00
"                 497",-2.844909356503e+01,-6.417669905871e+00,1.661339525290e+02,-2.839543452820e+01,-6.437608074381e+00,1.750761874954e+02,5.365903682729e-02,-1.993816851062e-02,8.942234966333e+00
"                 498",-2.854852975875e+01,-6.460253014405e+00,1.660878766954e+02,-2.849588699599e+01,-6.480375002978e+00,1.750292330793e+02,5.264276276479e-02,-2.012198857253e-02,8.941356383882e+00
"                 499",-2.872503225823e+01,-6.590835641413e+00,1.660424056264e+02,-2.867375036182e+01,-6.611483868995e+00,1.749828004356e+02,5.128189641063e-02,-2.064822758218e-02,8.940394809193e+00
"                 500",-2.895425888515e+01,-6.781387065978e+00,1.659971542182e+02,-2.890394965965e+01,-6.802487666361e+00,1.749371018624e+02,5.030922550627e-02,-2.110060038311e-02,8.939947644115e+00
"                 501",-2.907027769896e+01,-7.039471586250e+00,1.659694450899e+02,-2.902133889666e+01,-7.061378917818e+00,1.749089911562e+02,4.893880229893e-02,-2.190733156723e-02,8.939546066320e+00
"                 502",-2.912391660873e+01,-7.426928934757e+00,1.659342569475e+02,-2.907589720444e+01,-7.449464088854e+00,1.748740534433e+02,4.801940428920e-02,-2.253515409720e-02,8.939796495771e+00
"                 503",-2.916821005534e+01,-7.925177423206e+00,1.659048253788e+02,-2.912119592291e+01,-7.948663242667e+00,1.748443165845e+02,4.701413243722e-02,-2.348581946095e-02,8.939491205744e+00
"                 504",-2.938996060694e+01,-8.246044519067e+00,1.658699380423e+02,-2.934343540868e+01,-8.270312981732e+00,1.748094962380e+02,4.652519826136e-02,-2.426846266479e-02,8.939558195683e+00
"                 505",-2.974089231311e+01,-8.546900386977e+00,1.658523121457e+02,-2.969519160381e+01,-8.572120139128e+00,1.747918416792e+02,4.570070930116e-02,-2.521975215087e-02,8.939529533515e+00
"                 506",-3.015191614577e+01,-8.777069953083e+00,1.658372520300e+02,-3.010671604130e+01,-8.802981722308e+00,1.747775798016e+02,4.520010446987e-02,-2.591176922516e-02,8.940327771581e+00
"                 507",-3.049090483589e+01,-9.082384653719e+00,1.658233608163e+02,-3.044651996940e+01,-9.109085947853e+00,1.747642597149e+02,4.438486648119e-02,-2.670129413400e-02,8.940898898564e+00
"                 508",-3.072050114676e+01,-9.593484942120e+00,1.657995547216e+02,-3.067649806325e+01,-9.620665041921e+00,1.747414587051e+02,4.400308351043e-02,-2.718009980089e-02,8.941903983558e+00
"                 509",-3.080515400288e+01,-1.022114486920e+01,1.657939850471e+02,-3.076177230875e+01,-1.024896471020e+01,1.747366014053e+02,4.338169412985e-02,-2.781984100802e-02,8.942616358268e+00
"                 510",-3.106872097026e+01,-1.083718726880e+01,1.658064242562e+02,-3.102555050831e+01,-1.086541859971e+01,1.747505920423e+02,4.317046194927e-02,-2.823133091161e-02,8.944167786070e+00
"                 511",-3.132563016704e+01,-1.132735390197e+01,1.658339032730e+02,-3.128291991680e+01,-1.135622377283e+01,1.747797125679e+02,4.271025023552e-02,-2.886987086135e-02,8.945809294844e+00
"                 512",-3.163129281381e+01,-1.152729253490e+01,1.658422691979e+02,-3.158851640618e+01,-1.155643271790e+01,1.747904254055e+02,4.277640762135e-02,-2.914018300200e-02,8.948156207618e+00
"                 513",-3.196460250398e+01,-1.169917677353e+01,1.658495554465e+02,-3.192204281028e+01,-1.172856010286e+01,1.747995677280e+02,4.255969370313e-02,-2.938332933207e-02,8.950012281538e+00
"                 514",-3.234700567603e+01,-1.202189388601e+01,1.658611106861e+02,-3.230420436328e+01,-1.205111013783e+01,1.748132532145e+02,4.280131274872e-02,-2.921625181748e-02,8.952142528445e+00
"                 515",-3.269950343466e+01,-1.254554763521e+01,1.658814313488e+02,-3.265692013287e+01,-1.257460115963e+01,1.748349429869e+02,4.258330178931e-02,-2.905352442694e-02,8.953511638114e+00
"                 516",-3.303257102833e+01,-1.308795433660e+01,1.658841091776e+02,-3.298972181598e+01,-1.311657441460e+01,1.748393341709e+02,4.284921235273e-02,-2.862007800172e-02,8.955224993315e+00
"                 517",-3.328083133887e+01,-1.359610945362e+01,1.658839982033e+02,-3.323807375590e+01,-1.362451156520e+01,1.748401833354e+02,4.275758297390e-02,-2.840211157519e-02,8.956185132145e+00
"                 518",-3.361533357278e+01,-1.411025288453e+01,1.658838603128e+02,-3.357201013068e+01,-1.413817718628e+01,1.748409435963e+02,4.332344209816e-02,-2.792430174381e-02,8.957083283493e+00
"                 519",-3.391534732877e+01,-1.455827379411e+01,1.658975365124e+02,-3.387181829821e+01,-1.458592079103e+01,1.748547590927e+02,4.352903056109e-02,-2.764699691834e-02,8.957222580328e+00
"                 520",-3.415052113854e+01,-1.492353969725e+01,1.659177824462e+02,-3.410621958436e+01,-1.495062271214e+01,1.748754103529e+02,4.430155418037e-02,-2.708301489008e-02,8.957627906722e+00
"                 521",-3.441118089394e+01,-1.507131138264e+01,1.659413392853e+02,-3.436632760751e+01,-1.509811733509e+01,1.748990582331e+02,4.485328643382e-02,-2.680595245797e-02,8.957718947759e+00
"                 522",-3.476158244498e+01,-1.537298219793e+01,1.659544251497e+02,-3.471559974244e+01,-1.539927822133e+01,1.749124972661e+02,4.598270254980e-02,-2.629602340419e-02,8.958072116438e+00
"                 523",-3.522428351381e+01,-1.575189551763e+01,1.659554479845e+02,-3.517770575257e+01,-1.577805094074e+01,1.749135281166e+02,4.657776124199e-02,-2.615542311232e-02,8.958080132095e+00
"                 524",-3.539736928393e+01,-1.623512544193e+01,1.659527454200e+02,-3.534984479503e+01,-1.626100381892e+01,1.749110370381e+02,4.752448890131e-02,-2.587837699032e-02,8.958291618046e+00
"                 525",-3.535573147335e+01,-1.677530535145e+01,1.659673146537e+02,-3.530770319793e+01,-1.680135961911e+01,1.749252307540e+02,4.802827541665e-02,-2.605426766009e-02,8.957916100226e+00
"                 526",-3.538519311780e+01,-1.719488519818e+01,1.659776271225e+02,-3.533620886266e+01,-1.722095474138e+01,1.749354364708e+02,4.898425513850e-02,-2.606954320852e-02,8.957809348278e+00
"                 527",-3.559087912307e+01,-1.747515856406e+01,1.659936478721e+02,-3.554146176616e+01,-1.750159076381e+01,1.749509396646e+02,4.941735691631e-02,-2.643219975686e-02,8.957291792510e+00
"                 528",-3.589467505702e+01,-1.779363775019e+01,1.659964672398e+02,-3.584450602623e+01,-1.782016521063e+01,1.749533964571e+02,5.016903078397e-02,-2.652746043318e-02,8.956929217257e+00
"                 529",-3.610914315712e+01,-1.801437976893e+01,1.659999891887e+02,-3.605880927255e+01,-1.804139516414e+01,1.749560116419e+02,5.033388457217e-02,-2.701539521065e-02,8.956022453154e+00
"                 530",-3.614160191127e+01,-1.807283498139e+01,1.659921340520e+02,-3.609075527748e+01,-1.810009931610e+01,1.749474226949e+02,5.084663378429e-02,-2.726433471553e-02,8.955288642911e+00
"                 531",-3.605265642554e+01,-1.813803461568e+01,1.659962558949e+02,-3.600162591411e+01,-1.816593348366e+01,1.749500296615e+02,5.103051143011e-02,-2.789886797497e-02,8.953773766569e+00
"                 532",-3.593886212782e+01,-1.843991242164e+01,1.659941128175e+02,-3.588713071771e+01,-1.846825621901e+01,1.749462775611e+02,5.173141010850e-02,-2.834379737508e-02,8.952164743660e+00
"                 533",-3.568168131717e+01,-1.890423543932e+01,1.659978771440e+02,-3.562961569732e+01,-1.893343624665e+01,1.749479419204e+02,5.206561984940e-02,-2.920080732969e-02,8.950064776412e+00
"                 534",-3.559531626973e+01,-1.927444342166e+01,1.659995197176e+02,-3.554248176693e+01,-1.930439087058e+01,1.749477991654e+02,5.283450279999e-02,-2.994744892091e-02,8.948279447830e+00
"                 535",-3.571418851886e+01,-1.933214483722e+01,1.660123385742e+02,-3.566108756769e+01,-1.936314070842e+01,1.749582815241e+02,5.310095116387e-02,-3.099587119471e-02,8.945942949979e+00
"                 536",-3.593623351346e+01,-1.943024101713e+01,1.660174952498e+02,-3.588255627276e+01,-1.946199090412e+01,1.749613596941e+02,5.367724069776e-02,-3.174988699773e-02,8.943864444310e+00
"                 537",-3.605402773903e+01,-1.975947132126e+01,1.660218196174e+02,-3.600037797969e+01,-1.979222413525e+01,1.749634003833e+02,5.364975934573e-02,-3.275281399186e-02,8.941580765947e+00
"                 538",-3.616540309530e+01,-2.014251720120e+01,1.660184358730e+02,-3.611154702291e+01,-2.017605998236e+01,1.749581261525e+02,5.385607239148e-02,-3.354278115346e-02,8.939690279441e+00
"                 539",-3.614175254631e+01,-2.037913813032e+01,1.660274327205e+02,-3.608812353662e+01,-2.041376040512e+01,1.749649028730e+02,5.362900968106e-02,-3.462227479771e-02,8.937470152446e+00
"                 540",-3.617319489069e+01,-2.065472726487e+01,1.660108843414e+02,-3.611934712653e+01,-2.069021735719e+01,1.749464127731e+02,5.384776415837e-02,-3.549009231268e-02,8.935528431753e+00
"                 541",-3.613120021024e+01,-2.114301076374e+01,1.659904789047e+02,-3.607755056914e+01,-2.117963789047e+01,1.749236811916e+02,5.364964109721e-02,-3.662712673301e-02,8.933202286861e+00
"                 542",-3.595033099929e+01,-2.163194498360e+01,1.659689941973e+02,-3.589649355529e+01,-2.166957415415e+01,1.749000274346e+02,5.383744400149e-02,-3.762917055207e-02,8.931033237307e+00
"                 543",-3.554671855011e+01,-2.196644062015e+01,1.659653879276e+02,-3.549300871022e+01,-2.200536529191e+01,1.748939896337e+02,5.370983989816e-02,-3.892467176127e-02,8.928601706055e+00
"                 544",-3.532483089224e+01,-2.204599722535e+01,1.659520584523e+02,-3.527073854541e+01,-2.208590832759e+01,1.748784638925e+02,5.409234682939e-02,-3.991110224138e-02,8.926405440257e+00
"                 545",-3.532339324497e+01,-2.207241810137e+01,1.659356554607e+02,-3.526931624872e+01,-2.211348333737e+01,1.748596783547e+02,5.407699624748e-02,-4.106523600335e-02,8.924022894045e+00
"                 546",-3.560744623825e+01,-2.236201287140e+01,1.659029343525e+02,-3.555321920434e+01,-2.240379803469e+01,1.748250777840e+02,5.422703390555e-02,-4.178516328413e-02,8.922143431532e+00
"                 547",-3.591670890997e+01,-2.280523301761e+01,1.658747848524e+02,-3.586298565597e+01,-2.284801477337e+01,1.747947948657e+02,5.372325399496e-02,-4.278175575496e-02,8.920010013317e+00
"                 548",-3.591400124976e+01,-2.309283225514e+01,1.658529001340e+02,-3.586059276708e+01,-2.313630046670e+01,1.747711272066e+02,5.340848267844e-02,-4.346821156564e-02,8.918227072659e+00
"                 549",-3.566116201868e+01,-2.323153564939e+01,1.658564418272e+02,-3.560839530435e+01,-2.327596437184e+01,1.747726303978e+02,5.276671433349e-02,-4.442872245021e-02,8.916188570624e+00
"                 550",-3.539888776112e+01,-2.327312278164e+01,1.658645966062e+02,-3.534631208845e+01,-2.331800469266e+01,1.747795323679e+02,5.257567267081e-02,-4.488191101664e-02,8.914935761701e+00
"                 551",-3.511866655296e+01,-2.335027834471e+01,1.658745172494e+02,-3.506646749721e+01,-2.339584813436e+01,1.747884575498e+02,5.219905574975e-02,-4.556978965037e-02,8.913940300449e+00
"                 552",-3.492240919218e+01,-2.366061482549e+01,1.658675479394e+02,-3.487012845512e+01,-2.370646914626e+01,1.747813952127e+02,5.228073705703e-02,-4.585432077929e-02,8.913847273283e+00
"                 553",-3.488627341778e+01,-2.406955166843e+01,1.658636723988e+02,-3.483403381996e+01,-2.411611203063e+01,1.747775698760e+02,5.223959781620e-02,-4.656036219343e-02,8.913897477158e+00
"                 554",-3.491540060861e+01,-2.425558187400e+01,1.658450350729e+02,-3.486280649337e+01,-2.430240535405e+01,1.747595001120e+02,5.259411523714e-02,-4.682348004602e-02,8.914465039097e+00
"                 555",-3.494377560882e+01,-2.432894027329e+01,1.658434723857e+02,-3.489124962720e+01,-2.437631957963e+01,1.747581097471e+02,5.252598162182e-02,-4.737930634106e-02,8.914637361380e+00
"                 556",-3.492119395289e+01,-2.441706240069e+01,1.658591751581e+02,-3.486845265606e+01,-2.446441172927e+01,1.747743148373e+02,5.274129682879e-02,-4.734932857285e-02,8.915139679203e+00
"                 557",-3.482182351672e+01,-2.456454356309e+01,1.658906506455e+02,-3.476923827909e+01,-2.461211143444e+01,1.748064652539e+02,5.258523763308e-02,-4.756787135639e-02,8.915814608453e+00
"                 558",-3.470853690650e+01,-2.487235531714e+01,1.659180552791e+02,-3.465560403498e+01,-2.491963621341e+01,1.748351759817e+02,5.293287151385e-02,-4.728089626859e-02,8.917120702675e+00
"                 559",-3.454347433866e+01,-2.515606294937e+01,1.659422640330e+02,-3.449045031283e+01,-2.520338167555e+01,1.748606401923e+02,5.302402582963e-02,-4.731872618047e-02,8.918376159262e+00
"                 560",-3.451737146869e+01,-2.531122524919e+01,1.659538691022e+02,-3.446387109087e+01,-2.535807872052e+01,1.748736678485e+02,5.350037781622e-02,-4.685347133645e-02,8.919798746232e+00
"                 561",-3.467379511956e+01,-2.536422432221e+01,1.659680127884e+02,-3.462022272468e+01,-2.541091238096e+01,1.748889962177e+02,5.357239488330e-02,-4.668805875498e-02,8.920983429324e+00
"                 562",-3.490428145351e+01,-2.544060084681e+01,1.659866012396e+02,-3.485036978466e+01,-2.548670504868e+01,1.749089597810e+02,5.391166885321e-02,-4.610420186995e-02,8.922358541449e+00
"                 563",-3.493604096564e+01,-2.573256720973e+01,1.660174193360e+02,-3.488217550997e+01,-2.577849414072e+01,1.749407770373e+02,5.386545567509e-02,-4.592693099272e-02,8.923357701296e+00
"                 564",-3.495441016993e+01,-2.614647307713e+01,1.660427292121e+02,-3.490028052028e+01,-2.619186114395e+01,1.749670373074e+02,5.412964964042e-02,-4.538806682350e-02,8.924308095296e+00
"                 565",-3.504896381235e+01,-2.646736646946e+01,1.660628761625e+02,-3.499487885745e+01,-2.651268229000e+01,1.749876713627e+02,5.408495490301e-02,-4.531582053893e-02,8.924795200192e+00
"                 566",-3.517705059434e+01,-2.656009383632e+01,1.660734384088e+02,-3.512280529867e+01,-2.660495491701e+01,1.749986215921e+02,5.424529566571e-02,-4.486108069014e-02,8.925183183297e+00
"                 567",-3.513526608029e+01,-2.662782763833e+01,1.660958331960e+02,-3.508116862452e+01,-2.667261310643e+01,1.750208630853e+02,5.409745577682e-02,-4.478546810984e-02,8.925029889231e+00
"                 568",-3.506276342928e+01,-2.680785514817e+01,1.661305480269e+02,-3.500859783377e+01,-2.685215315674e+01,1.750553667988e+02,5.416559551390e-02,-4.429800856873e-02,8.924818771835e+00
"                 569",-3.498290036638e+01,-2.710105677382e+01,1.661768788428e+02,-3.492889098964e+01,-2.714531959813e+01,1.751014232749e+02,5.400937673691e-02,-4.426282430641e-02,8.924544432028e+00
"                 570",-3.507784706058e+01,-2.730617470632e+01,1.662027986922e+02,-3.502378178535e+01,-2.735017734452e+01,1.751274910803e+02,5.406527522432e-02,-4.400263819361e-02,8.924692388107e+00
"                 571",-3.520659702223e+01,-2.737517148326e+01,1.662238628765e+02,-3.515273735920e+01,-2.741922167194e+01,1.751484423230e+02,5.385966302214e-02,-4.405018868302e-02,8.924579446575e+00
"                 572",-3.521344318809e+01,-2.749312461603e+01,1.662376520312e+02,-3.515962989881e+01,-2.753684844855e+01,1.751623111600e+02,5.381328927811e-02,-4.372383251645e-02,8.924659128764e+00
"                 573",-3.520128596040e+01,-2.755280979123e+01,1.662635676597e+02,-3.514772064507e+01,-2.759670554651e+01,1.751881192006e+02,5.356531532199e-02,-4.389575527981e-02,8.924551540852e+00
"                 574",-3.519891736305e+01,-2.768767905179e+01,1.662856529047e+02,-3.514549137228e+01,-2.773127429870e+01,1.752104439784e+02,5.342599077416e-02,-4.359524691127e-02,8.924791073746e+00
"                 575",-3.513748513313e+01,-2.774308787609e+01,1.663213383758e+02,-3.508439317494e+01,-2.778683067160e+01,1.752461442071e+02,5.309195818772e-02,-4.374279550682e-02,8.924805831336e+00
"                 576",-3.517992961593e+01,-2.792684212154e+01,1.663657838817e+02,-3.512693376481e+01,-2.797032696553e+01,1.752909943951e+02,5.299585111710e-02,-4.348484398582e-02,8.925210513395e+00
"                 577",-3.515933339890e+01,-2.816549131387e+01,1.664076078520e+02,-3.510668867701e+01,-2.820919262486e+01,1.753332225758e+02,5.264472188851e-02,-4.370131099280e-02,8.925614723765e+00
"                 578",-3.515398965193e+01,-2.827065065504e+01,1.664333111521e+02,-3.510148233394e+01,-2.831421767424e+01,1.753596383272e+02,5.250731799104e-02,-4.356701919226e-02,8.926327175116e+00
"                 579",-3.508046984521e+01,-2.814447874195e+01,1.664502508100e+02,-3.502829933390e+01,-2.818827800133e+01,1.753771289937e+02,5.217051131317e-02,-4.379925938517e-02,8.926878183669e+00
"                 580",-3.519500378458e+01,-2.798947490623e+01,1.664587258763e+02,-3.514285103328e+01,-2.803326067679e+01,1.753865149747e+02,5.215275130106e-02,-4.378577056494e-02,8.927789098350e+00
"                 581",-3.526110547665e+01,-2.795236765354e+01,1.664877399844e+02,-3.520912158149e+01,-2.799648709798e+01,1.754161264562e+02,5.198389515736e-02,-4.411944443781e-02,8.928386471778e+00
"                 582",-3.535098045341e+01,-2.798320025874e+01,1.665328438341e+02,-3.529882071643e+01,-2.802739214776e+01,1.754621745129e+02,5.215973697232e-02,-4.419188902060e-02,8.929330678838e+00
"                 583",-3.538028094018e+01,-2.808295434789e+01,1.665870564247e+02,-3.532817245337e+01,-2.812759330581e+01,1.755173621854e+02,5.210848680722e-02,-4.463895792005e-02,8.930305760730e+00
"                 584",-3.533101842230e+01,-2.820032236327e+01,1.666243909632e+02,-3.527870403754e+01,-2.824502147132e+01,1.755559986391e+02,5.231438475896e-02,-4.469910804204e-02,8.931607675975e+00
"                 585",-3.511172785179e+01,-2.828905441378e+01,1.666469696458e+02,-3.505944893651e+01,-2.833414055563e+01,1.755799310053e+02,5.227891528014e-02,-4.508614184618e-02,8.932961359462e+00
"                 586",-3.503755629435e+01,-2.825972969220e+01,1.666628617596e+02,-3.498488616520e+01,-2.830493620738e+01,1.755976137387e+02,5.267012914362e-02,-4.520651517267e-02,8.934751979187e+00
"                 587",-3.501079917903e+01,-2.811133637514e+01,1.666862075831e+02,-3.495789905358e+01,-2.815682484647e+01,1.756226104492e+02,5.290012544771e-02,-4.548847133475e-02,8.936402866111e+00
"                 588",-3.516603878040e+01,-2.808016470894e+01,1.667183046780e+02,-3.511254871143e+01,-2.812556352434e+01,1.756570236809e+02,5.349006897176e-02,-4.539881540464e-02,8.938719002911e+00
"                 589",-3.526713622959e+01,-2.817058584792e+01,1.667519675525e+02,-3.521334895300e+01,-2.821619142296e+01,1.756931631007e+02,5.378727659582e-02,-4.560557503649e-02,8.941195548218e+00
"                 590",-3.527027014515e+01,-2.820494613882e+01,1.667835649907e+02,-3.521582965515e+01,-2.825033154202e+01,1.757277196563e+02,5.444049000095e-02,-4.538540320332e-02,8.944154665591e+00
"                 591",-3.511891730506e+01,-2.815124963943e+01,1.668174689194e+02,-3.506408015899e+01,-2.819668654044e+01,1.757646186453e+02,5.483714606892e-02,-4.543690100577e-02,8.947149725887e+00
"                 592",-3.487358964186e+01,-2.800594968875e+01,1.668345864977e+02,-3.481794288411e+01,-2.805089633591e+01,1.757851869861e+02,5.564675774163e-02,-4.494664716333e-02,8.950600488427e+00
"                 593",-3.468786919936e+01,-2.790579584971e+01,1.668653004118e+02,-3.463159160885e+01,-2.795039222013e+01,1.758188802700e+02,5.627759051409e-02,-4.459637041718e-02,8.953579858193e+00
"                 594",-3.471755894258e+01,-2.788047965848e+01,1.668913402942e+02,-3.466034385596e+01,-2.792421108266e+01,1.758481312814e+02,5.721508661991e-02,-4.373142417493e-02,8.956790987163e+00
"                 595",-3.479951946199e+01,-2.776612372457e+01,1.669165368986e+02,-3.474180450782e+01,-2.780914464277e+01,1.758764120728e+02,5.771495417057e-02,-4.302091820437e-02,8.959875174213e+00
"                 596",-3.475101388247e+01,-2.762626932398e+01,1.669353868998e+02,-3.469258502547e+01,-2.766811101905e+01,1.758983498331e+02,5.842885699389e-02,-4.184169507730e-02,8.962962933247e+00
"                 597",-3.453702636159e+01,-2.757486427906e+01,1.669759834752e+02,-3.447820158480e+01,-2.761576382904e+01,1.759416856634e+02,5.882477678861e-02,-4.089954997612e-02,8.965702188195e+00
"                 598",-3.432480419119e+01,-2.752226455762e+01,1.670225337400e+02,-3.426523034252e+01,-2.756179843746e+01,1.759914083892e+02,5.957384866223e-02,-3.953387984354e-02,8.968874649176e+00
"                 599",-3.409182347575e+01,-2.750179787891e+01,1.670695780870e+02,-3.403180613031e+01,-2.754032588871e+01,1.760413203049e+02,6.001734543823e-02,-3.852800980053e-02,8.971742217885e+00
"                 600",-3.392195849471e+01,-2.744669861027e+01,1.670970596369e+02,-3.386119653159e+01,-2.748402408879e+01,1.760720037547e+02,6.076196312129e-02,-3.732547851959e-02,8.974944117747e+00
"                 601",-3.394728047744e+01,-2.743617319608e+01,1.671284798374e+02,-3.388615886890e+01,-2.747266873365e+01,1.761062102331e+02,6.112160854358e-02,-3.649553756209e-02,8.977730395693e+00
"                 602",-3.411074539401e+01,-2.748072656365e+01,1.671675310430e+02,-3.404898556902e+01,-2.751618682497e+01,1.761481837852e+02,6.175982499134e-02,-3.546026131382e-02,8.980652742138e+00
"                 603",-3.426095095484e+01,-2.759321859105e+01,1.672196006128e+02,-3.419904087848e+01,-2.762811317897e+01,1.762026551577e+02,6.191007635522e-02,-3.489458792067e-02,8.983054544835e+00
"                 604",-3.419658193471e+01,-2.759948644619e+01,1.672781850945e+02,-3.413440133925e+01,-2.763373156962e+01,1.762639721087e+02,6.218059545321e-02,-3.424512343473e-02,8.985787014211e+00
"                 605",-3.390892404002e+01,-2.743820758063e+01,1.673373494052e+02,-3.384694275208e+01,-2.747219421397e+01,1.763256535454e+02,6.198128794238e-02,-3.398663334156e-02,8.988304140209e+00
"                 606",-3.361390476001e+01,-2.744383001895e+01,1.673816868974e+02,-3.355178636239e+01,-2.747751385609e+01,1.763725868331e+02,6.211839762371e-02,-3.368383714345e-02,8.990899935749e+00
"                 607",-3.347387332672e+01,-2.770644930366e+01,1.674318602991e+02,-3.341185632349e+01,-2.774019738210e+01,1.764245365857e+02,6.201700322677e-02,-3.374807843979e-02,8.992676286615e+00
"                 608",-3.354305921620e+01,-2.792753937604e+01,1.674982643349e+02,-3.348090251296e+01,-2.796141531387e+01,1.764926946223e+02,6.215670324101e-02,-3.387593782952e-02,8.994430287362e+00
"                 609",-3.353855334231e+01,-2.804830661856e+01,1.675655783295e+02,-3.347665146477e+01,-2.808275945927e+01,1.765613317508e+02,6.190187754358e-02,-3.445284071127e-02,8.995753421222e+00
"                 610",-3.340209900854e+01,-2.818149097121e+01,1.676182700276e+02,-3.334026798917e+01,-2.821652260775e+01,1.766154798637e+02,6.183101937068e-02,-3.503163653873e-02,8.997209836101e+00
"                 611",-3.333639526872e+01,-2.823932420945e+01,1.676809997390e+02,-3.327485939402e+01,-2.827516882922e+01,1.766789520461e+02,6.153587469981e-02,-3.584461977181e-02,8.997952307158e+00
"                 612",-3.334741929535e+01,-2.827842037213e+01,1.677548832647e+02,-3.328595337762e+01,-2.831502783605e+01,1.767537182269e+02,6.146591772783e-02,-3.660746392318e-02,8.998834962222e+00
"                 613",-3.337612499264e+01,-2.837149150926e+01,1.678470198415e+02,-3.331494957651e+01,-2.840913003864e+01,1.768465513081e+02,6.117541613409e-02,-3.763852937767e-02,8.999531466642e+00
"                 614",-3.331229233006e+01,-2.868477803697e+01,1.679269428500e+02,-3.325126686899e+01,-2.872344425875e+01,1.769275802642e+02,6.102546106917e-02,-3.866622177710e-02,9.000637414126e+00
"                 615",-3.324682235867e+01,-2.912643965406e+01,1.679926892854e+02,-3.318616468568e+01,-2.916644307816e+01,1.769939978923e+02,6.065767298478e-02,-4.000342410362e-02,9.001308606977e+00
"                 616",-3.330921754695e+01,-2.946383028516e+01,1.680448983350e+02,-3.324884622451e+01,-2.950514157775e+01,1.770469503045e+02,6.037132244374e-02,-4.131129259232e-02,9.002051969453e+00
"                 617",-3.344806823724e+01,-2.958619829662e+01,1.681040946223e+02,-3.338824101430e+01,-2.962894353694e+01,1.771064389182e+02,5.982722294049e-02,-4.274524032146e-02,9.002344295847e+00
"                 618",-3.369510311500e+01,-2.970211697685e+01,1.681620750452e+02,-3.363577307447e+01,-2.974616725901e+01,1.771646832341e+02,5.933004053375e-02,-4.405028215229e-02,9.002608188940e+00
"                 619",-3.392495950832e+01,-3.002606611794e+01,1.682198271525e+02,-3.386641798696e+01,-3.007166469278e+01,1.772220582233e+02,5.854152136039e-02,-4.559857484224e-02,9.002231070790e+00
"                 620",-3.401411835447e+01,-3.047388454627e+01,1.682790106856e+02,-3.395629624702e+01,-3.052102620034e+01,1.772811180312e+02,5.782210745284e-02,-4.714165407022e-02,9.002107345656e+00
"                 621",-3.398319724899e+01,-3.067144461158e+01,1.683424435522e+02,-3.392620219319e+01,-3.072035987722e+01,1.773444534094e+02,5.699505580178e-02,-4.891526564137e-02,9.002009857201e+00
"                 622",-3.408810555584e+01,-3.067658039304e+01,1.684059639449e+02,-3.403173712866e+01,-3.072700579267e+01,1.774082592799e+02,5.636842717846e-02,-5.042539963219e-02,9.002295334940e+00
"                 623",-3.423296499102e+01,-3.072752633621e+01,1.684586177353e+02,-3.417729953798e+01,-3.077943138491e+01,1.774613070125e+02,5.566545304241e-02,-5.190504869878e-02,9.002689277179e+00
"                 624",-3.427956119023e+01,-3.097475121060e+01,1.685056928689e+02,-3.422437441415e+01,-3.102789613990e+01,1.775091257672e+02,5.518677608000e-02,-5.314492930075e-02,9.003432898317e+00
"                 625",-3.412505966449e+01,-3.133483005100e+01,1.685576435980e+02,-3.407052361457e+01,-3.138927435439e+01,1.775615448799e+02,5.453604992427e-02,-5.444430339362e-02,9.003901281904e+00
"                 626",-3.419051421777e+01,-3.164175772281e+01,1.686184537698e+02,-3.413638464730e+01,-3.169708728793e+01,1.776229199641e+02,5.412957046950e-02,-5.532956511571e-02,9.004466194251e+00
"                 627",-3.450723906076e+01,-3.182412037977e+01,1.686920914008e+02,-3.445370087395e+01,-3.188027932399e+01,1.776972882600e+02,5.353818681003e-02,-5.615894421261e-02,9.005196859230e+00
"                 628",-3.464893123086e+01,-3.197448143196e+01,1.687615158133e+02,-3.459590417872e+01,-3.203097461620e+01,1.777678647025e+02,5.302705214477e-02,-5.649318424658e-02,9.006348889230e+00
"                 629",-3.463691234612e+01,-3.201968811155e+01,1.688062259886e+02,-3.458448906998e+01,-3.207648691269e+01,1.778142032023e+02,5.242327613524e-02,-5.679880114016e-02,9.007977213679e+00
"                 630",-3.455569690864e+01,-3.198761627218e+01,1.688468395157e+02,-3.450342060602e+01,-3.204433862794e+01,1.778570035593e+02,5.227630261292e-02,-5.672235576557e-02,9.010164043614e+00
"                 631",-3.449542773817e+01,-3.207303026144e+01,1.688906371833e+02,-3.444327008007e+01,-3.212970671794e+01,1.779029992871e+02,5.215765809706e-02,-5.667645649941e-02,9.012362103785e+00
"                 632",-3.467480908229e+01,-3.231619868917e+01,1.689275690926e+02,-3.462250396123e+01,-3.237245309463e+01,1.779422320139e+02,5.230512105897e-02,-5.625440545946e-02,9.014662921339e+00
"                 633",-3.484163142726e+01,-3.255063336703e+01,1.689485518312e+02,-3.478935575822e+01,-3.260657579411e+01,1.779654330309e+02,5.227566904045e-02,-5.594242707876e-02,9.016881199759e+00
"                 634",-3.494939664147e+01,-3.256504579316e+01,1.689539222728e+02,-3.489692992845e+01,-3.262017065464e+01,1.779730344232e+02,5.246671301962e-02,-5.512486147912e-02,9.019112150441e+00
"                 635",-3.494529159763e+01,-3.241134949162e+01,1.689618316914e+02,-3.489271838612e+01,-3.246568646150e+01,1.779827480634e+02,5.257321150150e-02,-5.433696987188e-02,9.020916371979e+00
"                 636",-3.498869559088e+01,-3.228396750008e+01,1.689821337687e+02,-3.493574731510e+01,-3.233693474527e+01,1.780049227062e+02,5.294827578445e-02,-5.296724519672e-02,9.022788937432e+00
"                 637",-3.509845207619e+01,-3.217706996970e+01,1.690059910757e+02,-3.504529641854e+01,-3.222882160984e+01,1.780307551182e+02,5.315565764851e-02,-5.175164013767e-02,9.024764042481e+00
"                 638",-3.529413719249e+01,-3.226088535976e+01,1.690135630776e+02,-3.524057972824e+01,-3.231094143837e+01,1.780405021100e+02,5.355746424633e-02,-5.005607861173e-02,9.026939032363e+00
"                 639",-3.554753902572e+01,-3.240303849177e+01,1.690101176918e+02,-3.549375454078e+01,-3.245180114279e+01,1.780388879784e+02,5.378448494665e-02,-4.876265102196e-02,9.028770286618e+00
"                 640",-3.574536362146e+01,-3.238626303763e+01,1.689992236798e+02,-3.569115992784e+01,-3.243339674915e+01,1.780296437553e+02,5.420369362366e-02,-4.713371152301e-02,9.030420075474e+00
"                 641",-3.586573779372e+01,-3.216124756052e+01,1.689994703657e+02,-3.581124993508e+01,-3.220697804835e+01,1.780312941524e+02,5.448785863966e-02,-4.573048782963e-02,9.031823786718e+00
"                 642",-3.606130809208e+01,-3.196206998406e+01,1.690000296672e+02,-3.600622940757e+01,-3.200605548913e+01,1.780330779694e+02,5.507868450527e-02,-4.398550507509e-02,9.033048302174e+00
"                 643",-3.632643460226e+01,-3.181322010466e+01,1.689959318229e+02,-3.627100342547e+01,-3.185581636480e+01,1.780299937781e+02,5.543117678427e-02,-4.259626014616e-02,9.034061955157e+00
"                 644",-3.651195361879e+01,-3.173957329692e+01,1.689753569122e+02,-3.645606229626e+01,-3.178051551793e+01,1.780100093892e+02,5.589132252067e-02,-4.094222101506e-02,9.034652477039e+00
"                 645",-3.647255011338e+01,-3.170801737507e+01,1.689388850276e+02,-3.641652302774e+01,-3.174772367794e+01,1.779736867341e+02,5.602708564210e-02,-3.970630286385e-02,9.034801706540e+00
"                 646",-3.635020450844e+01,-3.177225913629e+01,1.688888355083e+02,-3.629379234166e+01,-3.181068425953e+01,1.779233510415e+02,5.641216678097e-02,-3.842512323642e-02,9.034515533222e+00
"                 647",-3.628882472348e+01,-3.171838302703e+01,1.688392238741e+02,-3.623231644262e+01,-3.175584271476e+01,1.778727032384e+02,5.650828085241e-02,-3.745968773090e-02,9.033479364317e+00
"                 648",-3.647695503604e+01,-3.150276929074e+01,1.687888777473e+02,-3.642010445616e+01,-3.153904527861e+01,1.778212540626e+02,5.685057988438e-02,-3.627598787647e-02,9.032376315295e+00
"                 649",-3.668553664106e+01,-3.115437801252e+01,1.687404454311e+02,-3.662877555593e+01,-3.118995834326e+01,1.777715155331e+02,5.676108512926e-02,-3.558033074263e-02,9.031070102071e+00
"                 650",-3.686190365620e+01,-3.094512342578e+01,1.686906172673e+02,-3.680517925266e+01,-3.097975741112e+01,1.777205525702e+02,5.672440353750e-02,-3.463398534128e-02,9.029935302981e+00
"                 651",-3.692342773918e+01,-3.079911893910e+01,1.686571478395e+02,-3.686706455898e+01,-3.083335023857e+01,1.776857465529e+02,5.636318019699e-02,-3.423129947413e-02,9.028598713420e+00
"                 652",-3.686882158233e+01,-3.071011066576e+01,1.686181682518e+02,-3.681272675967e+01,-3.074390084471e+01,1.776458718420e+02,5.609482266488e-02,-3.379017895023e-02,9.027703590181e+00
"                 653",-3.684053329626e+01,-3.045453671839e+01,1.685709694908e+02,-3.678498382765e+01,-3.048830137847e+01,1.775980290894e+02,5.554946860894e-02,-3.376466008422e-02,9.027059598508e+00
"                 654",-3.694262649960e+01,-3.013619297787e+01,1.685118531957e+02,-3.688742659499e+01,-3.016966265301e+01,1.775388833311e+02,5.519990461208e-02,-3.346967513582e-02,9.027030135411e+00
"                 655",-3.716808490212e+01,-2.977924385629e+01,1.684508916828e+02,-3.711352157660e+01,-2.981277230407e+01,1.774777774036e+02,5.456332552557e-02,-3.352844778196e-02,9.026885720801e+00
"                 656",-3.740181430386e+01,-2.960736254882e+01,1.683816719311e+02,-3.734783440365e+01,-2.964054375203e+01,1.774086840032e+02,5.397990020552e-02,-3.318120320819e-02,9.027012072117e+00
"                 657",-3.742231995027e+01,-2.954307452834e+01,1.683168670069e+02,-3.736929164954e+01,-2.957631567921e+01,1.773438903478e+02,5.302830072799e-02,-3.324115087060e-02,9.027023340980e+00
"                 658",-3.742081859269e+01,-2.930853460501e+01,1.682559711349e+02,-3.736846893162e+01,-2.934158505130e+01,1.772835813319e+02,5.234966107852e-02,-3.305044629381e-02,9.027610197000e+00
"                 659",-3.736500031827e+01,-2.887868370306e+01,1.681978817509e+02,-3.731359352342e+01,-2.891189494899e+01,1.772260283017e+02,5.140679485574e-02,-3.321124592867e-02,9.028146550729e+00
"                 660",-3.743954206390e+01,-2.833214803663e+01,1.681289866163e+02,-3.738874921742e+01,-2.836516929333e+01,1.771579788204e+02,5.079284648053e-02,-3.302125670005e-02,9.028992204086e+00
"                 661",-3.759130064124e+01,-2.779193415241e+01,1.680535850847e+02,-3.754128928301e+01,-2.782513635981e+01,1.770832075723e+02,5.001135822527e-02,-3.320220740345e-02,9.029622487585e+00
"                 662",-3.778563961355e+01,-2.738247010766e+01,1.679583516372e+02,-3.773608656062e+01,-2.741557038239e+01,1.769886996776e+02,4.955305293806e-02,-3.310027472288e-02,9.030348040457e+00
"                 663",-3.797041033774e+01,-2.711563120205e+01,1.678552980546e+02,-3.792143404327e+01,-2.714902079152e+01,1.768858078024e+02,4.897629446678e-02,-3.338958946986e-02,9.030509747835e+00
"                 664",-3.819072870144e+01,-2.690239120129e+01,1.677511849495e+02,-3.814206754772e+01,-2.693578217389e+01,1.767818083978e+02,4.866115372376e-02,-3.339097259656e-02,9.030623448369e+00
"                 665",-3.828210370307e+01,-2.662315793274e+01,1.676587497168e+02,-3.823400162812e+01,-2.665690376382e+01,1.766891781483e+02,4.810207495609e-02,-3.374583107472e-02,9.030428431513e+00
"                 666",-3.847456766819e+01,-2.626992828878e+01,1.675645184287e+02,-3.842672204686e+01,-2.630377832451e+01,1.765948007125e+02,4.784562132671e-02,-3.385003572922e-02,9.030282283842e+00
"                 667",-3.870773818411e+01,-2.599148546394e+01,1.674808547467e+02,-3.866033215770e+01,-2.602575179615e+01,1.765104729063e+02,4.740602641610e-02,-3.426633220958e-02,9.029618159585e+00
"                 668",-3.888147095042e+01,-2.575765424440e+01,1.674030244479e+02,-3.883424653688e+01,-2.579221273141e+01,1.764321070016e+02,4.722441353595e-02,-3.455848700917e-02,9.029082553735e+00
"                 669",-3.897405144500e+01,-2.542265592617e+01,1.673239224153e+02,-3.892705155472e+01,-2.545773832536e+01,1.763524949672e+02,4.699989027773e-02,-3.508239919385e-02,9.028572551937e+00
"                 670",-3.909498171131e+01,-2.503571960840e+01,1.672392693202e+02,-3.904783930314e+01,-2.507113126623e+01,1.762676863286e+02,4.714240816888e-02,-3.541165783227e-02,9.028417008440e+00
"                 671",-3.934280192353e+01,-2.464158021955e+01,1.671489245901e+02,-3.929563408068e+01,-2.467757167498e+01,1.761768981627e+02,4.716784284241e-02,-3.599145543213e-02,9.027973572643e+00
"                 672",-3.966889739396e+01,-2.429984239405e+01,1.670503969102e+02,-3.962146673480e+01,-2.433617602164e+01,1.760779960848e+02,4.743065915679e-02,-3.633362758403e-02,9.027599174689e+00
"                 673",-3.991819332101e+01,-2.405216598965e+01,1.669639962028e+02,-3.987075279873e+01,-2.408904432022e+01,1.759908180085e+02,4.744052227402e-02,-3.687833056764e-02,9.026821805688e+00
"                 674",-4.010084814846e+01,-2.378021955218e+01,1.668836822866e+02,-4.005321537678e+01,-2.381732838111e+01,1.759098076308e+02,4.763277168237e-02,-3.710882892857e-02,9.026125344220e+00
"                 675",-4.035468848436e+01,-2.355126921146e+01,1.668031125051e+02,-4.030704928583e+01,-2.358873534184e+01,1.758281013805e+02,4.763919853243e-02,-3.746613038285e-02,9.024988875360e+00
"                 676",-4.061639829273e+01,-2.333665552139e+01,1.667134242656e+02,-4.056867340910e+01,-2.337410822669e+01,1.757372750867e+02,4.772488363029e-02,-3.745270530429e-02,9.023850821068e+00
"                 677",-4.085756516132e+01,-2.306479641476e+01,1.666256341871e+02,-4.081001056117e+01,-2.310238845140e+01,1.756477511909e+02,4.755460014936e-02,-3.759203663185e-02,9.022117003786e+00
"                 678",-4.110131230195e+01,-2.272922429254e+01,1.665357972438e+02,-4.105383689212e+01,-2.276659029644e+01,1.755558042802e+02,4.747540982077e-02,-3.736600390162e-02,9.020007036391e+00
"                 679",-4.146201260623e+01,-2.236817967400e+01,1.664548419113e+02,-4.141480153090e+01,-2.240542364196e+01,1.754719588642e+02,4.721107533492e-02,-3.724396795459e-02,9.017116952965e+00
"                 680",-4.187446617405e+01,-2.206424515179e+01,1.663825447982e+02,-4.182737999740e+01,-2.210110231101e+01,1.753962662394e+02,4.708617665856e-02,-3.685715922151e-02,9.013721441256e+00
"                 681",-4.211624499160e+01,-2.187239898175e+01,1.663159529006e+02,-4.206945462340e+01,-2.190908115236e+01,1.753256639952e+02,4.679036820373e-02,-3.668217061262e-02,9.009711094624e+00
"                 682",-4.228584921864e+01,-2.177300201004e+01,1.662454759042e+02,-4.223923824333e+01,-2.180947903765e+01,1.752507454943e+02,4.661097530883e-02,-3.647702760835e-02,9.005269590122e+00
"                 683",-4.230247330920e+01,-2.158498856445e+01,1.661836514253e+02,-4.225615642089e+01,-2.162152842818e+01,1.751838833360e+02,4.631688830831e-02,-3.653986372890e-02,9.000231910780e+00
"                 684",-4.252306202156e+01,-2.130209200491e+01,1.661202420062e+02,-4.247686311064e+01,-2.133854421368e+01,1.751149454494e+02,4.619891091616e-02,-3.645220876572e-02,8.994703443280e+00
"                 685",-4.285568925634e+01,-2.103811603698e+01,1.660664262148e+02,-4.280991486426e+01,-2.107448261776e+01,1.750545683588e+02,4.577439208396e-02,-3.636658078655e-02,8.988142143964e+00
"                 686",-4.322301601478e+01,-2.079975821195e+01,1.660242712321e+02,-4.317763882570e+01,-2.083582823309e+01,1.750052513836e+02,4.537718907546e-02,-3.607002113495e-02,8.980980151444e+00
"                 687",-4.328607275535e+01,-2.058701543825e+01,1.659974828646e+02,-4.324123195840e+01,-2.062288236774e+01,1.749709676894e+02,4.484079694982e-02,-3.586692948850e-02,8.973484824785e+00
"                 688",-4.335139446041e+01,-2.033065820301e+01,1.659623101444e+02,-4.330691468430e+01,-2.036610828159e+01,1.749287383325e+02,4.447977610825e-02,-3.545007858250e-02,8.966428188175e+00
"                 689",-4.345140786867e+01,-2.012461800886e+01,1.659308680019e+02,-4.340740755298e+01,-2.015979188524e+01,1.748901663814e+02,4.400031569033e-02,-3.517387637712e-02,8.959298379534e+00
"                 690",-4.353409472881e+01,-2.003391529069e+01,1.659074434964e+02,-4.349036332890e+01,-2.006867651158e+01,1.748598042731e+02,4.373139991587e-02,-3.476122089578e-02,8.952360776723e+00
"                 691",-4.342590761166e+01,-1.981035096358e+01,1.658935677482e+02,-4.338250549569e+01,-1.984488924279e+01,1.748390246977e+02,4.340211597002e-02,-3.453827920950e-02,8.945456949422e+00
"                 692",-4.332475118865e+01,-1.958920123242e+01,1.658649370943e+02,-4.328134834862e+01,-1.962342120881e+01,1.748037845627e+02,4.340284002554e-02,-3.421997639067e-02,8.938847468318e+00
"                 693",-4.339168314693e+01,-1.937117948193e+01,1.658225732900e+02,-4.334844129592e+01,-1.940516228368e+01,1.747547668298e+02,4.324185101229e-02,-3.398280174307e-02,8.932193539863e+00
"                 694",-4.355693806143e+01,-1.915968189869e+01,1.657734296950e+02,-4.351361765959e+01,-1.919326702984e+01,1.746992880840e+02,4.332040184666e-02,-3.358513115241e-02,8.925858389053e+00
"                 695",-4.363683983193e+01,-1.888883207135e+01,1.657299203842e+02,-4.359370888450e+01,-1.892209236490e+01,1.746499696304e+02,4.313094742410e-02,-3.326029354794e-02,8.920049246163e+00
"                 696",-4.356660350439e+01,-1.860514879897e+01,1.656844674785e+02,-4.352344153515e+01,-1.863796429240e+01,1.745994196188e+02,4.316196923323e-02,-3.281549343030e-02,8.914952140354e+00
"                 697",-4.339837151916e+01,-1.838282828152e+01,1.656564982117e+02,-4.335539423013e+01,-1.841542465430e+01,1.745666094026e+02,4.297728902771e-02,-3.259637278206e-02,8.910111190938e+00
"                 698",-4.336590746010e+01,-1.822300825064e+01,1.656284715680e+02,-4.332285852390e+01,-1.825535544710e+01,1.745349211602e+02,4.304893620098e-02,-3.234719645875e-02,8.906449592188e+00
"                 699",-4.342222526786e+01,-1.797031603366e+01,1.655964940203e+02,-4.337922814195e+01,-1.800276263302e+01,1.744999770550e+02,4.299712590412e-02,-3.244659936355e-02,8.903483034628e+00
"                 700",-4.368692723820e+01,-1.767500357312e+01,1.655566157216e+02,-4.364362601796e+01,-1.770744741394e+01,1.744579263605e+02,4.330122024284e-02,-3.244384081808e-02,8.901310638911e+00
"                 701",-4.385223472874e+01,-1.742065401085e+01,1.655211770733e+02,-4.380863153631e+01,-1.745332537847e+01,1.744202351923e+02,4.360319242726e-02,-3.267136761208e-02,8.899058118998e+00
"                 702",-4.379739287527e+01,-1.715449917494e+01,1.654984813949e+02,-4.375326283580e+01,-1.718717304279e+01,1.743957186659e+02,4.413003946906e-02,-3.267386784932e-02,8.897237270966e+00
"                 703",-4.361788052506e+01,-1.677235582646e+01,1.654974554264e+02,-4.357344735935e+01,-1.680515733744e+01,1.743932030192e+02,4.443316571244e-02,-3.280151098470e-02,8.895747592772e+00
"                 704",-4.352626175713e+01,-1.645002840593e+01,1.655022074712e+02,-4.348126859831e+01,-1.648267942717e+01,1.743972656904e+02,4.499315882011e-02,-3.265102124479e-02,8.895058219193e+00
"                 705",-4.360302213117e+01,-1.614707448930e+01,1.655023217396e+02,-4.355772976129e+01,-1.617969456729e+01,1.743972546600e+02,4.529236987358e-02,-3.262007798578e-02,8.894932920369e+00
"                 706",-4.373908596489e+01,-1.595790678858e+01,1.654964084694e+02,-4.369326184075e+01,-1.599026780441e+01,1.743917796419e+02,4.582412413509e-02,-3.236101583443e-02,8.895371172455e+00
"                 707",-4.373419020861e+01,-1.593860505784e+01,1.654983398024e+02,-4.368815364022e+01,-1.597091992942e+01,1.743945334047e+02,4.603656839604e-02,-3.231487158647e-02,8.896193602298e+00
"                 708",-4.370385071512e+01,-1.578502184497e+01,1.655073211112e+02,-4.365727361014e+01,-1.581706847449e+01,1.744045606730e+02,4.657710497957e-02,-3.204662951467e-02,8.897239561831e+00
"                 709",-4.364938036129e+01,-1.551758117273e+01,1.655333732701e+02,-4.360250250446e+01,-1.554952767938e+01,1.744316214210e+02,4.687785683199e-02,-3.194650664832e-02,8.898248150936e+00
"                 710",-4.371160092519e+01,-1.518625199825e+01,1.655561520081e+02,-4.366408758891e+01,-1.521772011263e+01,1.744555171299e+02,4.751333627620e-02,-3.146811438357e-02,8.899365121842e+00
"                 711",-4.378796032215e+01,-1.480357338824e+01,1.655664334415e+02,-4.374022520303e+01,-1.483463758885e+01,1.744664130128e+02,4.773511911681e-02,-3.106420061160e-02,8.899979571237e+00
"                 712",-4.389288984994e+01,-1.450182568871e+01,1.655614336748e+02,-4.384465856194e+01,-1.453208242014e+01,1.744616841606e+02,4.823128800232e-02,-3.025673143010e-02,8.900250485856e+00
"                 713",-4.396149088564e+01,-1.434695568696e+01,1.655573193954e+02,-4.391326522676e+01,-1.437665262700e+01,1.744573268622e+02,4.822565887675e-02,-2.969694004759e-02,8.900007466783e+00
"                 714",-4.400771933183e+01,-1.427793012844e+01,1.655464941030e+02,-4.395911137407e+01,-1.430666029452e+01,1.744461289868e+02,4.860795775942e-02,-2.873016607657e-02,8.899634883846e+00
"                 715",-4.397613075398e+01,-1.406214650281e+01,1.655335622398e+02,-4.392758220782e+01,-1.409011994833e+01,1.744322075870e+02,4.854854615737e-02,-2.797344551586e-02,8.898645347158e+00
"                 716",-4.399184982813e+01,-1.379226270225e+01,1.655154517936e+02,-4.394298615152e+01,-1.381902995846e+01,1.744130321793e+02,4.886367660712e-02,-2.676725620518e-02,8.897580385739e+00
"                 717",-4.413196954733e+01,-1.343547131292e+01,1.654985483356e+02,-4.408323039311e+01,-1.346128619348e+01,1.743949294876e+02,4.873915421583e-02,-2.581488055462e-02,8.896381151980e+00
"                 718",-4.425951057681e+01,-1.304943188691e+01,1.654689183407e+02,-4.421055613292e+01,-1.307394477191e+01,1.743643723566e+02,4.895444388690e-02,-2.451288499351e-02,8.895454015897e+00
"                 719",-4.418343414000e+01,-1.266963771208e+01,1.654338605036e+02,-4.413464322687e+01,-1.269305363790e+01,1.743280221941e+02,4.879091312832e-02,-2.341592582497e-02,8.894161690549e+00
"                 720",-4.413325291540e+01,-1.237916842605e+01,1.653974460504e+02,-4.408438118095e+01,-1.240124689139e+01,1.742905771566e+02,4.887173444838e-02,-2.207846533915e-02,8.893131106206e+00
"                 721",-4.408576765619e+01,-1.215903153073e+01,1.653668932863e+02,-4.403729247035e+01,-1.218004160999e+01,1.742589017673e+02,4.847518583501e-02,-2.101007925822e-02,8.892008481010e+00
"                 722",-4.404682872435e+01,-1.213836311718e+01,1.653397127164e+02,-4.399854336306e+01,-1.215823160171e+01,1.742309408387e+02,4.828536129555e-02,-1.986848453225e-02,8.891228122343e+00
"                 723",-4.411434807081e+01,-1.203717278488e+01,1.653292122082e+02,-4.406670894641e+01,-1.205622477446e+01,1.742193455273e+02,4.763912440308e-02,-1.905198957872e-02,8.890133319103e+00
"                 724",-4.427346173195e+01,-1.180388216741e+01,1.653224771860e+02,-4.422619467931e+01,-1.182209826656e+01,1.742117681155e+02,4.726705264370e-02,-1.821609914963e-02,8.889290929558e+00
"                 725",-4.449924950224e+01,-1.153146759687e+01,1.653161425916e+02,-4.445280875533e+01,-1.154919379221e+01,1.742043139498e+02,4.644074691025e-02,-1.772619534148e-02,8.888171358169e+00
"                 726",-4.466967552099e+01,-1.142163936017e+01,1.653068687274e+02,-4.462371673684e+01,-1.143881372779e+01,1.741939230847e+02,4.595878414836e-02,-1.717436761431e-02,8.887054357247e+00
"                 727",-4.470629961212e+01,-1.137986209109e+01,1.653033706763e+02,-4.466117242885e+01,-1.139670767507e+01,1.741886571098e+02,4.512718326816e-02,-1.684558397910e-02,8.885286433575e+00
"                 728",-4.469035520578e+01,-1.142441429084e+01,1.652955440344e+02,-4.464551859085e+01,-1.144100100020e+01,1.741793615351e+02,4.483661492479e-02,-1.658670936789e-02,8.883817500637e+00
"                 729",-4.461631616448e+01,-1.142896228790e+01,1.652886110401e+02,-4.457211125827e+01,-1.144560112048e+01,1.741706489547e+02,4.420490620694e-02,-1.663883258069e-02,8.882037914585e+00
"                 730",-4.446241919927e+01,-1.132642497668e+01,1.652836368360e+02,-4.441841644439e+01,-1.134291711846e+01,1.741641585069e+02,4.400275488221e-02,-1.649214177310e-02,8.880521670852e+00
"                 731",-4.435358696684e+01,-1.118500460497e+01,1.652945515894e+02,-4.431023076551e+01,-1.120144896776e+01,1.741731912078e+02,4.335620133505e-02,-1.644436279028e-02,8.878639618395e+00
"                 732",-4.454683561953e+01,-1.107297708456e+01,1.652938134138e+02,-4.450372022762e+01,-1.108907600758e+01,1.741708983812e+02,4.311539191809e-02,-1.609892302335e-02,8.877084967379e+00
"                 733",-4.469777713472e+01,-1.103820799452e+01,1.652860981084e+02,-4.465534981813e+01,-1.105412986929e+01,1.741612733425e+02,4.242731659305e-02,-1.592187476737e-02,8.875175234079e+00
"                 734",-4.466099354656e+01,-1.097905671084e+01,1.652720758147e+02,-4.461888458676e+01,-1.099475232987e+01,1.741457736349e+02,4.210895980008e-02,-1.569561902971e-02,8.873697820260e+00
"                 735",-4.446163523216e+01,-1.076398832405e+01,1.652660760677e+02,-4.442016921397e+01,-1.077977905822e+01,1.741380439813e+02,4.146601818842e-02,-1.579073417721e-02,8.871967913595e+00
"                 736",-4.433317241051e+01,-1.058241131059e+01,1.652647689367e+02,-4.429185398998e+01,-1.059826254880e+01,1.741359466359e+02,4.131842053087e-02,-1.585123821019e-02,8.871177699137e+00
"                 737",-4.433567865535e+01,-1.042122479747e+01,1.652624432810e+02,-4.429488079139e+01,-1.043731691466e+01,1.741328824323e+02,4.079786396095e-02,-1.609211718645e-02,8.870439151318e+00
"                 738",-4.449573894777e+01,-1.019820543138e+01,1.652522504563e+02,-4.445512312286e+01,-1.021440407559e+01,1.741229028724e+02,4.061582490629e-02,-1.619864420380e-02,8.870652416058e+00
"                 739",-4.457589180479e+01,-1.007258216767e+01,1.652410228627e+02,-4.453591417319e+01,-1.008902307357e+01,1.741117200889e+02,3.997763159939e-02,-1.644090590756e-02,8.870697226222e+00
"                 740",-4.463571799827e+01,-9.983360744132e+00,1.652244492966e+02,-4.459589482954e+01,-9.999951699143e+00,1.740954012837e+02,3.982316873423e-02,-1.659095501159e-02,8.870951987075e+00
"                 741",-4.462923888581e+01,-9.980125001657e+00,1.652191212490e+02,-4.458991147790e+01,-9.996885794378e+00,1.740901785143e+02,3.932740791121e-02,-1.676079272156e-02,8.871057265303e+00
"                 742",-4.468750181789e+01,-1.002511854641e+01,1.652187294112e+02,-4.464820195170e+01,-1.004201309393e+01,1.740904404937e+02,3.929986619460e-02,-1.689454751976e-02,8.871711082543e+00
"                 743",-4.483132789387e+01,-1.016600719794e+01,1.652228683320e+02,-4.479244711298e+01,-1.018297648142e+01,1.740954642921e+02,3.888078089417e-02,-1.696928348505e-02,8.872595960054e+00
"                 744",-4.506824441738e+01,-1.016062564194e+01,1.652144586999e+02,-4.502938672946e+01,-1.017758178695e+01,1.740889067287e+02,3.885768792599e-02,-1.695614501419e-02,8.874448028829e+00
"                 745",-4.521795871814e+01,-1.004731211355e+01,1.652131977247e+02,-4.517958956308e+01,-1.006428420495e+01,1.740891822335e+02,3.836915505677e-02,-1.697209139644e-02,8.875984508815e+00
"                 746",-4.529698313751e+01,-9.921253431111e+00,1.652264424267e+02,-4.525867784427e+01,-9.938232404476e+00,1.741047317723e+02,3.830529323903e-02,-1.697897336463e-02,8.878289345569e+00
"                 747",-4.537645853554e+01,-9.830707580895e+00,1.652551726174e+02,-4.533850868422e+01,-9.847718450700e+00,1.741358149529e+02,3.794985132436e-02,-1.701086980486e-02,8.880642335487e+00
"                 748",-4.545642388431e+01,-9.781956507160e+00,1.652816623288e+02,-4.541833470811e+01,-9.798974494925e+00,1.741655446335e+02,3.808917620327e-02,-1.701798776492e-02,8.883882304676e+00
"                 749",-4.548522108358e+01,-9.731156059304e+00,1.653161702194e+02,-4.544727391132e+01,-9.748074861573e+00,1.742029798469e+02,3.794717226584e-02,-1.691880226983e-02,8.886809627490e+00
"                 750",-4.549980997088e+01,-9.602892065449e+00,1.653414033586e+02,-4.546162036643e+01,-9.619564411996e+00,1.742317994967e+02,3.818960445803e-02,-1.667234654698e-02,8.890396138112e+00
"                 751",-4.551148595291e+01,-9.428658667632e+00,1.653697937373e+02,-4.547356546557e+01,-9.444988273003e+00,1.742632998616e+02,3.792048734379e-02,-1.632960537010e-02,8.893506124310e+00
"                 752",-4.556301925242e+01,-9.142948569804e+00,1.653982473970e+02,-4.552497367839e+01,-9.158865644339e+00,1.742952875656e+02,3.804557403065e-02,-1.591707453500e-02,8.897040168615e+00
"                 753",-4.571447462739e+01,-8.897289896914e+00,1.654261408974e+02,-4.567666192504e+01,-8.912818374665e+00,1.743260832616e+02,3.781270235319e-02,-1.552847775047e-02,8.899942364115e+00
"                 754",-4.596523216631e+01,-8.766042789943e+00,1.654555317610e+02,-4.592722641294e+01,-8.781156541690e+00,1.743588041593e+02,3.800575336651e-02,-1.511375174639e-02,8.903272398375e+00
"                 755",-4.619452945913e+01,-8.750018748004e+00,1.654858881307e+02,-4.615669271434e+01,-8.764773803020e+00,1.743920996394e+02,3.783674479516e-02,-1.475505501610e-02,8.906211508656e+00
"                 756",-4.645842777731e+01,-8.880032997527e+00,1.655075379452e+02,-4.642030789136e+01,-8.894570071741e+00,1.744169757307e+02,3.811988595344e-02,-1.453707421372e-02,8.909437785478e+00
"                 757",-4.665493084538e+01,-8.973871091598e+00,1.655328253590e+02,-4.661691298931e+01,-8.988353335817e+00,1.744446198434e+02,3.801785607003e-02,-1.448224421914e-02,8.911794484442e+00
"                 758",-4.690695174773e+01,-8.815942899023e+00,1.655677568913e+02,-4.686871560018e+01,-8.830534597948e+00,1.744821927108e+02,3.823614754558e-02,-1.459169892452e-02,8.914435819505e+00
"                 759",-4.716246607505e+01,-8.584636862744e+00,1.656033766428e+02,-4.712445561251e+01,-8.599424119707e+00,1.745198805219e+02,3.801046253483e-02,-1.478725696358e-02,8.916503879105e+00
"                 760",-4.727845752417e+01,-8.436214705376e+00,1.656288655971e+02,-4.724019349563e+01,-8.451298910896e+00,1.745476084344e+02,3.826402854776e-02,-1.508420552057e-02,8.918742837315e+00
"                 761",-4.734176504103e+01,-8.481449341640e+00,1.656551926632e+02,-4.730369778101e+01,-8.496916339073e+00,1.745752128670e+02,3.806726001669e-02,-1.546699743291e-02,8.920020203731e+00
"                 762",-4.753960036427e+01,-8.583642315621e+00,1.656963013673e+02,-4.750130193901e+01,-8.599701641759e+00,1.746176304192e+02,3.829842526072e-02,-1.605932613835e-02,8.921329051931e+00
"                 763",-4.777758842746e+01,-8.716158981267e+00,1.657446573972e+02,-4.773952250414e+01,-8.732979645052e+00,1.746666115968e+02,3.806592332795e-02,-1.682066378491e-02,8.921954199560e+00
"                 764",-4.802989360129e+01,-8.790413934731e+00,1.657923861439e+02,-4.799178942115e+01,-8.808157132012e+00,1.747148505023e+02,3.810418014546e-02,-1.774319728069e-02,8.922464358386e+00
"                 765",-4.813218949321e+01,-8.833995344181e+00,1.658331446895e+02,-4.809446608565e+01,-8.852713626776e+00,1.747554495961e+02,3.772340756300e-02,-1.871828259503e-02,8.922304906625e+00
"                 766",-4.825764603374e+01,-8.795358691812e+00,1.658687881576e+02,-4.821992863148e+01,-8.815068193566e+00,1.747909962674e+02,3.771740226484e-02,-1.970950175407e-02,8.922208109877e+00
"                 767",-4.851108499930e+01,-8.735356113106e+00,1.659052027902e+02,-4.847362895038e+01,-8.756095813105e+00,1.748264388173e+02,3.745604892680e-02,-2.073969999811e-02,8.921236027103e+00
"                 768",-4.888523730211e+01,-8.757214803650e+00,1.659471193106e+02,-4.884773844173e+01,-8.778935821668e+00,1.748672608536e+02,3.749886038058e-02,-2.172101801807e-02,8.920141543008e+00
"                 769",-4.915416563792e+01,-8.941593151006e+00,1.659934246030e+02,-4.911698208899e+01,-8.964366862701e+00,1.749116955896e+02,3.718354892935e-02,-2.277371169482e-02,8.918270986578e+00
"                 770",-4.931012996574e+01,-9.146089675381e+00,1.660394980376e+02,-4.927297572135e+01,-9.169922276547e+00,1.749558824519e+02,3.715424439129e-02,-2.383260116574e-02,8.916384414307e+00
"                 771",-4.951761489771e+01,-9.419906949411e+00,1.660813172666e+02,-4.948088486280e+01,-9.444785282905e+00,1.749949422269e+02,3.673003490417e-02,-2.487833349479e-02,8.913624960303e+00
"                 772",-4.976819755040e+01,-9.689601462715e+00,1.661087085078e+02,-4.973164395090e+01,-9.715506344192e+00,1.750198786277e+02,3.655359950286e-02,-2.590488147720e-02,8.911170119900e+00
"                 773",-5.006156563760e+01,-9.991023773034e+00,1.661175310502e+02,-5.002551449394e+01,-1.001801057229e+01,1.750257748432e+02,3.605114366296e-02,-2.698679925901e-02,8.908243793028e+00
"                 774",-5.049482633094e+01,-1.027117772820e+01,1.661166101125e+02,-5.045891726648e+01,-1.029927967461e+01,1.750221814405e+02,3.590906445753e-02,-2.810194641271e-02,8.905571327944e+00
"                 775",-5.093641784721e+01,-1.053500110671e+01,1.661164979888e+02,-5.090106413169e+01,-1.056422067069e+01,1.750188992592e+02,3.535371552719e-02,-2.921956397543e-02,8.902401270386e+00
"                 776",-5.126001087989e+01,-1.080307449540e+01,1.661164779227e+02,-5.122490215442e+01,-1.083346765071e+01,1.750162325241e+02,3.510872546745e-02,-3.039315530532e-02,8.899754601387e+00
"                 777",-5.148833460632e+01,-1.110487896359e+01,1.661197465089e+02,-5.145388224531e+01,-1.113639090756e+01,1.750167917052e+02,3.445236100928e-02,-3.151194397101e-02,8.897045196295e+00
"                 778",-5.175223535840e+01,-1.142979150319e+01,1.661302300987e+02,-5.171802181739e+01,-1.146240904240e+01,1.750252713709e+02,3.421354100704e-02,-3.261753920877e-02,8.895041272164e+00
"                 779",-5.208389287343e+01,-1.164863460633e+01,1.661523545197e+02,-5.205029054008e+01,-1.168225036285e+01,1.750449943439e+02,3.360233335164e-02,-3.361575652617e-02,8.892639824215e+00
"                 780",-5.243440280269e+01,-1.173795326920e+01,1.661724532510e+02,-5.240097591054e+01,-1.177236664146e+01,1.750634646119e+02,3.342689215377e-02,-3.441337226145e-02,8.891011360923e+00
"                 781",-5.260279082502e+01,-1.195091751307e+01,1.661821346726e+02,-5.257005605334e+01,-1.198587463090e+01,1.750716268728e+02,3.273477168330e-02,-3.495711783544e-02,8.889492200285e+00
"                 782",-5.265426008207e+01,-1.232256114527e+01,1.661761292882e+02,-5.262179445351e+01,-1.235788722490e+01,1.750645138642e+02,3.246562856149e-02,-3.532607963044e-02,8.888384575982e+00
"                 783",-5.262179931155e+01,-1.276208173024e+01,1.661685581245e+02,-5.258995348731e+01,-1.279765135251e+01,1.750555609826e+02,3.184582423826e-02,-3.556962226998e-02,8.887002858127e+00
"                 784",-5.262070853501e+01,-1.305432567511e+01,1.661659356640e+02,-5.258877545467e+01,-1.309006759039e+01,1.750521762479e+02,3.193308033895e-02,-3.574191527775e-02,8.886240583895e+00
"                 785",-5.261974644010e+01,-1.319921569833e+01,1.661790772619e+02,-5.258797795176e+01,-1.323506249007e+01,1.750647647430e+02,3.176848834337e-02,-3.584679174016e-02,8.885687481060e+00
"                 786",-5.267796189558e+01,-1.323156888921e+01,1.662059732303e+02,-5.264573833659e+01,-1.326735797785e+01,1.750920349377e+02,3.222355898980e-02,-3.578908864637e-02,8.886061707353e+00
"                 787",-5.258292681985e+01,-1.330789756633e+01,1.662322865731e+02,-5.255057555977e+01,-1.334345733612e+01,1.751192125751e+02,3.235126008671e-02,-3.555976978637e-02,8.886926002046e+00
"                 788",-5.234542071241e+01,-1.338484939789e+01,1.662430752536e+02,-5.231240108094e+01,-1.341999842208e+01,1.751318022918e+02,3.301963147250e-02,-3.514902419691e-02,8.888727038270e+00
"                 789",-5.212071014896e+01,-1.343461339066e+01,1.662470281009e+02,-5.208746001213e+01,-1.346917300089e+01,1.751372836156e+02,3.325013682946e-02,-3.455961022752e-02,8.890255514650e+00
"                 790",-5.210037464982e+01,-1.359166123956e+01,1.662564784293e+02,-5.206636197010e+01,-1.362548717537e+01,1.751485424980e+02,3.401267972262e-02,-3.382593580656e-02,8.892064068690e+00
"                 791",-5.208777712308e+01,-1.402276839401e+01,1.662713026887e+02,-5.205354006246e+01,-1.405578316565e+01,1.751649967734e+02,3.423706061884e-02,-3.301477163808e-02,8.893694084689e+00
"                 792",-5.204392225846e+01,-1.451830510182e+01,1.662727685255e+02,-5.200892845140e+01,-1.455063019447e+01,1.751681243365e+02,3.499380706588e-02,-3.232509264204e-02,8.895355811089e+00
"                 793",-5.197491343723e+01,-1.503344760293e+01,1.662738694748e+02,-5.193976831272e+01,-1.506516970495e+01,1.751704329932e+02,3.514512451120e-02,-3.172210201373e-02,8.896563518358e+00
"                 794",-5.194871039279e+01,-1.540898627009e+01,1.662859866880e+02,-5.191293571793e+01,-1.544006755664e+01,1.751835129543e+02,3.577467486357e-02,-3.108128655077e-02,8.897526266358e+00
"                 795",-5.192372179567e+01,-1.560084752713e+01,1.663005278531e+02,-5.188786460848e+01,-1.563130638093e+01,1.751982076157e+02,3.585718719324e-02,-3.045885380040e-02,8.897679762571e+00
"                 796",-5.199004560752e+01,-1.559331139200e+01,1.663013941075e+02,-5.195363054359e+01,-1.562300041910e+01,1.751991436100e+02,3.641506393274e-02,-2.968902710769e-02,8.897749502503e+00
"                 797",-5.203308744552e+01,-1.561614493404e+01,1.663002137179e+02,-5.199676116623e+01,-1.564489605422e+01,1.751975746270e+02,3.632627928247e-02,-2.875112018494e-02,8.897360909152e+00
"                 798",-5.201771492142e+01,-1.577382982389e+01,1.662976212172e+02,-5.198104926925e+01,-1.580139658647e+01,1.751944290322e+02,3.666565216383e-02,-2.756676257674e-02,8.896807815027e+00
"                 799",-5.189131924999e+01,-1.613829176371e+01,1.663059352617e+02,-5.185499161911e+01,-1.616470037483e+01,1.752016053900e+02,3.632763087918e-02,-2.640861112639e-02,8.895670128252e+00
"                 800",-5.173440085419e+01,-1.644049580347e+01,1.663061935687e+02,-5.169795748617e+01,-1.646568289281e+01,1.752008272519e+02,3.644336802472e-02,-2.518708934623e-02,8.894633683140e+00
"                 801",-5.156309373314e+01,-1.655685260846e+01,1.663049462238e+02,-5.152703204353e+01,-1.658095712343e+01,1.751980434101e+02,3.606168961008e-02,-2.410451496768e-02,8.893097186298e+00
"                 802",-5.143344120306e+01,-1.652130409989e+01,1.663016078334e+02,-5.139722245291e+01,-1.654422813023e+01,1.751933289288e+02,3.621875015703e-02,-2.292403033179e-02,8.891721095383e+00
"                 803",-5.126911250686e+01,-1.643544605790e+01,1.662939574846e+02,-5.123326960927e+01,-1.645724094934e+01,1.751842812801e+02,3.584289759370e-02,-2.179489143271e-02,8.890323795402e+00
"                 804",-5.119441310435e+01,-1.625531307135e+01,1.662808816981e+02,-5.115851348138e+01,-1.627598065479e+01,1.751701412919e+02,3.589962296220e-02,-2.066758343897e-02,8.889259593841e+00
"                 805",-5.104090989882e+01,-1.608045702941e+01,1.662779003459e+02,-5.100560593150e+01,-1.610015767574e+01,1.751658095668e+02,3.530396732014e-02,-1.970064632726e-02,8.887909220812e+00
"                 806",-5.086207976229e+01,-1.602865862249e+01,1.662828499566e+02,-5.082697169564e+01,-1.604742989316e+01,1.751697867627e+02,3.510806664641e-02,-1.877127067614e-02,8.886936806072e+00
"                 807",-5.078155700382e+01,-1.616069346009e+01,1.662911986620e+02,-5.074728393189e+01,-1.617878605174e+01,1.751774148250e+02,3.427307192773e-02,-1.809259165200e-02,8.886216163078e+00
"                 808",-5.087319661932e+01,-1.631149047447e+01,1.662913880349e+02,-5.083935302831e+01,-1.632908633960e+01,1.751775831319e+02,3.384359100540e-02,-1.759586513742e-02,8.886195096980e+00
"                 809",-5.088369094774e+01,-1.633495330945e+01,1.662916187639e+02,-5.085092143085e+01,-1.635228171840e+01,1.751781781142e+02,3.276951688609e-02,-1.732840895273e-02,8.886559350264e+00
"                 810",-5.069280644542e+01,-1.625710749224e+01,1.662846181654e+02,-5.066058975863e+01,-1.627428408964e+01,1.751723176209e+02,3.221668679318e-02,-1.717659740179e-02,8.887699455494e+00
"                 811",-5.042951788707e+01,-1.614203237056e+01,1.662798632541e+02,-5.039834741800e+01,-1.615917809949e+01,1.751695041608e+02,3.117046907468e-02,-1.714572892626e-02,8.889640906761e+00
"                 812",-5.037947722788e+01,-1.613115524877e+01,1.662707070374e+02,-5.034872256075e+01,-1.614839694636e+01,1.751630024378e+02,3.075466712331e-02,-1.724169759166e-02,8.892295400373e+00
"                 813",-5.049585427001e+01,-1.613100324129e+01,1.662567547205e+02,-5.046620351382e+01,-1.614846945753e+01,1.751525267355e+02,2.965075619170e-02,-1.746621624050e-02,8.895772015003e+00
"                 814",-5.061157664478e+01,-1.607822427918e+01,1.662342347435e+02,-5.058239578384e+01,-1.609585521883e+01,1.751345931424e+02,2.918086094294e-02,-1.763093964860e-02,8.900358398869e+00
"                 815",-5.045059654756e+01,-1.588697502369e+01,1.662167941672e+02,-5.042237255331e+01,-1.590468806594e+01,1.751222135552e+02,2.822399425272e-02,-1.771304225073e-02,8.905419387921e+00
"                 816",-5.021910408406e+01,-1.566973343858e+01,1.662028802404e+02,-5.019096564977e+01,-1.568770017265e+01,1.751138149451e+02,2.813843428606e-02,-1.796673407194e-02,8.910934704687e+00
"                 817",-5.015699452968e+01,-1.545593916943e+01,1.661991668196e+02,-5.012948982241e+01,-1.547406711511e+01,1.751155792344e+02,2.750470727663e-02,-1.812794567901e-02,8.916412414866e+00
"                 818",-5.027680908822e+01,-1.521430135602e+01,1.661965926852e+02,-5.024930173438e+01,-1.523255741025e+01,1.751187093765e+02,2.750735384340e-02,-1.825605422293e-02,8.922116691268e+00
"                 819",-5.044953783299e+01,-1.500079902115e+01,1.661865997116e+02,-5.042281726974e+01,-1.501872532047e+01,1.751141404166e+02,2.672056324371e-02,-1.792629931531e-02,8.927540705013e+00
"                 820",-5.052026930826e+01,-1.486571875057e+01,1.661689349701e+02,-5.049375290422e+01,-1.488327504040e+01,1.751016127043e+02,2.651640403785e-02,-1.755628983659e-02,8.932677734154e+00
"                 821",-5.038952346785e+01,-1.483559947129e+01,1.661632343581e+02,-5.036371156474e+01,-1.485255006607e+01,1.751006908479e+02,2.581190310912e-02,-1.695059478748e-02,8.937456489743e+00
"                 822",-5.037462587705e+01,-1.480375508444e+01,1.661564896236e+02,-5.034868735385e+01,-1.482025337878e+01,1.750984016390e+02,2.593852320497e-02,-1.649829434297e-02,8.941912015396e+00
"                 823",-5.055960836208e+01,-1.470356865454e+01,1.661482039574e+02,-5.053398786087e+01,-1.471952634174e+01,1.750941473058e+02,2.562050120572e-02,-1.595768719808e-02,8.945943348370e+00
"                 824",-5.074211927360e+01,-1.443322808680e+01,1.661399415723e+02,-5.071610870758e+01,-1.444896278882e+01,1.750893738565e+02,2.601056601880e-02,-1.573470202080e-02,8.949432284176e+00
"                 825",-5.087899645281e+01,-1.410450109139e+01,1.661407173558e+02,-5.085310117012e+01,-1.411997056773e+01,1.750934609110e+02,2.589528269475e-02,-1.546947633987e-02,8.952743555164e+00
"                 826",-5.107145157071e+01,-1.389218764878e+01,1.661504562573e+02,-5.104509891014e+01,-1.390762882040e+01,1.751062685273e+02,2.635266057332e-02,-1.544117161945e-02,8.955812270065e+00
"                 827",-5.128145381169e+01,-1.371922320453e+01,1.661594861223e+02,-5.125510821901e+01,-1.373458332058e+01,1.751180240160e+02,2.634559267695e-02,-1.536011605512e-02,8.958537893682e+00
"                 828",-5.142137598962e+01,-1.351289482821e+01,1.661640429823e+02,-5.139427114602e+01,-1.352846712086e+01,1.751248382627e+02,2.710484359972e-02,-1.557229265115e-02,8.960795280451e+00
"                 829",-5.153784131085e+01,-1.324300768231e+01,1.661569900601e+02,-5.151043334548e+01,-1.325879912214e+01,1.751197971742e+02,2.740796536749e-02,-1.579143983429e-02,8.962807114102e+00
"                 830",-5.169614518372e+01,-1.300172561277e+01,1.661436550932e+02,-5.166791404620e+01,-1.301787230103e+01,1.751081622183e+02,2.823113751574e-02,-1.614668826080e-02,8.964507125159e+00
"                 831",-5.200620433514e+01,-1.282563853336e+01,1.661413051525e+02,-5.197783810729e+01,-1.284214474414e+01,1.751070743843e+02,2.836622784652e-02,-1.650621077944e-02,8.965769231735e+00
"                 832",-5.246404980555e+01,-1.267753949877e+01,1.661395356701e+02,-5.243524356257e+01,-1.269457666804e+01,1.751061715710e+02,2.880624297805e-02,-1.703716926993e-02,8.966635900965e+00
"                 833",-5.289938914288e+01,-1.233457769806e+01,1.661492036697e+02,-5.287084614312e+01,-1.235216832973e+01,1.751161440151e+02,2.854299976294e-02,-1.759063166571e-02,8.966940345396e+00
"                 834",-5.322267952801e+01,-1.188166214234e+01,1.661597486071e+02,-5.319396051649e+01,-1.189981156127e+01,1.751268249997e+02,2.871901152712e-02,-1.814941893322e-02,8.967076392600e+00
"                 835",-5.343915303969e+01,-1.142468323900e+01,1.661645830640e+02,-5.341070462125e+01,-1.144323817271e+01,1.751313758151e+02,2.844841843828e-02,-1.855493371082e-02,8.966792751074e+00
"                 836",-5.356302143970e+01,-1.111970572114e+01,1.661561536212e+02,-5.353444945350e+01,-1.113862261054e+01,1.751224584358e+02,2.857198619659e-02,-1.891688940635e-02,8.966304814520e+00
"                 837",-5.375275008049e+01,-1.100083526284e+01,1.661529594934e+02,-5.372458306886e+01,-1.101988091843e+01,1.751182896823e+02,2.816701162943e-02,-1.904565558342e-02,8.965330188894e+00
"                 838",-5.411545091134e+01,-1.083666436836e+01,1.661438896401e+02,-5.408741088222e+01,-1.085573492836e+01,1.751079870159e+02,2.804002912164e-02,-1.907056000151e-02,8.964097375785e+00
"                 839",-5.428003192481e+01,-1.048424857942e+01,1.661225796788e+02,-5.425257076670e+01,-1.050320574382e+01,1.750846096070e+02,2.746115810186e-02,-1.895716439266e-02,8.962029928202e+00
"                 840",-5.434509878602e+01,-1.004353464171e+01,1.661053686152e+02,-5.431780258903e+01,-1.006230513354e+01,1.750646482996e+02,2.729619698408e-02,-1.877049183085e-02,8.959279684367e+00
"                 841",-5.431997278049e+01,-9.600126917417e+00,1.661000513528e+02,-5.429322216505e+01,-9.618549131328e+00,1.750561634520e+02,2.675061543902e-02,-1.842221391182e-02,8.956112099275e+00
"                 842",-5.456203475916e+01,-9.230463228936e+00,1.660952706827e+02,-5.453555821396e+01,-9.248343918249e+00,1.750479387286e+02,2.647654519506e-02,-1.788068931225e-02,8.952668045934e+00
"                 843",-5.497651159683e+01,-8.979266279385e+00,1.660900830359e+02,-5.495091922140e+01,-8.996507383978e+00,1.750388556741e+02,2.559237543078e-02,-1.724110459357e-02,8.948772638152e+00
"                 844",-5.534737671446e+01,-8.858410416376e+00,1.660823638349e+02,-5.532222350219e+01,-8.874983562766e+00,1.750267150798e+02,2.515321226739e-02,-1.657314639009e-02,8.944351244921e+00
"                 845",-5.552614092342e+01,-8.539568949398e+00,1.660630875823e+02,-5.550185256491e+01,-8.555477768664e+00,1.750028117808e+02,2.428835851105e-02,-1.590881926633e-02,8.939724198459e+00
"                 846",-5.565231956897e+01,-8.005439852808e+00,1.660438367441e+02,-5.562822160231e+01,-8.020755944130e+00,1.749788682731e+02,2.409796666097e-02,-1.531609132184e-02,8.935031528976e+00
"                 847",-5.583727422502e+01,-7.357129186218e+00,1.660325854512e+02,-5.581375915954e+01,-7.371836593899e+00,1.749633792668e+02,2.351506547922e-02,-1.470740768068e-02,8.930793815581e+00
"                 848",-5.614675589218e+01,-7.002151787578e+00,1.660283565943e+02,-5.612323913956e+01,-7.016305770383e+00,1.749552857651e+02,2.351675261629e-02,-1.415398280516e-02,8.926929170711e+00
"                 849",-5.651149576468e+01,-6.769040879770e+00,1.660252532828e+02,-5.648840777272e+01,-6.782531222622e+00,1.749487681763e+02,2.308799195858e-02,-1.349034285247e-02,8.923514893526e+00
"                 850",-5.673545924345e+01,-6.646567794459e+00,1.660188881620e+02,-5.671224805340e+01,-6.659488380842e+00,1.749393078445e+02,2.321119005044e-02,-1.292058638278e-02,8.920419682544e+00
"                 851",-5.686050778311e+01,-6.408047701191e+00,1.660096368681e+02,-5.683768955401e+01,-6.420450019147e+00,1.749276996269e+02,2.281822910431e-02,-1.240231795613e-02,8.918062758797e+00
"                 852",-5.709271447328e+01,-6.153314675577e+00,1.659948643528e+02,-5.706980291091e+01,-6.165422760748e+00,1.749110990641e+02,2.291156236835e-02,-1.210808517087e-02,8.916234711297e+00
"                 853",-5.734397961158e+01,-5.959568897020e+00,1.659841880537e+02,-5.732147277754e+01,-5.971600481195e+00,1.748988804001e+02,2.250683403211e-02,-1.203158417521e-02,8.914692346374e+00
"                 854",-5.753163809501e+01,-5.799017458691e+00,1.659719248054e+02,-5.750892171429e+01,-5.811289073722e+00,1.748852176116e+02,2.271638072717e-02,-1.227161503128e-02,8.913292806191e+00
"                 855",-5.762802117104e+01,-5.617540066767e+00,1.659571487403e+02,-5.760543136260e+01,-5.630091887695e+00,1.748690826784e+02,2.258980844064e-02,-1.255182092779e-02,8.911933938131e+00
"                 856",-5.775319106191e+01,-5.505380855388e+00,1.659341313150e+02,-5.773011280210e+01,-5.518274898218e+00,1.748445783268e+02,2.307825981474e-02,-1.289404283032e-02,8.910447011860e+00
"                 857",-5.783017281651e+01,-5.421505432806e+00,1.659114222691e+02,-5.780697303759e+01,-5.434604686115e+00,1.748202133341e+02,2.319977891260e-02,-1.309925330973e-02,8.908791064929e+00
"                 858",-5.795619056861e+01,-5.286305096304e+00,1.658952451794e+02,-5.793239643618e+01,-5.299662086174e+00,1.748023858894e+02,2.379413243003e-02,-1.335698987029e-02,8.907140710052e+00
"                 859",-5.802005356012e+01,-5.173231341974e+00,1.658940471079e+02,-5.799615864636e+01,-5.186687377525e+00,1.748000054773e+02,2.389491376283e-02,-1.345603555102e-02,8.905958369471e+00
"                 860",-5.818509005725e+01,-5.132120174316e+00,1.658820444819e+02,-5.816058030897e+01,-5.145748067251e+00,1.747871740082e+02,2.450974827548e-02,-1.362789293488e-02,8.905129526353e+00
"                 861",-5.837076515530e+01,-5.169683389833e+00,1.658757618622e+02,-5.834616035912e+01,-5.183487045617e+00,1.747801819236e+02,2.460479617905e-02,-1.380365578465e-02,8.904420061469e+00
"                 862",-5.844973971973e+01,-5.139188949808e+00,1.658718077137e+02,-5.842465042767e+01,-5.153350372674e+00,1.747756129471e+02,2.508929205802e-02,-1.416142286668e-02,8.903805233379e+00
"                 863",-5.840728049427e+01,-5.092612925834e+00,1.658698200741e+02,-5.838218535335e+01,-5.107137132981e+00,1.747731100489e+02,2.509514092211e-02,-1.452420714768e-02,8.903289974780e+00
"                 864",-5.847664867681e+01,-5.162308417904e+00,1.658753413711e+02,-5.845099170500e+01,-5.177314412187e+00,1.747779988979e+02,2.565697181141e-02,-1.500599428354e-02,8.902657526813e+00
"                 865",-5.858031791890e+01,-5.221668947560e+00,1.658961576988e+02,-5.855448423857e+01,-5.237186160744e+00,1.747981560844e+02,2.583368033275e-02,-1.551721318417e-02,8.901998385606e+00
"                 866",-5.873617587769e+01,-5.330096064007e+00,1.659275170643e+02,-5.870964023142e+01,-5.346208636591e+00,1.748286843798e+02,2.653564627064e-02,-1.611257258344e-02,8.901167315482e+00
"                 867",-5.859121989571e+01,-5.354369070877e+00,1.659478025640e+02,-5.856442207523e+01,-5.370853472614e+00,1.748476462430e+02,2.679782048592e-02,-1.648440173767e-02,8.899843678959e+00
"                 868",-5.847459017229e+01,-5.434719131439e+00,1.659651360566e+02,-5.844706742524e+01,-5.451443932602e+00,1.748631054082e+02,2.752274704233e-02,-1.672480116241e-02,8.897969351576e+00
"                 869",-5.837536350945e+01,-5.570503368395e+00,1.659779734623e+02,-5.834756996448e+01,-5.587160135022e+00,1.748736384438e+02,2.779354497266e-02,-1.665676662682e-02,8.895664981414e+00
"                 870",-5.841224551771e+01,-5.691965899298e+00,1.660016904980e+02,-5.838377653243e+01,-5.708376862704e+00,1.748947434566e+02,2.846898528305e-02,-1.641096340630e-02,8.893052958580e+00
"                 871",-5.845483873309e+01,-5.772355528852e+00,1.660318264306e+02,-5.842615580131e+01,-5.788238051704e+00,1.749218727570e+02,2.868293178480e-02,-1.588252285200e-02,8.890046326343e+00
"                 872",-5.852316922713e+01,-5.835193371630e+00,1.660599154729e+02,-5.849385425506e+01,-5.850483427076e+00,1.749468451961e+02,2.931497207868e-02,-1.529005544563e-02,8.886929723225e+00
"                 873",-5.846533449746e+01,-5.974599350719e+00,1.660771781052e+02,-5.843583938681e+01,-5.989189618218e+00,1.749608008818e+02,2.949511065786e-02,-1.459026749902e-02,8.883622776602e+00
"                 874",-5.850814003494e+01,-6.302114247926e+00,1.660938212786e+02,-5.847802236502e+01,-6.316127240069e+00,1.749738993103e+02,3.011766992533e-02,-1.401299214370e-02,8.880078031736e+00
"                 875",-5.841433124534e+01,-6.506501155093e+00,1.661104169255e+02,-5.838412167293e+01,-6.519955692489e+00,1.749867211307e+02,3.020957240838e-02,-1.345453739666e-02,8.876304205138e+00
"                 876",-5.838431997013e+01,-6.605304873458e+00,1.661362083103e+02,-5.835364786085e+01,-6.618356920614e+00,1.750087801683e+02,3.067210928087e-02,-1.305204715624e-02,8.872571858028e+00
"                 877",-5.832737455544e+01,-6.670922658693e+00,1.661703940907e+02,-5.829682870708e+01,-6.683453330590e+00,1.750391348052e+02,3.054584836130e-02,-1.253067189698e-02,8.868740714470e+00
"                 878",-5.823321404602e+01,-6.763357312630e+00,1.661994622011e+02,-5.820237988273e+01,-6.775482459255e+00,1.750645014527e+02,3.083416329283e-02,-1.212514662488e-02,8.865039251606e+00
"                 879",-5.813538078671e+01,-7.159767098177e+00,1.662379798441e+02,-5.810479772538e+01,-7.171378640110e+00,1.750994556082e+02,3.058306132639e-02,-1.161154193254e-02,8.861475764071e+00
"                 880",-5.793123172089e+01,-7.587158400682e+00,1.662640515648e+02,-5.790038110325e+01,-7.598458226366e+00,1.751225398766e+02,3.085061763923e-02,-1.129982568424e-02,8.858488311806e+00
"                 881",-5.764238526144e+01,-7.951343221198e+00,1.662910936879e+02,-5.761172400899e+01,-7.962468614708e+00,1.751465045242e+02,3.066125244274e-02,-1.112539351080e-02,8.855410836308e+00
"                 882",-5.734021678229e+01,-8.124971720078e+00,1.663212195691e+02,-5.730923070689e+01,-8.136181342013e+00,1.751739970974e+02,3.098607539703e-02,-1.120962193503e-02,8.852777528353e+00
"                 883",-5.716819350287e+01,-8.258522973993e+00,1.663629369253e+02,-5.713734929637e+01,-8.269943731945e+00,1.752135183082e+02,3.084420650093e-02,-1.142075795187e-02,8.850581382926e+00
"                 884",-5.700839522798e+01,-8.485552490421e+00,1.664053717673e+02,-5.697722949525e+01,-8.497380273320e+00,1.752547160166e+02,3.116573272450e-02,-1.182778289923e-02,8.849344249290e+00
"                 885",-5.696171916079e+01,-8.956835295871e+00,1.664521829390e+02,-5.693079773995e+01,-8.969063913256e+00,1.753009444541e+02,3.092142084558e-02,-1.222861738457e-02,8.848761515155e+00
"                 886",-5.690897730733e+01,-9.308348963944e+00,1.664969746358e+02,-5.687790740740e+01,-9.321191996699e+00,1.753462780005e+02,3.106989992968e-02,-1.284303275465e-02,8.849303364744e+00
"                 887",-5.655340777690e+01,-9.513783132138e+00,1.665484749266e+02,-5.652284587992e+01,-9.527093561844e+00,1.753991023745e+02,3.056189697518e-02,-1.331042970658e-02,8.850627447823e+00
"                 888",-5.587224250643e+01,-9.728776396644e+00,1.665825967927e+02,-5.584154890902e+01,-9.742540618315e+00,1.754354850607e+02,3.069359741440e-02,-1.376422167168e-02,8.852888268041e+00
"                 889",-5.537057697506e+01,-9.919372704449e+00,1.666149926448e+02,-5.534015049714e+01,-9.933484212820e+00,1.754705938709e+02,3.042647791384e-02,-1.411150837121e-02,8.855601226124e+00
"                 890",-5.526346426345e+01,-1.013283843228e+01,1.666491445858e+02,-5.523275874338e+01,-1.014746593036e+01,1.755081864873e+02,3.070552006828e-02,-1.462749807760e-02,8.859041901532e+00
"                 891",-5.540124002191e+01,-1.036430305674e+01,1.666953688826e+02,-5.537099867611e+01,-1.037951144741e+01,1.755586007677e+02,3.024134579898e-02,-1.520839066692e-02,8.863231885036e+00
"                 892",-5.550106185534e+01,-1.064842611491e+01,1.667592742802e+02,-5.547073113863e+01,-1.066442260269e+01,1.756272740820e+02,3.033071670945e-02,-1.599648778204e-02,8.867999801806e+00
"                 893",-5.537626219978e+01,-1.094977282447e+01,1.668164960315e+02,-5.534644581797e+01,-1.096629188179e+01,1.756896061638e+02,2.981638180513e-02,-1.651905731601e-02,8.873110132255e+00
"                 894",-5.508842572173e+01,-1.123615370162e+01,1.668573646324e+02,-5.505841792323e+01,-1.125318205352e+01,1.757356136957e+02,3.000779849671e-02,-1.702835190126e-02,8.878249063283e+00
"                 895",-5.458556102410e+01,-1.145855970395e+01,1.668668764840e+02,-5.455595596975e+01,-1.147583054055e+01,1.757501420571e+02,2.960505435649e-02,-1.727083660238e-02,8.883265573194e+00
"                 896",-5.417780615970e+01,-1.157667236179e+01,1.668674269397e+02,-5.414796611046e+01,-1.159416641232e+01,1.757554501817e+02,2.984004923766e-02,-1.749405052838e-02,8.888023241957e+00
"                 897",-5.408047780284e+01,-1.165276626262e+01,1.668879539632e+02,-5.405096049467e+01,-1.167034461104e+01,1.757802903111e+02,2.951730817698e-02,-1.757834842719e-02,8.892336347955e+00
"                 898",-5.412249224418e+01,-1.183232875118e+01,1.669301906570e+02,-5.409272482451e+01,-1.185001699002e+01,1.758270065027e+02,2.976741966219e-02,-1.768823883562e-02,8.896815845741e+00
"                 899",-5.407541729389e+01,-1.195837178522e+01,1.669794002292e+02,-5.404609991710e+01,-1.197619524320e+01,1.758809241153e+02,2.931737679163e-02,-1.782345798197e-02,8.901523886033e+00
"                 900",-5.393538004260e+01,-1.209043062054e+01,1.670143907308e+02,-5.390590567994e+01,-1.210842226601e+01,1.759209281088e+02,2.947436265361e-02,-1.799164546474e-02,8.906537378046e+00
"                 901",-5.376846411691e+01,-1.225068894938e+01,1.670483491214e+02,-5.373928738398e+01,-1.226902863493e+01,1.759599117755e+02,2.917673292651e-02,-1.833968555075e-02,8.911562654195e+00
"                 902",-5.367187837380e+01,-1.246709187053e+01,1.670754404998e+02,-5.364237356622e+01,-1.248589124133e+01,1.759921730883e+02,2.950480757985e-02,-1.879937080679e-02,8.916732588550e+00
"                 903",-5.361977985908e+01,-1.260019208401e+01,1.671204725511e+02,-5.359061295231e+01,-1.261959357063e+01,1.760423247069e+02,2.916690677208e-02,-1.940148662135e-02,8.921852155896e+00
"                 904",-5.350257329310e+01,-1.262953026134e+01,1.671833275460e+02,-5.347331751924e+01,-1.264941021625e+01,1.761104163473e+02,2.925577385826e-02,-1.987995490584e-02,8.927088801263e+00
"                 905",-5.326743829052e+01,-1.256830466036e+01,1.672609895634e+02,-5.323871743505e+01,-1.258863006270e+01,1.761939191822e+02,2.872085547436e-02,-2.032540233954e-02,8.932929618793e+00
"                 906",-5.293648655537e+01,-1.255937450936e+01,1.673202437197e+02,-5.290760660274e+01,-1.257996608814e+01,1.762589522775e+02,2.887995263853e-02,-2.059157878217e-02,8.938708557743e+00
"                 907",-5.273066543761e+01,-1.248978816498e+01,1.673606123196e+02,-5.270219427673e+01,-1.251064224981e+01,1.763051164077e+02,2.847116088349e-02,-2.085408483460e-02,8.944504088122e+00
"                 908",-5.279589990024e+01,-1.236109864853e+01,1.673847138750e+02,-5.276734879146e+01,-1.238201482597e+01,1.763348375059e+02,2.855110877743e-02,-2.091617744374e-02,8.950123630830e+00
"                 909",-5.301312954160e+01,-1.232335454364e+01,1.674103363597e+02,-5.298513464293e+01,-1.234429278141e+01,1.763655109533e+02,2.799489867339e-02,-2.093823777023e-02,8.955174593578e+00
"                 910",-5.303375056365e+01,-1.239226914598e+01,1.674405748314e+02,-5.300583639294e+01,-1.241308975868e+01,1.764002836848e+02,2.791417070963e-02,-2.082061270304e-02,8.959708853340e+00
"                 911",-5.281456697471e+01,-1.243154197336e+01,1.674901534501e+02,-5.278741212645e+01,-1.245220093037e+01,1.764540399300e+02,2.715484826110e-02,-2.065895700361e-02,8.963886479894e+00
"                 912",-5.267091192809e+01,-1.235185540739e+01,1.675378351975e+02,-5.264395599449e+01,-1.237215228981e+01,1.765056705155e+02,2.695593360104e-02,-2.029688242707e-02,8.967835317972e+00
"                 913",-5.259588700349e+01,-1.219756052305e+01,1.675901543894e+02,-5.256977721211e+01,-1.221748451176e+01,1.765616978234e+02,2.610979138097e-02,-1.992398871107e-02,8.971543433943e+00
"                 914",-5.262375982027e+01,-1.204283707834e+01,1.676367592344e+02,-5.259791916014e+01,-1.206223966013e+01,1.766117199014e+02,2.584066012766e-02,-1.940258179904e-02,8.974960666924e+00
"                 915",-5.267874032188e+01,-1.193778062695e+01,1.676863872732e+02,-5.265387765231e+01,-1.195677678803e+01,1.766642883576e+02,2.486266957079e-02,-1.899616108467e-02,8.977901084427e+00
"                 916",-5.280214121974e+01,-1.190920457344e+01,1.677263079833e+02,-5.277763928454e+01,-1.192774433224e+01,1.767069189867e+02,2.450193520829e-02,-1.853975880118e-02,8.980611003437e+00
"                 917",-5.296611730297e+01,-1.161051861071e+01,1.677648711884e+02,-5.294256534968e+01,-1.162863972030e+01,1.767476983293e+02,2.355195328720e-02,-1.812110958804e-02,8.982827140913e+00
"                 918",-5.310307248485e+01,-1.105071210751e+01,1.677996036054e+02,-5.307985165677e+01,-1.106829558578e+01,1.767844593444e+02,2.322082807773e-02,-1.758347827244e-02,8.984855739060e+00
"                 919",-5.313140692457e+01,-1.050265944701e+01,1.678343979112e+02,-5.310896118261e+01,-1.051952974735e+01,1.768210260633e+02,2.244574196083e-02,-1.687030033563e-02,8.986628152098e+00
"                 920",-5.312397674669e+01,-1.020041076261e+01,1.678794170399e+02,-5.310159482542e+01,-1.021643930171e+01,1.768677568870e+02,2.238192126592e-02,-1.602853910192e-02,8.988339847114e+00
"                 921",-5.318272492203e+01,-1.006924511139e+01,1.679441117123e+02,-5.316067778093e+01,-1.008442629186e+01,1.769340808348e+02,2.204714109993e-02,-1.518118047180e-02,8.989969122524e+00
"                 922",-5.339061307472e+01,-9.892521880106e+00,1.679878842334e+02,-5.336829676958e+01,-9.906986928516e+00,1.769800906279e+02,2.231630513514e-02,-1.446504840988e-02,8.992206394514e+00
"                 923",-5.357565676618e+01,-9.662422219025e+00,1.680031970393e+02,-5.355351728874e+01,-9.676205027067e+00,1.769977479678e+02,2.213947743533e-02,-1.378280804262e-02,8.994550928543e+00
"                 924",-5.371210725030e+01,-9.339528064226e+00,1.680023269267e+02,-5.368965565070e+01,-9.352820202182e+00,1.769992277448e+02,2.245159960551e-02,-1.329213795614e-02,8.996900818116e+00
"                 925",-5.373848936227e+01,-8.890070127689e+00,1.680307453174e+02,-5.371616444112e+01,-8.902959287162e+00,1.770298243683e+02,2.232492115194e-02,-1.288915947325e-02,8.999079050873e+00
"                 926",-5.379804069187e+01,-8.356341180235e+00,1.680721731731e+02,-5.377538009540e+01,-8.368936931504e+00,1.770736475340e+02,2.266059646872e-02,-1.259575126899e-02,9.001474360909e+00
"                 927",-5.389226882987e+01,-7.845704181352e+00,1.681152275510e+02,-5.386967229031e+01,-7.858043821152e+00,1.771191641655e+02,2.259653956026e-02,-1.233963980005e-02,9.003936614490e+00
"                 928",-5.398151836125e+01,-7.422715429733e+00,1.681493575266e+02,-5.395859120568e+01,-7.434912894015e+00,1.771559232910e+02,2.292715556956e-02,-1.219746428239e-02,9.006565764411e+00
"                 929",-5.401370851498e+01,-7.104519627908e+00,1.681780401990e+02,-5.399089122941e+01,-7.116701192982e+00,1.771873064976e+02,2.281728556307e-02,-1.218156507473e-02,9.009266298604e+00
"                 930",-5.412348631250e+01,-6.694421123333e+00,1.681876104665e+02,-5.410038566105e+01,-6.706783938196e+00,1.771997258513e+02,2.310065144837e-02,-1.236281486293e-02,9.012115384767e+00
"                 931",-5.427360622185e+01,-6.302158571641e+00,1.682002350762e+02,-5.425046795652e+01,-6.314846479135e+00,1.772145887176e+02,2.313826532269e-02,-1.268790749371e-02,9.014353641352e+00
"                 932",-5.438263141144e+01,-5.835186662484e+00,1.682256388810e+02,-5.435893746600e+01,-5.848220740859e+00,1.772418777002e+02,2.369394543584e-02,-1.303407837460e-02,9.016238819159e+00
"                 933",-5.454713869675e+01,-5.410439279772e+00,1.682491988685e+02,-5.452317089937e+01,-5.423876391087e+00,1.772667716138e+02,2.396779738197e-02,-1.343711131478e-02,9.017572745320e+00
"                 934",-5.485903312552e+01,-5.061602497259e+00,1.682529677055e+02,-5.483448319414e+01,-5.075319893418e+00,1.772719852837e+02,2.454993137906e-02,-1.371739615930e-02,9.019017578226e+00
"                 935",-5.507471692580e+01,-4.664869230321e+00,1.682513064131e+02,-5.505001248397e+01,-4.678859002295e+00,1.772710659686e+02,2.470444183142e-02,-1.398977197375e-02,9.019759555488e+00
"                 936",-5.526535268388e+01,-4.101043570096e+00,1.682430900860e+02,-5.524017549276e+01,-4.115219524252e+00,1.772635673751e+02,2.517719111174e-02,-1.417595415644e-02,9.020477289025e+00
"                 937",-5.518106544264e+01,-3.511767949444e+00,1.682363581116e+02,-5.515583705179e+01,-3.525977342863e+00,1.772567373971e+02,2.522839084934e-02,-1.420939341958e-02,9.020379285468e+00
"                 938",-5.519504448734e+01,-3.104970521365e+00,1.682289935264e+02,-5.516945640331e+01,-3.119060057154e+00,1.772491144033e+02,2.558808402796e-02,-1.408953578921e-02,9.020120876928e+00
"                 939",-5.542647323106e+01,-2.737552134175e+00,1.682236447087e+02,-5.540093265431e+01,-2.751377166462e+00,1.772426640166e+02,2.554057674476e-02,-1.382503228704e-02,9.019019307936e+00
"                 940",-5.566031940380e+01,-2.286931546437e+00,1.682081009350e+02,-5.563442345769e+01,-2.300440245696e+00,1.772260621146e+02,2.589594611197e-02,-1.350869925882e-02,9.017961179579e+00
"                 941",-5.577187882504e+01,-1.808742534889e+00,1.681677549955e+02,-5.574598645941e+01,-1.821690392322e+00,1.771841165462e+02,2.589236562963e-02,-1.294785743287e-02,9.016361550701e+00
"                 942",-5.581957552697e+01,-1.343788306604e+00,1.681190762448e+02,-5.579315194143e+01,-1.355995891792e+00,1.771337286358e+02,2.642358553362e-02,-1.220758518813e-02,9.014652391035e+00
"                 943",-5.578259206364e+01,-8.212349229713e-01,1.681011571423e+02,-5.575602429043e+01,-8.324134187938e-01,1.771132721301e+02,2.656777321318e-02,-1.117849582250e-02,9.012114987784e+00
"                 944",-5.577340890699e+01,-2.128614794179e-01,1.680925813555e+02,-5.574627868659e+01,-2.227477415962e-01,1.771021865425e+02,2.713022039558e-02,-9.886262178313e-03,9.009605186991e+00
"                 945",-5.590113908477e+01,2.658810959873e-01,1.680873676589e+02,-5.587395787939e+01,2.575205306811e-01,1.770942075378e+02,2.718120538077e-02,-8.360565306182e-03,9.006839878860e+00
"                 946",-5.606409666850e+01,5.375401686812e-01,1.680533262610e+02,-5.603649849567e+01,5.306273126581e-01,1.770575989205e+02,2.759817283324e-02,-6.912856023032e-03,9.004272659484e+00
"                 947",-5.613519229257e+01,8.519595094020e-01,1.680113813170e+02,-5.610765829990e+01,8.465454731443e-01,1.770122972248e+02,2.753399266651e-02,-5.414036257685e-03,9.000915907781e+00
"                 948",-5.611141476216e+01,1.128220678992e+00,1.679674949926e+02,-5.608353901913e+01,1.124172036853e+00,1.769650286054e+02,2.787574302598e-02,-4.048642139086e-03,8.997533612872e+00
"                 949",-5.604796463078e+01,1.542157712483e+00,1.679354718417e+02,-5.602022872674e+01,1.539484310745e+00,1.769293520270e+02,2.773590404165e-02,-2.673401738010e-03,8.993880185325e+00
"                 950",-5.601776671799e+01,1.934635519655e+00,1.679032714008e+02,-5.598984366736e+01,1.933279782413e+00,1.768937897847e+02,2.792305062434e-02,-1.355737242125e-03,8.990518383846e+00
"                 951",-5.592749717142e+01,2.298572681395e+00,1.678756769046e+02,-5.589977767230e+01,2.298536879042e+00,1.768626812177e+02,2.771949912891e-02,-3.580235373828e-05,8.987004313075e+00
"                 952",-5.589498610731e+01,2.614581973246e+00,1.678461943206e+02,-5.586718388463e+01,2.615574290103e+00,1.768296552983e+02,2.780222267379e-02,9.923168572806e-04,8.983460977720e+00
"                 953",-5.582771557662e+01,2.969139900413e+00,1.678176135700e+02,-5.580024305492e+01,2.970963564298e+00,1.767974222848e+02,2.747252169450e-02,1.823663884704e-03,8.979808714784e+00
"                 954",-5.590173934156e+01,3.408036527888e+00,1.677769513349e+02,-5.587421337020e+01,3.410424960868e+00,1.767534054062e+02,2.752597136510e-02,2.388432980499e-03,8.976454071309e+00
"                 955",-5.592831419838e+01,3.966169539077e+00,1.677387424905e+02,-5.590093085475e+01,3.969095158281e+00,1.767118045003e+02,2.738334362590e-02,2.925619204907e-03,8.973062009882e+00
"                 956",-5.596013052667e+01,4.495044660864e+00,1.676915120786e+02,-5.593264848095e+01,4.498295569923e+00,1.766617325986e+02,2.748204572501e-02,3.250909059252e-03,8.970220520019e+00
"                 957",-5.569475901239e+01,4.840999935624e+00,1.676501949669e+02,-5.566759399297e+01,4.844668093950e+00,1.766176250960e+02,2.716501942244e-02,3.668158326750e-03,8.967430129063e+00
"                 958",-5.546915119110e+01,5.042086576950e+00,1.676005888878e+02,-5.544194645718e+01,5.046048414640e+00,1.765659551018e+02,2.720473392574e-02,3.961837690750e-03,8.965366214006e+00
"                 959",-5.539178010160e+01,5.140915832011e+00,1.675603171312e+02,-5.536489129453e+01,5.145273669393e+00,1.765235941193e+02,2.688880706624e-02,4.357837381861e-03,8.963276988144e+00
"                 960",-5.542361179117e+01,5.165543253362e+00,1.675233744330e+02,-5.539680812244e+01,5.170047208893e+00,1.764852442077e+02,2.680366872544e-02,4.503955531198e-03,8.961869774685e+00
"                 961",-5.545612528849e+01,5.254482939882e+00,1.674870458233e+02,-5.542983105105e+01,5.259032314388e+00,1.764475672426e+02,2.629423744052e-02,4.549374506012e-03,8.960521419279e+00
"                 962",-5.554133400065e+01,5.407792709896e+00,1.674366300502e+02,-5.551514618164e+01,5.411996378016e+00,1.763962222460e+02,2.618781900731e-02,4.203668120099e-03,8.959592195740e+00
"                 963",-5.561163113517e+01,5.519836814701e+00,1.673852500490e+02,-5.558598670299e+01,5.523699181151e+00,1.763434305444e+02,2.564443218524e-02,3.862366450297e-03,8.958180495376e+00
"                 964",-5.575641904607e+01,5.586170542462e+00,1.673392004879e+02,-5.573112388650e+01,5.589495973880e+00,1.762962991455e+02,2.529515956901e-02,3.325431418596e-03,8.957098657656e+00
"                 965",-5.591700042436e+01,5.761385855640e+00,1.673047041707e+02,-5.589253775911e+01,5.764313502416e+00,1.762605037764e+02,2.446266524489e-02,2.927646776127e-03,8.955799605736e+00
"                 966",-5.610065312644e+01,6.035530080797e+00,1.672838387503e+02,-5.607661808033e+01,6.037981744582e+00,1.762386435499e+02,2.403504610859e-02,2.451663785039e-03,8.954804799625e+00
"                 967",-5.619117831632e+01,6.331019541054e+00,1.672864493140e+02,-5.616790208817e+01,6.332929615506e+00,1.762401793439e+02,2.327622814903e-02,1.910074451849e-03,8.953730029900e+00
"                 968",-5.616161356205e+01,6.642802684635e+00,1.673080883822e+02,-5.613862598368e+01,6.643928181850e+00,1.762613443973e+02,2.298757836192e-02,1.125497215347e-03,8.953256015095e+00
"                 969",-5.601443638579e+01,6.821683124005e+00,1.673392975279e+02,-5.599195731125e+01,6.821967009747e+00,1.762922850423e+02,2.247907453600e-02,2.838857426595e-04,8.952987514421e+00
"                 970",-5.602042480790e+01,7.026055174027e+00,1.673509313281e+02,-5.599790537760e+01,7.025370640651e+00,1.763039322329e+02,2.251943030737e-02,-6.845333765035e-04,8.953000904825e+00
"                 971",-5.614450667188e+01,7.306663889998e+00,1.673372875899e+02,-5.612225881671e+01,7.305022722183e+00,1.762898343567e+02,2.224785516774e-02,-1.641167814553e-03,8.952546766830e+00
"                 972",-5.624367785292e+01,7.687246516257e+00,1.673030374469e+02,-5.622133582147e+01,7.684550095597e+00,1.762550485694e+02,2.234203144862e-02,-2.696420659660e-03,8.952011122545e+00
"                 973",-5.617908110402e+01,7.947894754625e+00,1.672720750509e+02,-5.615711001426e+01,7.944069081403e+00,1.762229670051e+02,2.197108975578e-02,-3.825673221886e-03,8.950891954158e+00
"                 974",-5.614530827816e+01,8.026484194426e+00,1.672496847666e+02,-5.612319785006e+01,8.021473431048e+00,1.761993952122e+02,2.211042809579e-02,-5.010763377992e-03,8.949710445537e+00
"                 975",-5.613923746331e+01,8.028825044659e+00,1.672387899588e+02,-5.611731765370e+01,8.022597295109e+00,1.761872273326e+02,2.191980960209e-02,-6.227749550692e-03,8.948437373822e+00
"                 976",-5.622490222377e+01,8.045466880229e+00,1.672296410945e+02,-5.620266789027e+01,8.037898001314e+00,1.761769360917e+02,2.223433350555e-02,-7.568878914995e-03,8.947294997195e+00
"                 977",-5.624515739565e+01,8.130969216953e+00,1.672244780525e+02,-5.622305300000e+01,8.122128911957e+00,1.761703031449e+02,2.210439565456e-02,-8.840304996256e-03,8.945825092332e+00
"                 978",-5.623016801342e+01,8.272765744751e+00,1.672240816632e+02,-5.620777701505e+01,8.262808904740e+00,1.761684651195e+02,2.239099837261e-02,-9.956840010318e-03,8.944383456356e+00
"                 979",-5.617993174502e+01,8.506109770622e+00,1.672293067567e+02,-5.615773481134e+01,8.495281938171e+00,1.761717322663e+02,2.219693367261e-02,-1.082783245111e-02,8.942425509523e+00
"                 980",-5.613460521451e+01,8.695338555072e+00,1.672214436539e+02,-5.611218433371e+01,8.684032363532e+00,1.761620569226e+02,2.242088079344e-02,-1.130619153954e-02,8.940613268646e+00
"                 981",-5.608099754980e+01,8.990320763591e+00,1.671959269830e+02,-5.605880243536e+01,8.978927261737e+00,1.761339597372e+02,2.219511443186e-02,-1.139350185350e-02,8.938032754136e+00
"                 982",-5.601458085064e+01,9.322633865092e+00,1.671831463808e+02,-5.599217777464e+01,9.311570439217e+00,1.761186969306e+02,2.240307599790e-02,-1.106342587478e-02,8.935550549785e+00
"                 983",-5.599546936501e+01,9.582720186172e+00,1.672040520064e+02,-5.597333745897e+01,9.572300468146e+00,1.761366995330e+02,2.213190603374e-02,-1.041971802652e-02,8.932647526506e+00
"                 984",-5.606551756692e+01,9.918145500220e+00,1.672369087282e+02,-5.604320727571e+01,9.908549148130e+00,1.761671714146e+02,2.231029121783e-02,-9.596352089961e-03,8.930262686362e+00
"                 985",-5.608360953480e+01,1.025696513365e+01,1.672567836854e+02,-5.606155968440e+01,1.024838138666e+01,1.761844109196e+02,2.204985039716e-02,-8.583746989159e-03,8.927627234218e+00
"                 986",-5.604102834594e+01,1.068850590074e+01,1.672812776486e+02,-5.601871801394e+01,1.068103216602e+01,1.762067196260e+02,2.231033200022e-02,-7.473734722157e-03,8.925441977378e+00
"                 987",-5.599666098275e+01,1.102295342147e+01,1.673077687940e+02,-5.597465789768e+01,1.101661328132e+01,1.762310172939e+02,2.200308506959e-02,-6.340140150888e-03,8.923248499833e+00
"                 988",-5.609557447795e+01,1.132390730257e+01,1.673396902798e+02,-5.607342843809e+01,1.131875155939e+01,1.762612250277e+02,2.214603986318e-02,-5.155743176312e-03,8.921534747831e+00
"                 989",-5.633321638179e+01,1.161876109577e+01,1.673756267875e+02,-5.631148459391e+01,1.161481086400e+01,1.762952608476e+02,2.173178788072e-02,-3.950231776638e-03,8.919634060109e+00
"                 990",-5.658132856322e+01,1.181869328458e+01,1.674118193909e+02,-5.655953867586e+01,1.181609520857e+01,1.763300995717e+02,2.178988735647e-02,-2.598076008697e-03,8.918280180809e+00
"                 991",-5.658817068025e+01,1.202258912308e+01,1.674491744273e+02,-5.656674696724e+01,1.202135462806e+01,1.763659765905e+02,2.142371301751e-02,-1.234495017149e-03,8.916802163187e+00
"                 992",-5.653762597583e+01,1.215941836378e+01,1.674974917293e+02,-5.651594039129e+01,1.215960286520e+01,1.764132785289e+02,2.168558453501e-02,1.845014147103e-04,8.915786799672e+00
"                 993",-5.641551226882e+01,1.213110804981e+01,1.675562898902e+02,-5.639400284804e+01,1.213261931169e+01,1.764711038687e+02,2.150942077694e-02,1.511261888988e-03,8.914813978483e+00
"                 994",-5.633890819354e+01,1.208297389315e+01,1.676094236410e+02,-5.631701994738e+01,1.208574289962e+01,1.765239013453e+02,2.188824615739e-02,2.769006466028e-03,8.914477704222e+00
"                 995",-5.629720005653e+01,1.211228594088e+01,1.676638027967e+02,-5.627538366350e+01,1.211618961556e+01,1.765782608481e+02,2.181639302786e-02,3.903674679468e-03,8.914458051424e+00
"                 996",-5.641608229034e+01,1.225110693884e+01,1.677177245493e+02,-5.639402975479e+01,1.225612631966e+01,1.766327977321e+02,2.205253555720e-02,5.019380814294e-03,8.915073182747e+00
"                 997",-5.645496982397e+01,1.227595204235e+01,1.677798771415e+02,-5.643309625705e+01,1.228184779790e+01,1.766954671365e+02,2.187356692538e-02,5.895755547700e-03,8.915589994940e+00
"                 998",-5.638234682247e+01,1.227388065447e+01,1.678377302207e+02,-5.636031728724e+01,1.228048848751e+01,1.767543736127e+02,2.202953523058e-02,6.607833035940e-03,8.916643392031e+00
"                 999",-5.631715798222e+01,1.232990957482e+01,1.679025077433e+02,-5.629534178000e+01,1.233698306520e+01,1.768203023238e+02,2.181620222331e-02,7.073490384819e-03,8.917794580430e+00
"                1000",-5.633301639975e+01,1.233766634483e+01,1.679733910220e+02,-5.631108833743e+01,1.234503326763e+01,1.768929511942e+02,2.192806231923e-02,7.366922803093e-03,8.919560172222e+00
